﻿<?xml version="1.0" encoding="UTF-8"?>
<scene>
	<diretoria dir="C:\Users\migue\OneDrive\Trabalho CG\Fase II\sistemaSolar\Ficheiros\" />
	<group>
			<!-- SOL -->
			<translate X=0 Y=0 Z=0 />
			<cor R=1.0 G=0.647 B=0 />
			<scale X=23 Y=23 Z=23 />
			<rotate angle=0 axisX=0 axisY=0 axisZ=0 />
			<models>
				<model file="esfera.3d" />
			</models>
			<!-- Mercurio -->
			<group>
				<translate X=1.3 Y=0 Z=0 />
				<cor R=0.933 G=0.910 B=0.667 />
				<orbita X=0 Y=1 Z=0 F=12 />
				<scale X=0.02 Y=0.02 Z=0.02 />
				<rotate angle=0 axisX=0 axisY=0 axisZ=0 />
				<models>
					<model file="esfera.3d" />
				</models>
			</group>
			<!-- Venus -->
			<group>
				<translate X=1.4 Y=0 Z=0 />
				<cor R=0.941 G=0.973 B=1 />
				<orbita X=0 Y=1 Z=0 F=8 />
				<scale X=0.04 Y=0.04 Z=0.04 />
				<rotate angle=0 axisX=0 axisY=0 axisZ=0 />
				<models>
					<model file="esfera.3d" />
				</models>
			</group>
			<!-- Terra -->
			<group>
				<translate X=1.6 Y=0 Z=0 />
				<cor R=0.0 G=0.0 B=1 />
				<orbita X=0 Y=1 Z=0 F=1 />
				<scale X=0.055 Y=0.055 Z=0.055 />
				<rotate angle=0 axisX=0 axisY=0 axisZ=0 />
				<models>
					<model file="esfera.3d" />
				</models>
				<!-- Lua -->
				<group>
					<translate X=0.7 Y=0.7 Z=0.7 />
					<orbita X=0 Y=1 Z=0 F=1 />
					<cor R=0.412 G=0.412 B=0.412 />
					<scale X=0.35 Y=0.35 Z=0.35 />
					<rotate angle=0 axisX=0 axisY=0 axisZ=0 />
					<models>
						<model file="esfera.3d" />
					</models>
				</group>
			</group>
			<!-- OVNI -->
			<group>
				<translate X=2 Y=0.5 Z=1 />
				<cor R=0.902 G=0.902 B=0.980 />
				<orbita X=0 Y=1 Z=0 F=1 />
				<scale X=0.2 Y=0.06 Z=0.2 />
				<rotate angle=0 axisX=0 axisY=0 axisZ=0 />
				<models>
					<model file="esfera.3d" />
				</models>
				<group>
					<translate X=0 Y=0.15 Z=0 />
					<cor R=0.686 G=0.933 B=0.933 />
					<scale X=0.4 Y=1.8 Z=0.4 />
					<orbita X=0 Y=1 Z=0 F=1 />
					<rotate angle=0 axisX=0 axisY=0 axisZ=0 />
					<models>
						<model file="esfera.3d" />
					</models>
					<group>
						<translate X=0 Y=-0.7 Z=0 />
						<cor R=1.0 G=1 B=0 />
						<scale X=0.3 Y=0.1 Z=0.3 />
						<orbita X=0 Y=1 Z=0 F=1 />
						<rotate angle=0 axisX=0 axisY=0 axisZ=0 />
						<models>
							<model file="cone.3d" />
						</models>
					</group>
				</group>
			</group>
			<!-- Marte -->
			<group>
					<translate X=2 Y=0 Z=0 />
					<cor R=0.698 G=0.133 B=0.133 />
					<orbita X=0 Y=1 Z=0 F=0.9 />
					<scale X=0.08 Y=0.08 Z=0.08 />
					<rotate angle=0 axisX=0 axisY=0 axisZ=0 />
					<models>
						<model file="esfera.3d" />
					</models>
			</group>
			<!-- Jupiter -->
			<group>
				<translate X=3 Y=0 Z=0 />
				<cor R=0.545 G=0.271 B=0.075 />
				<scale X=0.3 Y=0.3 Z=0.3 />
				<orbita X=0 Y=1 Z=0 F=0.6 />
				<rotate angle=0 axisX=0 axisY=0 axisZ=0 />
				<models>
					<model file="esfera.3d" />
				</models>
				<!-- Lua Júpiter -->
				<group>
					<translate X=0 Y=0.7 Z=0.5 />
					<cor R=0.859 G=0.439 B=0.576 />
					<scale X=0.3 Y=0.3 Z=0.3 />
					<orbita X=0 Y=1 Z=0 F=0.6/>
					<rotate angle=0 axisX=0 axisY=0 axisZ=0 />
					<models>
						<model file="esfera.3d" />
					</models>
				</group>
			</group>
			<!-- Saturno -->
			<group>
					<translate X=4.5 Y=0 Z=0 />
					<cor R=0.855 G=0.647 B=0.125 />
					<scale X=0.2 Y=0.2 Z=0.2 />
					<orbita X=0 Y=1 Z=0 F=0.4 />
					<rotate angle=0 axisX=0 axisY=0 axisZ=0 />
					<models>
						<model file="esfera.3d" />
					</models>
			</group>
			<!-- Urano -->
			<group>
					<translate X=6 Y=0 Z=0 />
					<cor R=0.502 G=0.502 B=0 />
					<scale X=0.16 Y=0.16 Z=0.16 />
					<orbita X=0 Y=1 Z=0 F=0.35 />
					<rotate angle=0 axisX=0 axisY=0 axisZ=0 />
					<models>
						<model file="esfera.3d" />
					</models>
			</group>
			<!-- Neptuno -->
			<group>
					<translate X=7 Y=0 Z=0 />
					<cor R=0 G=1 B=1 />
					<scale X=0.1 Y=0.1 Z=0.1 />
					<orbita X=0 Y=1 Z=0 F=0.25 />
					<rotate angle=0 axisX=0 axisY=0 axisZ=0 />
					<models>
						<model file="esfera.3d" />
					</models>
			</group>
		</group>
</scene>