{
    "customers": {
        "c0": {
            "x": 37,
            "y": 52,
            "demand": 7
        },
        "c1": {
            "x": 9,
            "y": 49,
            "demand": 30
        },
        "c2": {
            "x": 2,
            "y": 64,
            "demand": 16
        },
        "c3": {
            "x": 0,
            "y": 26,
            "demand": 9
        },
        "c4": {
            "x": 0,
            "y": 30,
            "demand": 21
        },
        "c5": {
            "x": 1,
            "y": 47,
            "demand": 15
        },
        "c6": {
            "x": 7,
            "y": 63,
            "demand": 19
        },
        "c7": {
            "x": 1,
            "y": 62,
            "demand": 23
        },
        "c8": {
            "x": 2,
            "y": 33,
            "demand": 11
        },
        "c9": {
            "x": 51,
            "y": 21,
            "demand": 5
        },
        "c10": {
            "x": 42,
            "y": 41,
            "demand": 19
        },
        "c11": {
            "x": 31,
            "y": 32,
            "demand": 29
        },
        "c12": {
            "x": 5,
            "y": 25,
            "demand": 23
        },
        "c13": {
            "x": 12,
            "y": 42,
            "demand": 21
        },
        "c14": {
            "x": 36,
            "y": 16,
            "demand": 10
        },
        "c15": {
            "x": 52,
            "y": 41,
            "demand": 15
        },
        "c16": {
            "x": 27,
            "y": 23,
            "demand": 3
        },
        "c17": {
            "x": 17,
            "y": 33,
            "demand": 41
        },
        "c18": {
            "x": 13,
            "y": 13,
            "demand": 9
        },
        "c19": {
            "x": 57,
            "y": 58,
            "demand": 28
        },
        "c20": {
            "x": 62,
            "y": 42,
            "demand": 8
        },
        "c21": {
            "x": 42,
            "y": 57,
            "demand": 8
        },
        "c22": {
            "x": 16,
            "y": 57,
            "demand": 16
        },
        "c23": {
            "x": 8,
            "y": 52,
            "demand": 10
        },
        "c24": {
            "x": 7,
            "y": 38,
            "demand": 28
        },
        "c25": {
            "x": 27,
            "y": 68,
            "demand": 7
        },
        "c26": {
            "x": 30,
            "y": 48,
            "demand": 15
        },
        "c27": {
            "x": 43,
            "y": 67,
            "demand": 14
        },
        "c28": {
            "x": 58,
            "y": 48,
            "demand": 6
        },
        "c29": {
            "x": 58,
            "y": 27,
            "demand": 19
        },
        "c30": {
            "x": 37,
            "y": 69,
            "demand": 11
        },
        "c31": {
            "x": 38,
            "y": 46,
            "demand": 12
        },
        "c32": {
            "x": 46,
            "y": 10,
            "demand": 23
        },
        "c33": {
            "x": 61,
            "y": 33,
            "demand": 26
        },
        "c34": {
            "x": 62,
            "y": 63,
            "demand": 17
        },
        "c35": {
            "x": 63,
            "y": 69,
            "demand": 6
        },
        "c36": {
            "x": 32,
            "y": 22,
            "demand": 9
        },
        "c37": {
            "x": 45,
            "y": 35,
            "demand": 15
        },
        "c38": {
            "x": 59,
            "y": 15,
            "demand": 14
        },
        "c39": {
            "x": 5,
            "y": 6,
            "demand": 7
        },
        "c40": {
            "x": 10,
            "y": 17,
            "demand": 27
        },
        "c41": {
            "x": 21,
            "y": 10,
            "demand": 13
        },
        "c42": {
            "x": 5,
            "y": 64,
            "demand": 11
        },
        "c43": {
            "x": 30,
            "y": 15,
            "demand": 16
        },
        "c44": {
            "x": 39,
            "y": 10,
            "demand": 10
        },
        "c45": {
            "x": 32,
            "y": 39,
            "demand": 5
        },
        "c46": {
            "x": 25,
            "y": 32,
            "demand": 25
        },
        "c47": {
            "x": 25,
            "y": 55,
            "demand": 17
        },
        "c48": {
            "x": 48,
            "y": 28,
            "demand": 18
        },
        "c49": {
            "x": 56,
            "y": 37,
            "demand": 10
        }
    },
    "depots": {
        "d0": {
            "x": 10,
            "y": 49,
            "capacity": 40
        },
        "d1": {
            "x": 20,
            "y": 30,
            "capacity": 40
        },
        "d2": {
            "x": 5,
            "y": 25,
            "capacity": 40
        },
        "d3": {
            "x": 54,
            "y": 17,
            "capacity": 40
        },
        "d4": {
            "x": 43,
            "y": 53,
            "capacity": 40
        }
    },
    "meta_data": {
        "nb_customers": 50,
        "nb_depots": 5,
        "vehicle_cap": 160,
        "vehicle_cost": 0,
        "cost_type": 1
    }
}