{
    "customers": {
        "c0": {
            "x": 12,
            "y": 21,
            "demand": 11.0
        },
        "c1": {
            "x": 1,
            "y": 2,
            "demand": 15.0
        },
        "c2": {
            "x": 11,
            "y": 28,
            "demand": 11.0
        },
        "c3": {
            "x": 2,
            "y": 10,
            "demand": 14.0
        },
        "c4": {
            "x": 14,
            "y": 5,
            "demand": 17.0
        },
        "c5": {
            "x": 10,
            "y": 12,
            "demand": 13.0
        },
        "c6": {
            "x": 23,
            "y": 24,
            "demand": 14.0
        },
        "c7": {
            "x": 24,
            "y": 11,
            "demand": 15.0
        },
        "c8": {
            "x": 8,
            "y": 30,
            "demand": 13.0
        },
        "c9": {
            "x": 11,
            "y": 27,
            "demand": 17.0
        },
        "c10": {
            "x": 29,
            "y": 42,
            "demand": 16.0
        },
        "c11": {
            "x": 26,
            "y": 47,
            "demand": 18.0
        },
        "c12": {
            "x": 30,
            "y": 36,
            "demand": 12.0
        },
        "c13": {
            "x": 37,
            "y": 28,
            "demand": 19.0
        },
        "c14": {
            "x": 31,
            "y": 27,
            "demand": 18.0
        },
        "c15": {
            "x": 42,
            "y": 35,
            "demand": 15.0
        },
        "c16": {
            "x": 42,
            "y": 47,
            "demand": 16.0
        },
        "c17": {
            "x": 41,
            "y": 23,
            "demand": 14.0
        },
        "c18": {
            "x": 36,
            "y": 45,
            "demand": 20.0
        },
        "c19": {
            "x": 43,
            "y": 34,
            "demand": 14.0
        }
    },
    "depots": {
        "d0": {
            "x": 6,
            "y": 11,
            "capacity": 150.0,
            "opening_cost": 13551.0
        },
        "d1": {
            "x": 10,
            "y": 43,
            "capacity": 150.0,
            "opening_cost": 5843.0
        },
        "d2": {
            "x": 1,
            "y": 33,
            "capacity": 300.0,
            "opening_cost": 9037.0
        },
        "d3": {
            "x": 14,
            "y": 23,
            "capacity": 300.0,
            "opening_cost": 8068.0
        },
        "d4": {
            "x": 27,
            "y": 48,
            "capacity": 150.0,
            "opening_cost": 13671.0
        }
    },
    "meta_data": {
        "nb_customers": 20,
        "nb_depots": 5,
        "vehicle_cap": 150.0,
        "vehicle_cost": 1000,
        "cost_type": 0.0
    }
}