{
    "customers": {
        "c0": {
            "x": 20,
            "y": 35,
            "demand": 17.0
        },
        "c1": {
            "x": 8,
            "y": 31,
            "demand": 18.0
        },
        "c2": {
            "x": 29,
            "y": 43,
            "demand": 13.0
        },
        "c3": {
            "x": 18,
            "y": 39,
            "demand": 19.0
        },
        "c4": {
            "x": 19,
            "y": 47,
            "demand": 12.0
        },
        "c5": {
            "x": 31,
            "y": 24,
            "demand": 18.0
        },
        "c6": {
            "x": 38,
            "y": 50,
            "demand": 13.0
        },
        "c7": {
            "x": 33,
            "y": 21,
            "demand": 13.0
        },
        "c8": {
            "x": 2,
            "y": 27,
            "demand": 17.0
        },
        "c9": {
            "x": 1,
            "y": 12,
            "demand": 20.0
        },
        "c10": {
            "x": 26,
            "y": 20,
            "demand": 16.0
        },
        "c11": {
            "x": 20,
            "y": 33,
            "demand": 18.0
        },
        "c12": {
            "x": 15,
            "y": 46,
            "demand": 15.0
        },
        "c13": {
            "x": 20,
            "y": 26,
            "demand": 11.0
        },
        "c14": {
            "x": 17,
            "y": 19,
            "demand": 18.0
        },
        "c15": {
            "x": 15,
            "y": 12,
            "demand": 16.0
        },
        "c16": {
            "x": 5,
            "y": 30,
            "demand": 15.0
        },
        "c17": {
            "x": 13,
            "y": 40,
            "demand": 15.0
        },
        "c18": {
            "x": 38,
            "y": 5,
            "demand": 15.0
        },
        "c19": {
            "x": 9,
            "y": 40,
            "demand": 16.0
        }
    },
    "depots": {
        "d0": {
            "x": 6,
            "y": 7,
            "capacity": 140.0,
            "opening_cost": 10841.0
        },
        "d1": {
            "x": 19,
            "y": 44,
            "capacity": 140.0,
            "opening_cost": 11961.0
        },
        "d2": {
            "x": 37,
            "y": 23,
            "capacity": 140.0,
            "opening_cost": 6091.0
        },
        "d3": {
            "x": 35,
            "y": 6,
            "capacity": 140.0,
            "opening_cost": 7570.0
        },
        "d4": {
            "x": 5,
            "y": 8,
            "capacity": 140.0,
            "opening_cost": 7497.0
        }
    },
    "meta_data": {
        "nb_customers": 20,
        "nb_depots": 5,
        "vehicle_cap": 70.0,
        "vehicle_cost": 1000,
        "cost_type": 0.0
    }
}