{
    "customers": {
        "c0": {
            "x": 12,
            "y": 38,
            "demand": 14.0
        },
        "c1": {
            "x": 32,
            "y": 17,
            "demand": 19.0
        },
        "c2": {
            "x": 29,
            "y": 12,
            "demand": 16.0
        },
        "c3": {
            "x": 25,
            "y": 20,
            "demand": 18.0
        },
        "c4": {
            "x": 2,
            "y": 30,
            "demand": 16.0
        },
        "c5": {
            "x": 31,
            "y": 46,
            "demand": 14.0
        },
        "c6": {
            "x": 5,
            "y": 13,
            "demand": 18.0
        },
        "c7": {
            "x": 13,
            "y": 36,
            "demand": 12.0
        },
        "c8": {
            "x": 38,
            "y": 6,
            "demand": 14.0
        },
        "c9": {
            "x": 29,
            "y": 11,
            "demand": 20.0
        },
        "c10": {
            "x": 38,
            "y": 47,
            "demand": 19.0
        },
        "c11": {
            "x": 9,
            "y": 47,
            "demand": 20.0
        },
        "c12": {
            "x": 11,
            "y": 18,
            "demand": 19.0
        },
        "c13": {
            "x": 17,
            "y": 31,
            "demand": 18.0
        },
        "c14": {
            "x": 19,
            "y": 6,
            "demand": 19.0
        },
        "c15": {
            "x": 12,
            "y": 7,
            "demand": 18.0
        },
        "c16": {
            "x": 5,
            "y": 14,
            "demand": 20.0
        },
        "c17": {
            "x": 40,
            "y": 36,
            "demand": 20.0
        },
        "c18": {
            "x": 9,
            "y": 45,
            "demand": 19.0
        },
        "c19": {
            "x": 24,
            "y": 43,
            "demand": 15.0
        },
        "c20": {
            "x": 48,
            "y": 45,
            "demand": 19.0
        },
        "c21": {
            "x": 50,
            "y": 13,
            "demand": 18.0
        },
        "c22": {
            "x": 8,
            "y": 43,
            "demand": 12.0
        },
        "c23": {
            "x": 42,
            "y": 23,
            "demand": 19.0
        },
        "c24": {
            "x": 43,
            "y": 14,
            "demand": 20.0
        },
        "c25": {
            "x": 43,
            "y": 6,
            "demand": 19.0
        },
        "c26": {
            "x": 49,
            "y": 4,
            "demand": 11.0
        },
        "c27": {
            "x": 35,
            "y": 41,
            "demand": 16.0
        },
        "c28": {
            "x": 31,
            "y": 42,
            "demand": 20.0
        },
        "c29": {
            "x": 19,
            "y": 24,
            "demand": 17.0
        },
        "c30": {
            "x": 26,
            "y": 29,
            "demand": 15.0
        },
        "c31": {
            "x": 43,
            "y": 47,
            "demand": 19.0
        },
        "c32": {
            "x": 37,
            "y": 36,
            "demand": 19.0
        },
        "c33": {
            "x": 30,
            "y": 3,
            "demand": 11.0
        },
        "c34": {
            "x": 8,
            "y": 34,
            "demand": 20.0
        },
        "c35": {
            "x": 18,
            "y": 40,
            "demand": 12.0
        },
        "c36": {
            "x": 40,
            "y": 10,
            "demand": 14.0
        },
        "c37": {
            "x": 4,
            "y": 27,
            "demand": 19.0
        },
        "c38": {
            "x": 24,
            "y": 26,
            "demand": 12.0
        },
        "c39": {
            "x": 41,
            "y": 17,
            "demand": 20.0
        },
        "c40": {
            "x": 36,
            "y": 22,
            "demand": 12.0
        },
        "c41": {
            "x": 6,
            "y": 6,
            "demand": 20.0
        },
        "c42": {
            "x": 39,
            "y": 40,
            "demand": 15.0
        },
        "c43": {
            "x": 18,
            "y": 29,
            "demand": 16.0
        },
        "c44": {
            "x": 20,
            "y": 3,
            "demand": 13.0
        },
        "c45": {
            "x": 27,
            "y": 3,
            "demand": 15.0
        },
        "c46": {
            "x": 8,
            "y": 26,
            "demand": 18.0
        },
        "c47": {
            "x": 13,
            "y": 37,
            "demand": 19.0
        },
        "c48": {
            "x": 9,
            "y": 6,
            "demand": 12.0
        },
        "c49": {
            "x": 3,
            "y": 28,
            "demand": 19.0
        },
        "c50": {
            "x": 5,
            "y": 50,
            "demand": 18.0
        },
        "c51": {
            "x": 5,
            "y": 28,
            "demand": 20.0
        },
        "c52": {
            "x": 40,
            "y": 5,
            "demand": 13.0
        },
        "c53": {
            "x": 16,
            "y": 28,
            "demand": 17.0
        },
        "c54": {
            "x": 46,
            "y": 41,
            "demand": 17.0
        },
        "c55": {
            "x": 36,
            "y": 46,
            "demand": 11.0
        },
        "c56": {
            "x": 50,
            "y": 47,
            "demand": 16.0
        },
        "c57": {
            "x": 29,
            "y": 41,
            "demand": 16.0
        },
        "c58": {
            "x": 31,
            "y": 2,
            "demand": 17.0
        },
        "c59": {
            "x": 30,
            "y": 11,
            "demand": 16.0
        },
        "c60": {
            "x": 44,
            "y": 17,
            "demand": 18.0
        },
        "c61": {
            "x": 1,
            "y": 3,
            "demand": 16.0
        },
        "c62": {
            "x": 25,
            "y": 26,
            "demand": 18.0
        },
        "c63": {
            "x": 49,
            "y": 11,
            "demand": 19.0
        },
        "c64": {
            "x": 34,
            "y": 6,
            "demand": 18.0
        },
        "c65": {
            "x": 30,
            "y": 12,
            "demand": 17.0
        },
        "c66": {
            "x": 15,
            "y": 17,
            "demand": 16.0
        },
        "c67": {
            "x": 30,
            "y": 40,
            "demand": 13.0
        },
        "c68": {
            "x": 16,
            "y": 35,
            "demand": 16.0
        },
        "c69": {
            "x": 31,
            "y": 42,
            "demand": 15.0
        },
        "c70": {
            "x": 4,
            "y": 17,
            "demand": 11.0
        },
        "c71": {
            "x": 3,
            "y": 50,
            "demand": 15.0
        },
        "c72": {
            "x": 25,
            "y": 33,
            "demand": 13.0
        },
        "c73": {
            "x": 43,
            "y": 30,
            "demand": 16.0
        },
        "c74": {
            "x": 30,
            "y": 38,
            "demand": 18.0
        },
        "c75": {
            "x": 37,
            "y": 49,
            "demand": 15.0
        },
        "c76": {
            "x": 26,
            "y": 30,
            "demand": 11.0
        },
        "c77": {
            "x": 21,
            "y": 47,
            "demand": 14.0
        },
        "c78": {
            "x": 22,
            "y": 8,
            "demand": 12.0
        },
        "c79": {
            "x": 22,
            "y": 17,
            "demand": 16.0
        },
        "c80": {
            "x": 29,
            "y": 43,
            "demand": 17.0
        },
        "c81": {
            "x": 3,
            "y": 42,
            "demand": 17.0
        },
        "c82": {
            "x": 33,
            "y": 8,
            "demand": 12.0
        },
        "c83": {
            "x": 31,
            "y": 20,
            "demand": 14.0
        },
        "c84": {
            "x": 44,
            "y": 32,
            "demand": 14.0
        },
        "c85": {
            "x": 14,
            "y": 39,
            "demand": 15.0
        },
        "c86": {
            "x": 6,
            "y": 35,
            "demand": 19.0
        },
        "c87": {
            "x": 9,
            "y": 34,
            "demand": 16.0
        },
        "c88": {
            "x": 7,
            "y": 1,
            "demand": 19.0
        },
        "c89": {
            "x": 49,
            "y": 32,
            "demand": 12.0
        },
        "c90": {
            "x": 22,
            "y": 1,
            "demand": 16.0
        },
        "c91": {
            "x": 50,
            "y": 21,
            "demand": 11.0
        },
        "c92": {
            "x": 45,
            "y": 11,
            "demand": 11.0
        },
        "c93": {
            "x": 36,
            "y": 45,
            "demand": 14.0
        },
        "c94": {
            "x": 25,
            "y": 4,
            "demand": 17.0
        },
        "c95": {
            "x": 50,
            "y": 18,
            "demand": 15.0
        },
        "c96": {
            "x": 21,
            "y": 50,
            "demand": 17.0
        },
        "c97": {
            "x": 32,
            "y": 49,
            "demand": 20.0
        },
        "c98": {
            "x": 38,
            "y": 1,
            "demand": 15.0
        },
        "c99": {
            "x": 43,
            "y": 28,
            "demand": 12.0
        }
    },
    "depots": {
        "d0": {
            "x": 2,
            "y": 10,
            "capacity": 490.0,
            "opening_cost": 55929.0
        },
        "d1": {
            "x": 18,
            "y": 44,
            "capacity": 420.0,
            "opening_cost": 53094.0
        },
        "d2": {
            "x": 49,
            "y": 8,
            "capacity": 420.0,
            "opening_cost": 53842.0
        },
        "d3": {
            "x": 24,
            "y": 29,
            "capacity": 490.0,
            "opening_cost": 47865.0
        },
        "d4": {
            "x": 18,
            "y": 24,
            "capacity": 560.0,
            "opening_cost": 47995.0
        },
        "d5": {
            "x": 14,
            "y": 12,
            "capacity": 490.0,
            "opening_cost": 57991.0
        },
        "d6": {
            "x": 4,
            "y": 39,
            "capacity": 490.0,
            "opening_cost": 55903.0
        },
        "d7": {
            "x": 32,
            "y": 30,
            "capacity": 490.0,
            "opening_cost": 51308.0
        },
        "d8": {
            "x": 7,
            "y": 29,
            "capacity": 420.0,
            "opening_cost": 49140.0
        },
        "d9": {
            "x": 40,
            "y": 48,
            "capacity": 560.0,
            "opening_cost": 59082.0
        }
    },
    "meta_data": {
        "nb_customers": 100,
        "nb_depots": 10,
        "vehicle_cap": 70.0,
        "vehicle_cost": 1000,
        "cost_type": 0.0
    }
}