{
    "customers": {
        "c0": {
            "x": 14,
            "y": 14,
            "demand": 14.0
        },
        "c1": {
            "x": 20,
            "y": 18,
            "demand": 19.0
        },
        "c2": {
            "x": 26,
            "y": 1,
            "demand": 18.0
        },
        "c3": {
            "x": 17,
            "y": 4,
            "demand": 17.0
        },
        "c4": {
            "x": 13,
            "y": 3,
            "demand": 13.0
        },
        "c5": {
            "x": 12,
            "y": 4,
            "demand": 17.0
        },
        "c6": {
            "x": 4,
            "y": 10,
            "demand": 16.0
        },
        "c7": {
            "x": 21,
            "y": 21,
            "demand": 16.0
        },
        "c8": {
            "x": 1,
            "y": 19,
            "demand": 12.0
        },
        "c9": {
            "x": 2,
            "y": 22,
            "demand": 18.0
        },
        "c10": {
            "x": 6,
            "y": 5,
            "demand": 14.0
        },
        "c11": {
            "x": 7,
            "y": 11,
            "demand": 18.0
        },
        "c12": {
            "x": 6,
            "y": 12,
            "demand": 16.0
        },
        "c13": {
            "x": 11,
            "y": 25,
            "demand": 16.0
        },
        "c14": {
            "x": 18,
            "y": 16,
            "demand": 15.0
        },
        "c15": {
            "x": 14,
            "y": 19,
            "demand": 15.0
        },
        "c16": {
            "x": 17,
            "y": 22,
            "demand": 19.0
        },
        "c17": {
            "x": 16,
            "y": 11,
            "demand": 15.0
        },
        "c18": {
            "x": 11,
            "y": 20,
            "demand": 16.0
        },
        "c19": {
            "x": 13,
            "y": 24,
            "demand": 15.0
        },
        "c20": {
            "x": 12,
            "y": 1,
            "demand": 16.0
        },
        "c21": {
            "x": 10,
            "y": 7,
            "demand": 11.0
        },
        "c22": {
            "x": 12,
            "y": 5,
            "demand": 11.0
        },
        "c23": {
            "x": 8,
            "y": 20,
            "demand": 17.0
        },
        "c24": {
            "x": 4,
            "y": 4,
            "demand": 16.0
        },
        "c25": {
            "x": 45,
            "y": 25,
            "demand": 20.0
        },
        "c26": {
            "x": 46,
            "y": 25,
            "demand": 17.0
        },
        "c27": {
            "x": 27,
            "y": 45,
            "demand": 18.0
        },
        "c28": {
            "x": 49,
            "y": 35,
            "demand": 20.0
        },
        "c29": {
            "x": 39,
            "y": 48,
            "demand": 11.0
        },
        "c30": {
            "x": 34,
            "y": 45,
            "demand": 19.0
        },
        "c31": {
            "x": 30,
            "y": 47,
            "demand": 20.0
        },
        "c32": {
            "x": 46,
            "y": 45,
            "demand": 13.0
        },
        "c33": {
            "x": 29,
            "y": 29,
            "demand": 13.0
        },
        "c34": {
            "x": 50,
            "y": 26,
            "demand": 11.0
        },
        "c35": {
            "x": 49,
            "y": 29,
            "demand": 17.0
        },
        "c36": {
            "x": 25,
            "y": 40,
            "demand": 17.0
        },
        "c37": {
            "x": 40,
            "y": 44,
            "demand": 13.0
        },
        "c38": {
            "x": 39,
            "y": 30,
            "demand": 16.0
        },
        "c39": {
            "x": 27,
            "y": 33,
            "demand": 13.0
        },
        "c40": {
            "x": 37,
            "y": 26,
            "demand": 13.0
        },
        "c41": {
            "x": 35,
            "y": 48,
            "demand": 18.0
        },
        "c42": {
            "x": 42,
            "y": 35,
            "demand": 14.0
        },
        "c43": {
            "x": 25,
            "y": 40,
            "demand": 18.0
        },
        "c44": {
            "x": 39,
            "y": 41,
            "demand": 16.0
        },
        "c45": {
            "x": 48,
            "y": 41,
            "demand": 12.0
        },
        "c46": {
            "x": 41,
            "y": 26,
            "demand": 12.0
        },
        "c47": {
            "x": 35,
            "y": 27,
            "demand": 14.0
        },
        "c48": {
            "x": 41,
            "y": 31,
            "demand": 14.0
        },
        "c49": {
            "x": 37,
            "y": 31,
            "demand": 16.0
        }
    },
    "depots": {
        "d0": {
            "x": 42,
            "y": 4,
            "capacity": 350.0,
            "opening_cost": 12318.0
        },
        "d1": {
            "x": 47,
            "y": 20,
            "capacity": 350.0,
            "opening_cost": 11308.0
        },
        "d2": {
            "x": 47,
            "y": 49,
            "capacity": 350.0,
            "opening_cost": 8938.0
        },
        "d3": {
            "x": 7,
            "y": 18,
            "capacity": 350.0,
            "opening_cost": 14703.0
        },
        "d4": {
            "x": 19,
            "y": 18,
            "capacity": 350.0,
            "opening_cost": 9073.0
        }
    },
    "meta_data": {
        "nb_customers": 50,
        "nb_depots": 5,
        "vehicle_cap": 70.0,
        "vehicle_cost": 1000,
        "cost_type": 0.0
    }
}