{
    "customers": {
        "c0": {
            "x": 28,
            "y": 23,
            "demand": 19.0
        },
        "c1": {
            "x": 33,
            "y": 5,
            "demand": 17.0
        },
        "c2": {
            "x": 45,
            "y": 13,
            "demand": 19.0
        },
        "c3": {
            "x": 14,
            "y": 3,
            "demand": 18.0
        },
        "c4": {
            "x": 50,
            "y": 32,
            "demand": 14.0
        },
        "c5": {
            "x": 17,
            "y": 45,
            "demand": 19.0
        },
        "c6": {
            "x": 1,
            "y": 22,
            "demand": 20.0
        },
        "c7": {
            "x": 39,
            "y": 36,
            "demand": 13.0
        },
        "c8": {
            "x": 8,
            "y": 8,
            "demand": 11.0
        },
        "c9": {
            "x": 17,
            "y": 9,
            "demand": 16.0
        },
        "c10": {
            "x": 21,
            "y": 18,
            "demand": 17.0
        },
        "c11": {
            "x": 22,
            "y": 16,
            "demand": 16.0
        },
        "c12": {
            "x": 17,
            "y": 39,
            "demand": 11.0
        },
        "c13": {
            "x": 42,
            "y": 6,
            "demand": 14.0
        },
        "c14": {
            "x": 21,
            "y": 5,
            "demand": 13.0
        },
        "c15": {
            "x": 38,
            "y": 2,
            "demand": 12.0
        },
        "c16": {
            "x": 39,
            "y": 17,
            "demand": 16.0
        },
        "c17": {
            "x": 21,
            "y": 38,
            "demand": 12.0
        },
        "c18": {
            "x": 31,
            "y": 6,
            "demand": 13.0
        },
        "c19": {
            "x": 40,
            "y": 33,
            "demand": 20.0
        },
        "c20": {
            "x": 26,
            "y": 26,
            "demand": 16.0
        },
        "c21": {
            "x": 40,
            "y": 48,
            "demand": 16.0
        },
        "c22": {
            "x": 33,
            "y": 42,
            "demand": 16.0
        },
        "c23": {
            "x": 14,
            "y": 50,
            "demand": 13.0
        },
        "c24": {
            "x": 11,
            "y": 10,
            "demand": 20.0
        },
        "c25": {
            "x": 24,
            "y": 5,
            "demand": 16.0
        },
        "c26": {
            "x": 7,
            "y": 44,
            "demand": 11.0
        },
        "c27": {
            "x": 49,
            "y": 42,
            "demand": 16.0
        },
        "c28": {
            "x": 8,
            "y": 31,
            "demand": 12.0
        },
        "c29": {
            "x": 40,
            "y": 24,
            "demand": 14.0
        },
        "c30": {
            "x": 35,
            "y": 44,
            "demand": 13.0
        },
        "c31": {
            "x": 7,
            "y": 30,
            "demand": 17.0
        },
        "c32": {
            "x": 16,
            "y": 48,
            "demand": 19.0
        },
        "c33": {
            "x": 40,
            "y": 10,
            "demand": 11.0
        },
        "c34": {
            "x": 10,
            "y": 3,
            "demand": 11.0
        },
        "c35": {
            "x": 7,
            "y": 31,
            "demand": 19.0
        },
        "c36": {
            "x": 33,
            "y": 29,
            "demand": 11.0
        },
        "c37": {
            "x": 25,
            "y": 34,
            "demand": 15.0
        },
        "c38": {
            "x": 49,
            "y": 9,
            "demand": 14.0
        },
        "c39": {
            "x": 5,
            "y": 48,
            "demand": 14.0
        },
        "c40": {
            "x": 23,
            "y": 3,
            "demand": 18.0
        },
        "c41": {
            "x": 3,
            "y": 49,
            "demand": 12.0
        },
        "c42": {
            "x": 15,
            "y": 18,
            "demand": 16.0
        },
        "c43": {
            "x": 38,
            "y": 50,
            "demand": 17.0
        },
        "c44": {
            "x": 42,
            "y": 31,
            "demand": 11.0
        },
        "c45": {
            "x": 12,
            "y": 23,
            "demand": 18.0
        },
        "c46": {
            "x": 47,
            "y": 22,
            "demand": 14.0
        },
        "c47": {
            "x": 24,
            "y": 24,
            "demand": 16.0
        },
        "c48": {
            "x": 14,
            "y": 17,
            "demand": 15.0
        },
        "c49": {
            "x": 44,
            "y": 20,
            "demand": 15.0
        }
    },
    "depots": {
        "d0": {
            "x": 42,
            "y": 6,
            "capacity": 420.0,
            "opening_cost": 10356.0
        },
        "d1": {
            "x": 2,
            "y": 39,
            "capacity": 420.0,
            "opening_cost": 9744.0
        },
        "d2": {
            "x": 5,
            "y": 45,
            "capacity": 350.0,
            "opening_cost": 5029.0
        },
        "d3": {
            "x": 14,
            "y": 8,
            "capacity": 350.0,
            "opening_cost": 10057.0
        },
        "d4": {
            "x": 43,
            "y": 3,
            "capacity": 350.0,
            "opening_cost": 13647.0
        }
    },
    "meta_data": {
        "nb_customers": 50,
        "nb_depots": 5,
        "vehicle_cap": 150.0,
        "vehicle_cost": 1000,
        "cost_type": 0.0
    }
}