{
    "customers": {
        "c0": {
            "x": 22,
            "y": 35,
            "demand": 14.0
        },
        "c1": {
            "x": 37,
            "y": 29,
            "demand": 17.0
        },
        "c2": {
            "x": 8,
            "y": 32,
            "demand": 16.0
        },
        "c3": {
            "x": 40,
            "y": 14,
            "demand": 17.0
        },
        "c4": {
            "x": 47,
            "y": 10,
            "demand": 17.0
        },
        "c5": {
            "x": 42,
            "y": 35,
            "demand": 12.0
        },
        "c6": {
            "x": 5,
            "y": 14,
            "demand": 20.0
        },
        "c7": {
            "x": 4,
            "y": 36,
            "demand": 15.0
        },
        "c8": {
            "x": 42,
            "y": 25,
            "demand": 15.0
        },
        "c9": {
            "x": 29,
            "y": 13,
            "demand": 12.0
        },
        "c10": {
            "x": 40,
            "y": 12,
            "demand": 13.0
        },
        "c11": {
            "x": 50,
            "y": 19,
            "demand": 15.0
        },
        "c12": {
            "x": 49,
            "y": 12,
            "demand": 11.0
        },
        "c13": {
            "x": 45,
            "y": 9,
            "demand": 18.0
        },
        "c14": {
            "x": 11,
            "y": 8,
            "demand": 13.0
        },
        "c15": {
            "x": 25,
            "y": 5,
            "demand": 13.0
        },
        "c16": {
            "x": 17,
            "y": 28,
            "demand": 19.0
        },
        "c17": {
            "x": 33,
            "y": 35,
            "demand": 18.0
        },
        "c18": {
            "x": 2,
            "y": 41,
            "demand": 19.0
        },
        "c19": {
            "x": 7,
            "y": 15,
            "demand": 14.0
        }
    },
    "depots": {
        "d0": {
            "x": 6,
            "y": 25,
            "capacity": 300.0,
            "opening_cost": 12286.0
        },
        "d1": {
            "x": 1,
            "y": 50,
            "capacity": 300.0,
            "opening_cost": 12031.0
        },
        "d2": {
            "x": 11,
            "y": 25,
            "capacity": 300.0,
            "opening_cost": 6995.0
        },
        "d3": {
            "x": 47,
            "y": 42,
            "capacity": 300.0,
            "opening_cost": 8502.0
        },
        "d4": {
            "x": 3,
            "y": 33,
            "capacity": 300.0,
            "opening_cost": 12790.0
        }
    },
    "meta_data": {
        "nb_customers": 20,
        "nb_depots": 5,
        "vehicle_cap": 150.0,
        "vehicle_cost": 1000,
        "cost_type": 0.0
    }
}