{
    "customers": {
        "c0": {
            "x": 9,
            "y": 22,
            "demand": 20.0
        },
        "c1": {
            "x": 22,
            "y": 5,
            "demand": 11.0
        },
        "c2": {
            "x": 8,
            "y": 17,
            "demand": 18.0
        },
        "c3": {
            "x": 2,
            "y": 22,
            "demand": 13.0
        },
        "c4": {
            "x": 20,
            "y": 29,
            "demand": 12.0
        },
        "c5": {
            "x": 2,
            "y": 24,
            "demand": 17.0
        },
        "c6": {
            "x": 25,
            "y": 15,
            "demand": 19.0
        },
        "c7": {
            "x": 20,
            "y": 24,
            "demand": 13.0
        },
        "c8": {
            "x": 15,
            "y": 2,
            "demand": 18.0
        },
        "c9": {
            "x": 4,
            "y": 18,
            "demand": 14.0
        },
        "c10": {
            "x": 29,
            "y": 47,
            "demand": 12.0
        },
        "c11": {
            "x": 34,
            "y": 25,
            "demand": 15.0
        },
        "c12": {
            "x": 27,
            "y": 39,
            "demand": 15.0
        },
        "c13": {
            "x": 46,
            "y": 33,
            "demand": 20.0
        },
        "c14": {
            "x": 33,
            "y": 29,
            "demand": 13.0
        },
        "c15": {
            "x": 28,
            "y": 46,
            "demand": 14.0
        },
        "c16": {
            "x": 44,
            "y": 28,
            "demand": 17.0
        },
        "c17": {
            "x": 33,
            "y": 32,
            "demand": 19.0
        },
        "c18": {
            "x": 35,
            "y": 23,
            "demand": 14.0
        },
        "c19": {
            "x": 40,
            "y": 39,
            "demand": 16.0
        }
    },
    "depots": {
        "d0": {
            "x": 6,
            "y": 21,
            "capacity": 70.0,
            "opening_cost": 9576.0
        },
        "d1": {
            "x": 10,
            "y": 1,
            "capacity": 140.0,
            "opening_cost": 8149.0
        },
        "d2": {
            "x": 47,
            "y": 15,
            "capacity": 70.0,
            "opening_cost": 14050.0
        },
        "d3": {
            "x": 18,
            "y": 25,
            "capacity": 140.0,
            "opening_cost": 8004.0
        },
        "d4": {
            "x": 31,
            "y": 42,
            "capacity": 140.0,
            "opening_cost": 6616.0
        }
    },
    "meta_data": {
        "nb_customers": 20,
        "nb_depots": 5,
        "vehicle_cap": 70.0,
        "vehicle_cost": 1000,
        "cost_type": 0.0
    }
}