{
    "customers": {
        "c0": {
            "x": 12,
            "y": 2,
            "demand": 16.0
        },
        "c1": {
            "x": 14,
            "y": 14,
            "demand": 12.0
        },
        "c2": {
            "x": 13,
            "y": 6,
            "demand": 20.0
        },
        "c3": {
            "x": 12,
            "y": 13,
            "demand": 16.0
        },
        "c4": {
            "x": 12,
            "y": 14,
            "demand": 12.0
        },
        "c5": {
            "x": 10,
            "y": 11,
            "demand": 11.0
        },
        "c6": {
            "x": 12,
            "y": 4,
            "demand": 16.0
        },
        "c7": {
            "x": 3,
            "y": 8,
            "demand": 12.0
        },
        "c8": {
            "x": 1,
            "y": 14,
            "demand": 13.0
        },
        "c9": {
            "x": 3,
            "y": 12,
            "demand": 19.0
        },
        "c10": {
            "x": 8,
            "y": 14,
            "demand": 12.0
        },
        "c11": {
            "x": 5,
            "y": 6,
            "demand": 16.0
        },
        "c12": {
            "x": 15,
            "y": 6,
            "demand": 19.0
        },
        "c13": {
            "x": 9,
            "y": 15,
            "demand": 20.0
        },
        "c14": {
            "x": 1,
            "y": 9,
            "demand": 11.0
        },
        "c15": {
            "x": 14,
            "y": 5,
            "demand": 13.0
        },
        "c16": {
            "x": 11,
            "y": 15,
            "demand": 19.0
        },
        "c17": {
            "x": 7,
            "y": 5,
            "demand": 15.0
        },
        "c18": {
            "x": 8,
            "y": 10,
            "demand": 19.0
        },
        "c19": {
            "x": 12,
            "y": 15,
            "demand": 14.0
        },
        "c20": {
            "x": 9,
            "y": 8,
            "demand": 17.0
        },
        "c21": {
            "x": 12,
            "y": 13,
            "demand": 13.0
        },
        "c22": {
            "x": 9,
            "y": 3,
            "demand": 19.0
        },
        "c23": {
            "x": 12,
            "y": 15,
            "demand": 16.0
        },
        "c24": {
            "x": 15,
            "y": 8,
            "demand": 16.0
        },
        "c25": {
            "x": 46,
            "y": 44,
            "demand": 16.0
        },
        "c26": {
            "x": 44,
            "y": 47,
            "demand": 11.0
        },
        "c27": {
            "x": 38,
            "y": 40,
            "demand": 17.0
        },
        "c28": {
            "x": 47,
            "y": 38,
            "demand": 14.0
        },
        "c29": {
            "x": 38,
            "y": 47,
            "demand": 13.0
        },
        "c30": {
            "x": 48,
            "y": 44,
            "demand": 14.0
        },
        "c31": {
            "x": 43,
            "y": 41,
            "demand": 17.0
        },
        "c32": {
            "x": 45,
            "y": 39,
            "demand": 14.0
        },
        "c33": {
            "x": 37,
            "y": 50,
            "demand": 20.0
        },
        "c34": {
            "x": 39,
            "y": 46,
            "demand": 13.0
        },
        "c35": {
            "x": 43,
            "y": 40,
            "demand": 15.0
        },
        "c36": {
            "x": 49,
            "y": 40,
            "demand": 14.0
        },
        "c37": {
            "x": 46,
            "y": 46,
            "demand": 19.0
        },
        "c38": {
            "x": 45,
            "y": 46,
            "demand": 20.0
        },
        "c39": {
            "x": 36,
            "y": 46,
            "demand": 19.0
        },
        "c40": {
            "x": 46,
            "y": 44,
            "demand": 16.0
        },
        "c41": {
            "x": 39,
            "y": 45,
            "demand": 18.0
        },
        "c42": {
            "x": 36,
            "y": 50,
            "demand": 15.0
        },
        "c43": {
            "x": 40,
            "y": 40,
            "demand": 13.0
        },
        "c44": {
            "x": 42,
            "y": 50,
            "demand": 13.0
        },
        "c45": {
            "x": 44,
            "y": 41,
            "demand": 11.0
        },
        "c46": {
            "x": 50,
            "y": 41,
            "demand": 19.0
        },
        "c47": {
            "x": 38,
            "y": 41,
            "demand": 17.0
        },
        "c48": {
            "x": 48,
            "y": 45,
            "demand": 20.0
        },
        "c49": {
            "x": 39,
            "y": 38,
            "demand": 19.0
        }
    },
    "depots": {
        "d0": {
            "x": 15,
            "y": 32,
            "capacity": 300.0,
            "opening_cost": 7541.0
        },
        "d1": {
            "x": 34,
            "y": 13,
            "capacity": 300.0,
            "opening_cost": 7062.0
        },
        "d2": {
            "x": 13,
            "y": 49,
            "capacity": 300.0,
            "opening_cost": 5973.0
        },
        "d3": {
            "x": 10,
            "y": 10,
            "capacity": 300.0,
            "opening_cost": 5985.0
        },
        "d4": {
            "x": 23,
            "y": 49,
            "capacity": 300.0,
            "opening_cost": 5716.0
        }
    },
    "meta_data": {
        "nb_customers": 50,
        "nb_depots": 5,
        "vehicle_cap": 150.0,
        "vehicle_cost": 1000,
        "cost_type": 0.0
    }
}