{
    "customers": {
        "c0": {
            "x": 18,
            "y": 4,
            "demand": 16.0
        },
        "c1": {
            "x": 49,
            "y": 45,
            "demand": 16.0
        },
        "c2": {
            "x": 14,
            "y": 4,
            "demand": 11.0
        },
        "c3": {
            "x": 25,
            "y": 17,
            "demand": 15.0
        },
        "c4": {
            "x": 10,
            "y": 1,
            "demand": 14.0
        },
        "c5": {
            "x": 10,
            "y": 28,
            "demand": 12.0
        },
        "c6": {
            "x": 50,
            "y": 12,
            "demand": 19.0
        },
        "c7": {
            "x": 46,
            "y": 49,
            "demand": 13.0
        },
        "c8": {
            "x": 42,
            "y": 16,
            "demand": 18.0
        },
        "c9": {
            "x": 39,
            "y": 50,
            "demand": 17.0
        },
        "c10": {
            "x": 11,
            "y": 23,
            "demand": 19.0
        },
        "c11": {
            "x": 50,
            "y": 12,
            "demand": 14.0
        },
        "c12": {
            "x": 32,
            "y": 12,
            "demand": 11.0
        },
        "c13": {
            "x": 43,
            "y": 50,
            "demand": 20.0
        },
        "c14": {
            "x": 10,
            "y": 8,
            "demand": 15.0
        },
        "c15": {
            "x": 49,
            "y": 37,
            "demand": 12.0
        },
        "c16": {
            "x": 23,
            "y": 8,
            "demand": 16.0
        },
        "c17": {
            "x": 18,
            "y": 28,
            "demand": 19.0
        },
        "c18": {
            "x": 35,
            "y": 42,
            "demand": 15.0
        },
        "c19": {
            "x": 6,
            "y": 39,
            "demand": 11.0
        },
        "c20": {
            "x": 5,
            "y": 12,
            "demand": 12.0
        },
        "c21": {
            "x": 50,
            "y": 48,
            "demand": 14.0
        },
        "c22": {
            "x": 39,
            "y": 36,
            "demand": 12.0
        },
        "c23": {
            "x": 22,
            "y": 3,
            "demand": 14.0
        },
        "c24": {
            "x": 20,
            "y": 14,
            "demand": 13.0
        },
        "c25": {
            "x": 41,
            "y": 47,
            "demand": 10.0
        },
        "c26": {
            "x": 8,
            "y": 36,
            "demand": 20.0
        },
        "c27": {
            "x": 3,
            "y": 23,
            "demand": 11.0
        },
        "c28": {
            "x": 44,
            "y": 24,
            "demand": 20.0
        },
        "c29": {
            "x": 26,
            "y": 4,
            "demand": 19.0
        },
        "c30": {
            "x": 9,
            "y": 20,
            "demand": 14.0
        },
        "c31": {
            "x": 18,
            "y": 41,
            "demand": 13.0
        },
        "c32": {
            "x": 5,
            "y": 34,
            "demand": 13.0
        },
        "c33": {
            "x": 12,
            "y": 13,
            "demand": 16.0
        },
        "c34": {
            "x": 25,
            "y": 3,
            "demand": 20.0
        },
        "c35": {
            "x": 28,
            "y": 3,
            "demand": 20.0
        },
        "c36": {
            "x": 28,
            "y": 22,
            "demand": 17.0
        },
        "c37": {
            "x": 2,
            "y": 10,
            "demand": 20.0
        },
        "c38": {
            "x": 18,
            "y": 1,
            "demand": 18.0
        },
        "c39": {
            "x": 50,
            "y": 17,
            "demand": 13.0
        },
        "c40": {
            "x": 16,
            "y": 17,
            "demand": 19.0
        },
        "c41": {
            "x": 48,
            "y": 8,
            "demand": 11.0
        },
        "c42": {
            "x": 17,
            "y": 47,
            "demand": 15.0
        },
        "c43": {
            "x": 4,
            "y": 12,
            "demand": 16.0
        },
        "c44": {
            "x": 7,
            "y": 21,
            "demand": 19.0
        },
        "c45": {
            "x": 43,
            "y": 43,
            "demand": 12.0
        },
        "c46": {
            "x": 50,
            "y": 16,
            "demand": 14.0
        },
        "c47": {
            "x": 40,
            "y": 11,
            "demand": 18.0
        },
        "c48": {
            "x": 16,
            "y": 37,
            "demand": 14.0
        },
        "c49": {
            "x": 30,
            "y": 16,
            "demand": 13.0
        },
        "c50": {
            "x": 49,
            "y": 7,
            "demand": 16.0
        },
        "c51": {
            "x": 46,
            "y": 6,
            "demand": 13.0
        },
        "c52": {
            "x": 8,
            "y": 3,
            "demand": 12.0
        },
        "c53": {
            "x": 8,
            "y": 2,
            "demand": 20.0
        },
        "c54": {
            "x": 32,
            "y": 28,
            "demand": 18.0
        },
        "c55": {
            "x": 35,
            "y": 39,
            "demand": 20.0
        },
        "c56": {
            "x": 48,
            "y": 31,
            "demand": 16.0
        },
        "c57": {
            "x": 8,
            "y": 6,
            "demand": 20.0
        },
        "c58": {
            "x": 32,
            "y": 39,
            "demand": 17.0
        },
        "c59": {
            "x": 18,
            "y": 45,
            "demand": 20.0
        },
        "c60": {
            "x": 41,
            "y": 2,
            "demand": 18.0
        },
        "c61": {
            "x": 7,
            "y": 36,
            "demand": 16.0
        },
        "c62": {
            "x": 36,
            "y": 6,
            "demand": 13.0
        },
        "c63": {
            "x": 5,
            "y": 40,
            "demand": 17.0
        },
        "c64": {
            "x": 42,
            "y": 23,
            "demand": 18.0
        },
        "c65": {
            "x": 15,
            "y": 16,
            "demand": 16.0
        },
        "c66": {
            "x": 27,
            "y": 49,
            "demand": 14.0
        },
        "c67": {
            "x": 38,
            "y": 28,
            "demand": 20.0
        },
        "c68": {
            "x": 7,
            "y": 32,
            "demand": 14.0
        },
        "c69": {
            "x": 4,
            "y": 26,
            "demand": 18.0
        },
        "c70": {
            "x": 39,
            "y": 11,
            "demand": 12.0
        },
        "c71": {
            "x": 4,
            "y": 5,
            "demand": 12.0
        },
        "c72": {
            "x": 20,
            "y": 13,
            "demand": 20.0
        },
        "c73": {
            "x": 12,
            "y": 29,
            "demand": 17.0
        },
        "c74": {
            "x": 3,
            "y": 21,
            "demand": 15.0
        },
        "c75": {
            "x": 33,
            "y": 23,
            "demand": 16.0
        },
        "c76": {
            "x": 1,
            "y": 19,
            "demand": 18.0
        },
        "c77": {
            "x": 28,
            "y": 17,
            "demand": 16.0
        },
        "c78": {
            "x": 26,
            "y": 22,
            "demand": 18.0
        },
        "c79": {
            "x": 23,
            "y": 9,
            "demand": 11.0
        },
        "c80": {
            "x": 2,
            "y": 50,
            "demand": 19.0
        },
        "c81": {
            "x": 7,
            "y": 8,
            "demand": 14.0
        },
        "c82": {
            "x": 42,
            "y": 1,
            "demand": 20.0
        },
        "c83": {
            "x": 49,
            "y": 44,
            "demand": 17.0
        },
        "c84": {
            "x": 22,
            "y": 35,
            "demand": 12.0
        },
        "c85": {
            "x": 23,
            "y": 49,
            "demand": 12.0
        },
        "c86": {
            "x": 1,
            "y": 22,
            "demand": 19.0
        },
        "c87": {
            "x": 50,
            "y": 41,
            "demand": 16.0
        },
        "c88": {
            "x": 15,
            "y": 21,
            "demand": 18.0
        },
        "c89": {
            "x": 48,
            "y": 27,
            "demand": 12.0
        },
        "c90": {
            "x": 42,
            "y": 27,
            "demand": 20.0
        },
        "c91": {
            "x": 4,
            "y": 38,
            "demand": 16.0
        },
        "c92": {
            "x": 24,
            "y": 24,
            "demand": 16.0
        },
        "c93": {
            "x": 10,
            "y": 36,
            "demand": 15.0
        },
        "c94": {
            "x": 37,
            "y": 26,
            "demand": 18.0
        },
        "c95": {
            "x": 24,
            "y": 38,
            "demand": 12.0
        },
        "c96": {
            "x": 46,
            "y": 27,
            "demand": 13.0
        },
        "c97": {
            "x": 40,
            "y": 50,
            "demand": 15.0
        },
        "c98": {
            "x": 30,
            "y": 11,
            "demand": 12.0
        },
        "c99": {
            "x": 46,
            "y": 14,
            "demand": 11.0
        },
        "c100": {
            "x": 29,
            "y": 40,
            "demand": 13.0
        },
        "c101": {
            "x": 42,
            "y": 1,
            "demand": 19.0
        },
        "c102": {
            "x": 39,
            "y": 12,
            "demand": 15.0
        },
        "c103": {
            "x": 41,
            "y": 13,
            "demand": 18.0
        },
        "c104": {
            "x": 50,
            "y": 16,
            "demand": 16.0
        },
        "c105": {
            "x": 47,
            "y": 15,
            "demand": 14.0
        },
        "c106": {
            "x": 13,
            "y": 19,
            "demand": 12.0
        },
        "c107": {
            "x": 9,
            "y": 22,
            "demand": 17.0
        },
        "c108": {
            "x": 28,
            "y": 21,
            "demand": 11.0
        },
        "c109": {
            "x": 5,
            "y": 5,
            "demand": 14.0
        },
        "c110": {
            "x": 45,
            "y": 5,
            "demand": 17.0
        },
        "c111": {
            "x": 10,
            "y": 38,
            "demand": 18.0
        },
        "c112": {
            "x": 8,
            "y": 14,
            "demand": 17.0
        },
        "c113": {
            "x": 46,
            "y": 14,
            "demand": 16.0
        },
        "c114": {
            "x": 37,
            "y": 4,
            "demand": 18.0
        },
        "c115": {
            "x": 18,
            "y": 39,
            "demand": 17.0
        },
        "c116": {
            "x": 39,
            "y": 27,
            "demand": 16.0
        },
        "c117": {
            "x": 33,
            "y": 27,
            "demand": 11.0
        },
        "c118": {
            "x": 34,
            "y": 5,
            "demand": 14.0
        },
        "c119": {
            "x": 12,
            "y": 24,
            "demand": 17.0
        },
        "c120": {
            "x": 27,
            "y": 8,
            "demand": 16.0
        },
        "c121": {
            "x": 38,
            "y": 24,
            "demand": 16.0
        },
        "c122": {
            "x": 42,
            "y": 36,
            "demand": 11.0
        },
        "c123": {
            "x": 46,
            "y": 45,
            "demand": 16.0
        },
        "c124": {
            "x": 16,
            "y": 16,
            "demand": 17.0
        },
        "c125": {
            "x": 6,
            "y": 50,
            "demand": 19.0
        },
        "c126": {
            "x": 32,
            "y": 22,
            "demand": 20.0
        },
        "c127": {
            "x": 2,
            "y": 6,
            "demand": 20.0
        },
        "c128": {
            "x": 5,
            "y": 25,
            "demand": 20.0
        },
        "c129": {
            "x": 49,
            "y": 37,
            "demand": 14.0
        },
        "c130": {
            "x": 18,
            "y": 33,
            "demand": 17.0
        },
        "c131": {
            "x": 21,
            "y": 9,
            "demand": 14.0
        },
        "c132": {
            "x": 48,
            "y": 29,
            "demand": 14.0
        },
        "c133": {
            "x": 14,
            "y": 35,
            "demand": 12.0
        },
        "c134": {
            "x": 20,
            "y": 3,
            "demand": 20.0
        },
        "c135": {
            "x": 19,
            "y": 18,
            "demand": 14.0
        },
        "c136": {
            "x": 28,
            "y": 12,
            "demand": 16.0
        },
        "c137": {
            "x": 43,
            "y": 45,
            "demand": 15.0
        },
        "c138": {
            "x": 11,
            "y": 43,
            "demand": 20.0
        },
        "c139": {
            "x": 32,
            "y": 16,
            "demand": 17.0
        },
        "c140": {
            "x": 22,
            "y": 17,
            "demand": 18.0
        },
        "c141": {
            "x": 6,
            "y": 11,
            "demand": 14.0
        },
        "c142": {
            "x": 39,
            "y": 17,
            "demand": 20.0
        },
        "c143": {
            "x": 42,
            "y": 30,
            "demand": 18.0
        },
        "c144": {
            "x": 36,
            "y": 22,
            "demand": 13.0
        },
        "c145": {
            "x": 20,
            "y": 19,
            "demand": 17.0
        },
        "c146": {
            "x": 33,
            "y": 25,
            "demand": 11.0
        },
        "c147": {
            "x": 34,
            "y": 2,
            "demand": 11.0
        },
        "c148": {
            "x": 29,
            "y": 27,
            "demand": 13.0
        },
        "c149": {
            "x": 49,
            "y": 48,
            "demand": 16.0
        },
        "c150": {
            "x": 44,
            "y": 35,
            "demand": 19.0
        },
        "c151": {
            "x": 41,
            "y": 26,
            "demand": 18.0
        },
        "c152": {
            "x": 20,
            "y": 41,
            "demand": 16.0
        },
        "c153": {
            "x": 31,
            "y": 37,
            "demand": 18.0
        },
        "c154": {
            "x": 11,
            "y": 31,
            "demand": 18.0
        },
        "c155": {
            "x": 6,
            "y": 33,
            "demand": 19.0
        },
        "c156": {
            "x": 16,
            "y": 31,
            "demand": 14.0
        },
        "c157": {
            "x": 39,
            "y": 44,
            "demand": 11.0
        },
        "c158": {
            "x": 14,
            "y": 9,
            "demand": 14.0
        },
        "c159": {
            "x": 40,
            "y": 37,
            "demand": 17.0
        },
        "c160": {
            "x": 34,
            "y": 22,
            "demand": 16.0
        },
        "c161": {
            "x": 26,
            "y": 23,
            "demand": 16.0
        },
        "c162": {
            "x": 2,
            "y": 35,
            "demand": 18.0
        },
        "c163": {
            "x": 5,
            "y": 36,
            "demand": 14.0
        },
        "c164": {
            "x": 45,
            "y": 7,
            "demand": 12.0
        },
        "c165": {
            "x": 47,
            "y": 3,
            "demand": 16.0
        },
        "c166": {
            "x": 7,
            "y": 6,
            "demand": 17.0
        },
        "c167": {
            "x": 22,
            "y": 20,
            "demand": 17.0
        },
        "c168": {
            "x": 50,
            "y": 13,
            "demand": 15.0
        },
        "c169": {
            "x": 15,
            "y": 21,
            "demand": 14.0
        },
        "c170": {
            "x": 40,
            "y": 18,
            "demand": 16.0
        },
        "c171": {
            "x": 25,
            "y": 33,
            "demand": 20.0
        },
        "c172": {
            "x": 48,
            "y": 20,
            "demand": 20.0
        },
        "c173": {
            "x": 36,
            "y": 17,
            "demand": 12.0
        },
        "c174": {
            "x": 15,
            "y": 39,
            "demand": 11.0
        },
        "c175": {
            "x": 31,
            "y": 43,
            "demand": 11.0
        },
        "c176": {
            "x": 14,
            "y": 41,
            "demand": 12.0
        },
        "c177": {
            "x": 26,
            "y": 30,
            "demand": 16.0
        },
        "c178": {
            "x": 2,
            "y": 44,
            "demand": 12.0
        },
        "c179": {
            "x": 2,
            "y": 19,
            "demand": 12.0
        },
        "c180": {
            "x": 35,
            "y": 5,
            "demand": 12.0
        },
        "c181": {
            "x": 11,
            "y": 50,
            "demand": 13.0
        },
        "c182": {
            "x": 20,
            "y": 47,
            "demand": 16.0
        },
        "c183": {
            "x": 32,
            "y": 11,
            "demand": 14.0
        },
        "c184": {
            "x": 2,
            "y": 44,
            "demand": 13.0
        },
        "c185": {
            "x": 6,
            "y": 33,
            "demand": 14.0
        },
        "c186": {
            "x": 4,
            "y": 48,
            "demand": 14.0
        },
        "c187": {
            "x": 19,
            "y": 43,
            "demand": 12.0
        },
        "c188": {
            "x": 50,
            "y": 46,
            "demand": 19.0
        },
        "c189": {
            "x": 26,
            "y": 14,
            "demand": 20.0
        },
        "c190": {
            "x": 4,
            "y": 28,
            "demand": 13.0
        },
        "c191": {
            "x": 16,
            "y": 3,
            "demand": 16.0
        },
        "c192": {
            "x": 24,
            "y": 49,
            "demand": 12.0
        },
        "c193": {
            "x": 29,
            "y": 31,
            "demand": 17.0
        },
        "c194": {
            "x": 17,
            "y": 11,
            "demand": 12.0
        },
        "c195": {
            "x": 14,
            "y": 44,
            "demand": 13.0
        },
        "c196": {
            "x": 25,
            "y": 8,
            "demand": 16.0
        },
        "c197": {
            "x": 40,
            "y": 4,
            "demand": 17.0
        },
        "c198": {
            "x": 1,
            "y": 18,
            "demand": 11.0
        },
        "c199": {
            "x": 7,
            "y": 47,
            "demand": 13.0
        }
    },
    "depots": {
        "d0": {
            "x": 9,
            "y": 36,
            "capacity": 1190.0,
            "opening_cost": 106139.0
        },
        "d1": {
            "x": 39,
            "y": 46,
            "capacity": 910.0,
            "opening_cost": 71504.0
        },
        "d2": {
            "x": 46,
            "y": 20,
            "capacity": 910.0,
            "opening_cost": 113683.0
        },
        "d3": {
            "x": 42,
            "y": 8,
            "capacity": 1050.0,
            "opening_cost": 88508.0
        },
        "d4": {
            "x": 41,
            "y": 3,
            "capacity": 980.0,
            "opening_cost": 81410.0
        },
        "d5": {
            "x": 47,
            "y": 6,
            "capacity": 1190.0,
            "opening_cost": 76197.0
        },
        "d6": {
            "x": 33,
            "y": 37,
            "capacity": 1120.0,
            "opening_cost": 124443.0
        },
        "d7": {
            "x": 25,
            "y": 24,
            "capacity": 1120.0,
            "opening_cost": 112616.0
        },
        "d8": {
            "x": 10,
            "y": 2,
            "capacity": 1190.0,
            "opening_cost": 107240.0
        },
        "d9": {
            "x": 12,
            "y": 46,
            "capacity": 1050.0,
            "opening_cost": 102347.0
        }
    },
    "meta_data": {
        "nb_customers": 200,
        "nb_depots": 10,
        "vehicle_cap": 150.0,
        "vehicle_cost": 1000,
        "cost_type": 0.0
    }
}