Performance.KDTMean;Performance.MAMean;Performance.MVMean;Performance.TBCMean;Performance.DDCMean;Performance.DMSMean;Performance.AEDMean;Performance.ADMSLMean;FatigueLevel;Performance.Task
0,001085818;0,359813981;0,013954781;0,099205047;0,164995317;-0,002664456;0,011993208;-0,12882355;0;0
-0,002458443;-0,00219322;-0,001537643;0,342945389;0,025696177;-0,031619258;-0,072262327;-0,078832313;0;0
0,000557542;-0,132571522;-0,041032573;0,018372659;0,71196028;-0,168074651;0,07750389;-0,31570127;0;-1
0,002186559;0,031077892;0,0359264;-0,100597523;-0,008544334;-0,004933608;-0,020878154;0;1;-1
0,000936438;-0,111209614;-0,003182119;0,021450955;0,034813808;-0,00743227;0,001159531;-0,139972912;0;0
1;-0,183942445;-0,158851839;0,022459353;0,048843424;-0,153514081;-0,012650164;-0,253346742;0;-1
0,020410239;-0,033252567;-0,000730914;-0,001698063;-0,042314195;0,000653842;0,034627598;0,036980921;0;0
0,001169396;0,078418418;0,003353499;0,005020835;-0,019841242;0,002786082;0,002596921;0,127037304;0;0
-0,000217165;-0,174387461;-0,025018839;0,004402405;-0,00668419;0,028754019;-0,020690669;0,240662134;0;0
0,01230328;0,058413053;0,044601974;0,009238167;0,381631445;0,067224063;-0,006605475;0,293082879;0;0
-0,016452771;-0,008627067;-0,013937097;0,01460457;0,036485837;-0,001712988;-0,006806952;0,067400587;1;-1
-0,0004933;0,023330336;0,035243134;-0,101998923;-0,003562998;-0,003606982;0,009471581;0,027656452;0;-1
0,092978519;0,288661804;0,206627916;0,140933185;-0,009678647;0,04124386;-0,011287777;0,809578761;0;0
-0,000640856;0,330128998;0,009248458;0,067302364;-0,046706545;0,019609485;0,035232866;0,279128743;0;1
0,006039585;-0,053395374;-0,042458039;0,034309111;-0,003295083;0,007529286;0,004571692;0,048407256;1;-1
0,076084921;-0,010412244;0,00327033;0,000842055;-0,001225181;-0,017134254;0,010854718;-0,127390026;0;0
-0,000202226;0,045152926;0,00104731;0,011367989;-0,046340516;-0,004222943;-0,022757522;-0,064433837;0;0
0,175984528;-0,005648886;-0,005042369;-0,079680373;0,026645655;-0,006853531;-0,024970261;-0,025956041;0;-1
-0,000846875;-0,212793685;-0,11437264;-0,017847939;-0,009678647;-0,026167799;-0,064480633;-0,196165303;0;0
-0,001415677;-0,020349032;-0,004898313;0,045471915;0,023578063;-0,015364561;0,039456936;-0,105107868;0;0
0,050784106;0,007113983;0,007537999;-0,002873544;-0,001631137;-0,023095169;0,010011979;-0,139459252;0;0
0,020806316;-0,000500908;-9,77891E-06;-0,016364159;-1,43533E-05;-0,015816665;-0,039663285;-0,002941358;0;1
-0,000330925;0,052205249;0,058021096;-0,081694699;0,00776611;-0,010530433;0,022886232;-0,011112783;1;-1
0,002384865;-0,072294023;-0,055326515;0,08864036;0,040389155;0,00489467;-0,015613993;0,009789358;0;-1
-0,006221844;0,002100913;0,006904103;-0,004301342;0,139052049;0,008452205;0,005496924;0,09976729;0;-1
0,000968846;0,037135449;0,048592672;-0,064033004;-0,054109249;-0,005066853;-0,002647724;-0,016323122;0;-1
0,010593886;0,108148776;0,004260525;-0,008484181;0,209371721;0,010681273;0,025301607;0,196479241;1;-1
0,022501492;0,056714689;0,076910211;-0,102443236;0,199151012;-0,008067539;-0,012714755;-0,027962553;1;-1
-0,001236795;-0,041107349;-0,002360468;0,003347835;0,245363644;-0,006024007;0,002917068;0,074325526;0;-1
0,01945242;-0,011305224;0,018449286;0,015269838;0,130422757;0,010507856;-0,029188278;0,055467737;1;-1
-0,002105526;0,000557961;0,000471639;-0,013402075;0,149903833;-0,013312824;-0,004961786;-0,01704996;0;1
0,047676553;0,024172002;0,029414558;-0,012069624;-0,006088872;-0,020399094;0,000110241;-0,020500689;0;-1
-0,000102952;-0,011858448;-0,005758163;0,010402158;0,230062877;0,002330083;-0,00908827;0,040760977;0;0
-0,003808545;0,002051725;0,001291567;0,000749358;-0,034358011;0,014525357;-0,003686852;0,034906063;0;1
-0,000153373;0,206441299;0,064861781;0,020530395;-0,009678647;0,136883005;0,016482017;0,637543352;0;0
-0,001006657;0,004040797;-0,019040563;0,246900489;0,001099274;-0,014309391;-0,00361771;-0,069042804;0;0
0,004472071;-0,11845644;-0,109380645;0,12348258;0,160526202;-0,013780833;-0,01636367;-0,040848022;0;-1
-0,007553314;-0,04472015;-0,10395045;0,013248573;0,486289983;0,009120878;0,011079569;0,191444193;1;-1
0,086403463;0,009921873;0,004329836;-0,036647078;0,150964868;0,014263139;0,030488544;0,031982601;1;-1
0,05329277;-0,042802298;-0,029393449;-0,052235548;0,068444128;-0,001118923;0,026528364;-0,007393354;0;-1
-0,014124566;-0,160217282;-0,039577069;-0,010606047;-0,003486358;-0,014067902;0,018631041;-0,083664413;0;0
-0,022955409;0,032256088;0,030765696;-0,004537928;-0,064426638;0,021733398;-0,008591878;0,081754699;0;-1
0,000334441;-0,052484572;-0,001240658;0,029875924;-0,009787038;-0,007439407;0,22612655;-0,152215514;0;0
0,000288779;-0,056691113;-0,00231492;0,006781212;-0,003162944;0,000842608;0,075106038;-0,036130201;0;-1
0,001362384;-0,085433193;-0,002983289;0,014496361;0,104361807;-0,010211505;0,095083057;-0,1615635;0;0
0,001988912;-0,025056946;-0,02268807;0,062391982;-0,040774685;-0,003067657;-0,008842591;-0,007181961;1;-1
-0,000746327;0,059831649;0,02791523;-0,001286616;0,146367445;0,027721488;0,002762791;0,142006107;0;0
0,000753264;0,008316016;0,004719213;-0,018641499;0,124166089;0,050966387;-0,040763547;0,209613201;0;1
0,00504842;0,045588722;0,053078337;0,036373997;0,21727928;0,000731246;0,017093123;0,009921575;0;-1
-0,002398588;-0,036209231;-0,020699593;0,010721499;-0,012726533;-0,014348115;-0,031897949;-0,017983829;0;-1
0,125011561;-0,012740688;-0,00517751;-0,006827544;-0,006213095;-0,021098662;-0,012204964;-0,133594107;0;0
-0,00182332;-0,000281327;0,000170951;0,003259596;-0,008785132;0,001745839;-0,06119826;0,092133241;1;0
-0,001122124;-0,185665762;-0,04442262;-0,002492172;-0,003261954;-0,021655469;-0,003970712;-0,152564769;0;0
0,098976231;0,169724756;0,155702451;-0,073423585;0,109286829;0,115429262;0,041584718;0,32311894;0;-1
-0,001946566;-0,00079131;-0,000282947;0,039901366;0,035125649;-0,016219198;0,021086172;-0,043860028;0;1
0,001442498;0,174147709;-0,075438578;0,039034033;-0,006516263;0,02707283;0,012349313;0,119589338;0;-1
0,004620422;0,06277384;0,002752699;-0,009991258;0,035087239;-0,009085507;0,037104644;-0,133657761;0;-1
-1;-0,479492375;-0,385666018;0,034830927;0,548017951;-0,20711886;-0,014963831;-0,055208762;0;1
0,003348521;-0,03340475;-0,025152221;0,167039018;-0,039538593;0,014580384;0,046126139;0,012119653;0;-1
0,002365555;0,051519048;0,052439353;-0,084852692;0,000495104;0,00506663;-0,007773479;0,024266447;0;-1
-0,001288575;0,024232272;0,001171979;0,002260403;0,142898151;-0,002191405;-0,013302967;-0,013541387;0;0
0,005717317;-0,026452317;-0,009725663;-0,095353534;0,055828911;-0,002128505;0,012744507;-0,024247375;0;-1
-0,000798435;0,067702214;0,058072215;0,006445203;0,058254984;0,028630533;0,007222471;0,50712487;0;0
0,008267693;0,134594037;0,221356314;0,053476734;0,115114465;-0,001604828;0,0101869;0,04875718;0;-1
0,041415334;-0,122606778;-0,056661898;0,010584907;0,148027307;0,001422214;-0,014873985;-0,025621974;0;0
-0,000349284;0,070022897;0,002246979;-0,003689841;-0,04208758;-0,005535476;-0,022247751;-0,075393579;0;0
0,002545443;0,148733777;0,127514326;-0,002140746;0,017688878;-0,013038162;0,000487176;-0,014554599;0;1
0,007406219;-0,078084013;-0,05901654;-0,077528781;-0,007017847;-0,017191929;0,008363344;-0,071399633;1;-1
0,043538811;0,069255342;0,069106194;0,022896818;0,023657056;0,028990833;-0,017073381;0,356961691;0;0
0,00378362;-6,41611E-05;0,01757345;0,011113482;0,167068112;-0,002379171;-0,003677317;-0,034000679;0;-1
0,009744911;-0,026322623;-0,000453596;-0,010501408;0,304774169;0,001472093;-0,012254141;0,014872058;0;-1
0,001211464;0,019793279;0,018587751;-0,086162693;0,035595989;-0,004829154;0,021418588;-0,018991304;0;-1
-0,00238175;-0,030013253;-0,00870177;0,008491285;-0,008395308;0,042789226;-0,008128336;0,120211872;0;0
-0,013016991;0,003573433;0,002132521;0,111432383;-0,034358011;0,162188806;0,091401187;0,304551963;0;0
0,000243376;-0,138145872;-0,056657975;0,019486338;-0,003512542;0,014302916;-0,007375972;0,03961325;0;0
-0,014124566;-0,185555192;-0,036960016;0,009080076;0,24382918;0,084457996;0,119926583;0,328795114;1;0
0,062707566;-0,038395674;-0,028187282;0,135743795;0,044640261;0,002064293;0,010396766;-0,027830386;1;-1
-0,000249435;0,014790594;0,008642785;0,02283039;-0,034358011;0,003932794;-0,025498052;-0,007531132;1;1
0,03379736;0,043728604;0,088816705;0,005989983;0,121348194;0,019725362;0,002698766;0,632762681;0;-1
-0,000224989;-0,066827799;-0,002909628;0,004832016;-0,016315735;0,004007582;-0,011024076;-0,007012786;0;-1
0,00499543;0,016536829;0,02004485;-0,071725551;0,040634059;-0,000141303;0,006597784;0,00515414;1;-1
-0,006365668;0,114755142;0,096544796;-0,099791519;0,075294168;-0,004074156;0,070559184;-0,010995117;0;-1
0,113176655;0,028422914;0,029664373;-0,005284102;-0,001985344;0,010219222;-0,002764308;0,131351354;1;0
0,00950287;-0,00324831;0,001616664;-0,098733696;0,045522927;0,004873411;0,001540576;0,02439636;0;-1
-0,00143416;-0,169917918;-0,148805157;0,007938274;0,167703025;0,098781908;0,006679735;0,058546256;0;0
0,011150654;-0,029843269;-0,006548143;-0,002779835;0,207188814;-0,015904574;-0,017666632;-0,085292249;0;0
0,004419946;-0,047187111;-0,017511564;-0,071381779;0,034597528;-0,017199005;-0,060106977;-0,041857181;1;-1
0,013541285;-0,227265319;-0,3016747;0,016941441;0,010960006;-0,003604751;-0,007274301;-0,080427905;0;-1
0,001478951;0,023667846;-0,008355637;0,066773562;0,053577823;0,001255405;-0,033246924;0,029263331;1;-1
0,006493178;-0,046361174;-0,038949091;0,007046464;0,164209429;0,064673756;0,001783702;0,268901225;0;0
0,001862328;0,029214598;0,030720082;-0,004354702;-0,005672243;-0,01607942;0,013220807;-0,099276018;0;0
0,067764517;9,31465E-06;0,005508902;-0,003373268;0,009833749;-0,019120206;0,008267614;-0,091476873;1;0
0,011077391;-0,089834197;-0,061187786;0,004203082;0,086114392;-0,028812604;0,001293509;-0,03850499;0;1
-0,00118058;0,005159161;0,002766789;0,086436104;0,020392621;0,172784108;-0,001672577;0,445234311;0;1
0,003819702;-0,032144597;-0,018937556;-0,013350412;-0,006088872;0;0,000599288;0,001836884;0;1
0,001373022;-0,003893424;0,006683793;0,154069688;-0,041632642;-0,002312637;0,002428682;-0,042795121;0;-1
0,161301459;0,019847898;0,031038427;-0,002141356;0,137427922;-0,009225021;0,023510286;-0,007446502;0;0
-0,021591441;-0,013697743;-0,000844138;-0,006444225;0,324856623;-0,000421408;-0,001181901;-0,04061472;0;0
0,017480143;0,090325902;0,002745557;-0,00318825;0,086717177;0,003713766;-0,017974639;0,259931455;0;-1
0,002169775;0,202175951;0,177217996;-0,022021583;-0,021120643;0,020417735;0,060196512;0,058339433;1;-1
0,047489147;0,300417125;0,322788437;0,08816179;-0,031367867;-0,117486171;-0,042984639;-0,190470205;1;-1
-0,000467141;0,037204494;0,029140974;-0,004719256;0,210380764;-0,019024759;-0,016986454;-0,126699654;0;0
0,001842058;0,049534789;0,03987548;0,068797494;-0,063830145;0,03099044;-0,023965227;0,086281323;1;-1
0,050110874;-0,20047982;-0,115301215;-0,004011399;0,216018062;-0,102547573;-0,00795907;-0,324459969;0;-1
0,445350398;0,001982468;0,000924253;-0,04160914;0,004185487;0,003567916;-0,035760493;0,047870119;0;1
0,555803328;-0,049137304;-0,000712231;-0,000115757;0,373353677;-0,010680641;0,011387605;-0,182231591;0;0
0,012939364;0,191955191;0,232888349;-0,00091277;-0,063156548;0,002463156;0,007789566;0,091201415;0;-1
0,006096241;0,00030465;-0,001145732;0,039143291;0,052396032;0,030294037;0,066960912;0,049860702;1;0
0,000175738;-0,00282636;-0,000193151;0,007214051;-0,046706545;0,0181889;0,047261723;0,090973463;0;0
0,001229584;0,108711061;0,061899503;0,075926175;-0,036083343;-0,00357352;0,002620977;0,02191475;0;-1
-0,010061757;-0,212926773;-0,137246278;-0,018854817;-0,006088872;-0,051003243;-0,000447142;-0,071062878;0;1
-0,00500317;0,040407674;0,014421719;-0,060570423;-0,064426638;0,005485879;-0,013959935;0,03516572;1;-1
-0,001011031;-0,016041277;-0,013622701;-0,003673574;-0,009678647;0,087884482;-0,014068441;0,21407838;1;0
-0,000356104;-0,094756626;-0,030722669;0,022782401;-0,008395308;0,13325941;-0,011787035;0,559528997;0;0
-0,00059272;-0,212793685;-0,11437264;-0,017847939;-0,009678647;-0,026167799;-0,064480633;-0,196165303;0;0
0,002433104;-0,011533388;-0,053024384;0,022393599;0,139934638;-0,009264142;-0,034469235;-0,034367036;0;-1
-0,001942024;-0,048550132;-0,020758445;-0,011534741;1;-0,034370373;-0,011478226;-0,177312454;0;-1
0,000840114;0,108845927;0,003973531;0,010318565;-0,007040407;-0,009070091;0,033118396;-0,149511907;0;0
-0,022955409;0,056636547;0,07701995;0,075229556;-0,021173542;-0,013770456;0,224067198;-0,047243667;0;-1
0,00312339;-0,162779184;-0,230751947;0,037840763;0,073544927;0,015734206;-0,006431791;0,203567541;0;-1
0,031290169;-0,024975261;-0,036276913;-0,002398621;0,270057132;0,028632064;-0,001038057;0,162040845;0;0
0,001827091;-0,105597881;-0,003463911;0,073034363;0,070868107;-0,003086807;0,231782111;-0,099525679;0;0
-0,000205899;0,030628131;0,031298191;-0,104903055;-0,005017731;0,020073438;-0,01929643;0,049802605;1;-1
0,001876387;0,022339331;0,025462485;-0,031647072;-0,058987788;-0,014303511;-0,035570138;-0,026084055;0;-1
-0,001659046;0,00066941;-0,000556909;0,019699552;0,0236481;0,006893557;-0,038041293;0,009571935;1;0
0,394031803;-0,020945561;-0,018077588;-0,010641868;-0,064026263;-0,001709437;-0,010944875;-0,038551667;0;-1
-0,001386673;-0,016849038;-0,004303031;0,009268964;-0,009678647;0,021549211;0,008658446;0,109773794;0;0
0,009817261;0,067767936;0,064380739;-0,07997436;-0,012172298;-0,009277465;0,022765795;-0,024721404;0;-1
0,104774907;-0,005596692;-0,023043506;0,003010119;-0,064026263;0,012447776;0,001992886;0,089758394;0;-1
0,021637962;0,029307489;-0,05531966;-0,04525215;0,020379458;-0,013356993;0,008509757;-0,043510716;0;0
0,000471891;-0,096786596;-0,034599681;0,012314099;0,45447054;0,176282958;0,00699378;0,064771336;0;-1
0,252450547;-0,01509913;-0,004994025;-0,002416174;-0,002722519;-0,018716757;-0,002647451;-0,095497769;0;0
0,000219371;0,003156304;0,021572312;0,12646403;-0,011182343;0,024904938;0,017767301;0,066166303;0;-1
0,000919933;-0,014642304;-5,4858E-05;0,0020773;0,095635895;-0,008400898;0,003475093;-0,104249974;0;0
-0,00334864;-0,1735878;-0,123517532;-0,017598942;0,425162981;-0,033155951;-0,000306465;-0,048002805;0;1
0,059925266;-0,030516237;-0,024508236;-0,005574086;-0,009678647;-0,025014042;0,011979652;-0,178019719;0;0
-0,001998163;-0,001460807;-0,000699397;-0,034833814;0,03797203;-0,00115113;0,02410508;0,007394864;0;0
-0,000633216;0,052825497;0;-0,006825551;-0,006492319;0,044013453;-0,016456709;0,40503282;0;0
0,002832476;0,01823634;8,49277E-06;0,004079192;0,04757737;-0,000275439;0,142600918;-0,080991327;0;0
0,000983228;0,089851276;0,011416383;0,131692536;-0,037338652;-0,002383413;-0,010040423;-0,00678396;0;-1
0,000855531;0,002353676;0,001113689;0,063397101;0,029739041;0,113220058;-0,022383347;0,267764908;0;1
0,053009003;0,029714734;0,031956796;-0,004268845;0,00462117;-0,006734541;0,008798699;-0,065023315;1;0
-0,093332913;0,433990667;0,339742116;-0,039763585;-0,006088872;-0,020606096;0,004113473;-0,077510853;0;1
0,001022769;0,003195199;0,00181342;0,543783312;-0,033874944;0,018019945;0,371418286;0,083969224;1;1
0,002049874;0,000358083;0,000384138;-0,034858259;0,003563444;0,011050563;-0,044361388;0,065893734;0;1
0,002781388;-0,091641979;-0,002370666;0,078747092;-0,043768209;0,007601216;0,052267432;0,081054636;0;0
-0,000765938;-0,212793685;-0,11437264;-0,017847939;-0,009678647;-0,026167799;-0,064480633;-0,196165303;0;0
0,005857363;-0,022307055;-0,005475083;0,067372934;0,029559933;-0,002243495;0,026443175;-0,025071246;0;-1
0,003088968;-0,094295749;-0,081879628;0,015958473;0,15410054;0,012351735;-0,029529684;0,009308311;1;-1
0,023526386;-0,137139978;-0,194743018;0,154396358;0,092304724;0,001323741;0,111288182;-0,059308558;0;-1
-0,093332913;-0,09640731;-0,08005559;0,013297301;0,226674605;-0,028676288;4,52357E-05;-0,058239889;0;1
0,006540375;-0,185095551;-0,137885296;0,069365887;0,062734021;-0,051977925;-1,30087E-05;-0,088347969;0;1
-0,000897044;-0,162536728;-0,032577316;-0,007650172;-0,008395308;-0,005742534;-0,003964017;-0,03735144;0;0
0,007564058;0,077287098;0,080671542;-0,078175055;0,047051655;0,018521599;0,060834655;0,08417121;1;-1
0,259127177;0,526311172;0,659444007;0,151437878;0,175630654;-0,051021081;0,017010726;-0,136021487;0;-1
-0,003721874;0,000657882;0,000444917;-0,000278716;-0,00217327;-0,011200915;0,044148168;-0,071494329;0;1
0,002887045;-0,019616682;-0,008809466;-0,073067513;-0,027528887;0,000768671;-0,03449088;0,025617241;0;-1
0,028443542;-0,010568038;-0,019420059;-0,005032523;0,003627671;-0,004092938;0,012258361;-0,070146086;0;0
0,016851776;-0,087121231;-0,076981097;0,010439015;0,009823068;-0,015450909;0,000862124;-0,021809154;0;1
0,00355407;0,124446807;0,11363194;0,047800714;-0,016487751;0,015593045;0,000323231;0,1478849;0;-1
0,018686785;0,003608338;0,00062569;-0,010408043;0,023997317;0,025471647;-0,000257575;0,030788912;1;-1
-1,94176E-06;-0,101086494;-0,058550472;0,137895233;0,361029284;-0,015688069;-0,012963224;-0,144569929;0;0
0,084601491;0,014336077;0,025800006;0,001650384;-0,005616092;0,005069787;-0,002431543;0,015037201;0;0
0,076801943;-0,064339256;-0,053789132;0,035045354;0,051568829;0,005703662;0,05991682;-0,114707399;0;0
0,010149286;-0,001140167;0,004001046;-0,002827059;-0,005825047;-0,020675084;0,011658487;-0,137504108;0;0
0,010021276;0,06114816;0,059104508;-0,080837303;0,020880808;0,037986766;-0,043789944;0,142081932;0;-1
0,010933719;-0,18820918;-0,071700677;0;0,165825395;-0,005116108;0,011003401;-0,075511466;0;0
0,000838796;0,16877221;0,229322531;0,00551393;0,284131468;0,001335057;0,003473675;-0,024189517;0;-1
-0,021591441;0,623877046;0,026432378;-0,014665124;-0,046706545;-0,002743575;-0,034710345;0,18349577;0;0
-0,021591441;-0,026817551;-0,000483052;-0,006834658;-0,046340516;0,004493061;0,009477136;-0,088758423;0;0
-0,021591441;0,256272007;0,023234101;-0,014665124;-0,025081081;-0,014058251;-0,139192436;-0,233807643;0;1
-0,002280792;-0,009628833;-0,000731102;0,012764451;0,003910447;0,018151697;-0,011831443;0,127959371;0;0
-0,093332913;0,179233905;0,092014741;-0,011400413;0,009233716;-0,020392433;0,005262348;-0,023351077;0;1
0,001247988;0,013217787;0,010367737;0,165067612;-0,007729152;0,045932792;0,002885087;0,194021493;1;-1
0,252201895;-0,151006339;-0,122995607;0,030649963;0,022046496;-0,170826856;-0,002686229;-0,231397798;0;-1
-0,093332913;-0,055813429;-0,050503894;-0,019502647;0,438341775;-0,041740992;-0,000382837;-0,072915764;0;1
0,002177368;-0,138371722;-0,004602617;0,026078595;0,040862944;-0,009159909;0,046545023;-0,152252237;0;-1
0,009929932;-0,03601129;-0,05501935;-0,018760284;0,032479209;0,01672836;-0,030019499;0,17690465;0;0
0,010040935;0,015343001;0,020600819;-0,083027753;0,104417495;0,000858153;-0,003753766;0,041418293;1;-1
-0,000703995;-0,189384243;-0,083910697;0,011095613;0,974692615;0,079573381;0,031968946;0,543457614;0;0
-0,000681545;-0,212793685;-0,11437264;-0,017847939;-0,009678647;-0,026167799;-0,064480633;-0,196165303;0;0
-0,000985596;0,004020162;0,001867341;0,019377087;-0,034157918;0,06452889;-0,045061241;0,381575862;0;0
0,142692371;-0,751687031;-0,497031699;-0,022357034;-0,053603125;-0,116578866;-0,064490455;-0,416236754;0;-1
0,00177696;0,047509687;0,048379579;-0,099514021;-0,004186424;0,035535105;0,000787927;0,237570515;1;-1
0,009716338;-0,000261132;-5,34474E-05;-0,027486007;0,022443462;0,01800711;-0,033549642;0,034274238;0;1
0,214585193;-0,010993866;0,004291677;1;-0,094103847;-0,075317521;-0,001355803;-0,323783138;0;0
-0,014579474;0,049817239;-0,014164097;-0,008932822;-0,053603125;-0,022285775;-0,0175612;0,142440464;0;0
0,0195675;0,031678537;0,041037929;-0,083818994;0,007992051;0,021274727;-0,013862489;0,108745314;1;-1
-3,86826E-05;0,019676626;0,033377464;0,001810193;-0,014760177;0,005173905;-0,005180905;0,075767571;0;-1
0,000564613;0,038958111;0,01137853;0,031549956;0,243516219;0,012617826;0,023633806;0,076079737;0;-1
-0,000570474;-0,191434812;-0,018432776;-0,008381751;-0,006580394;-0,004736003;-0,006953388;0,012957881;0;0
-0,118737635;-0,045414801;-0,036343705;-0,008915809;-0,017944549;0,008589307;0,002222964;0,048326372;0;-1
-0,000524409;0,29396157;0,010713102;0,006063169;-0,024311228;-0,007439099;-0,037475853;-0,066304451;0;0
0,454054522;0,008457371;0,067031432;-0,005208586;0,557603497;-0,081896249;0,026325357;-0,267724447;0;-1
-0,001362522;0,037788159;0,033866995;0,03455169;-0,001874299;0,042374231;0,07674959;0,234504279;1;0
0,000611036;-0,006059534;-0,000773486;-6,14576E-05;0,142766821;0,021099641;-0,016200557;0,099413525;0;0
-0,115746178;0,100031987;0,181336083;0,239268551;-0,280599092;0,566188826;1;0,925875969;0;1
0,000611652;0,009167465;0,009154546;-0,084152202;-0,019013693;-0,008922953;-0,023379486;-0,013780343;0;-1
0,000379862;-0,184592251;-0,047582335;0,008517674;0,159187904;0,025402359;-0,002596347;0,141163194;0;0
0,001569498;0,038427964;0,042207642;-0,087061367;0,034277395;-0,008798049;0,052910996;-0,020504051;0;-1
-0,000401171;0,001354048;0,007879528;-0,095359781;0,144700856;-0,00384605;-0,006156339;-0,019282515;0;-1
-0,093332913;0,148122991;0,141985794;-0,027784455;-0,006088872;-0,057618065;0,016898779;-0,086862895;0;1
-0,014124566;0,014008315;0,026194362;0,027743568;-0,009678647;0,038727273;-0,016828392;0,231239158;0;0
-0,002222671;-0,002373076;-0,000542498;0,034307208;0,033427648;-0,006052709;-0,006054057;-0,005523229;0;-1
0,000344701;-0,050022055;-0,024675002;0,063229583;0,815007942;-0,017003677;0,011748089;-0,151524467;1;0
-0,000330536;-0,031640964;-0,014171444;0,050245006;0,02889745;0,00837013;0,088082172;-0,06750345;0;0
0,022045355;-0,055903113;-0,056047687;0,036531107;0,075204929;-0,017294663;-0,000117317;-0,019833047;0;1
-0,001793726;-0,212793685;-0,11437264;-0,017847939;-0,009678647;-0,026167799;-0,064480633;-0,196165303;0;0
-0,000778046;0,026787632;-0,025701599;-0,004130898;0,111872767;0,031497533;0,002870087;0,095320302;0;0
-2,41889E-05;-0,175308103;-0,123141398;0,00632048;0,718572521;0,42056191;0,197310623;-0,238459553;0;-1
0,002181081;-0,080187479;-0,002170408;0,013386812;0,027837902;0,001678364;0,026955182;-0,185269983;0;0
0,009517317;-0,414242672;-0,475077301;-0,009453617;-0,064026263;-0,005594278;-0,008783411;-0,109217655;0;0
0,000506552;-0,089777334;-0,077372151;0,016785658;0,156232507;-0,184960639;-0,010458736;-0,284611324;0;-1
-0,000840076;0,046607532;0,050224681;-0,104231369;0,057084238;-0,004917511;-0,034720848;-0,004335393;0;-1
0,000221564;-0,011199699;-0,027972075;0,01720273;-0,008571143;0,165082537;-0,034440724;0,16957627;0;-1
0,00474682;-0,003504641;0,000229945;-0,00988402;-0,040453726;0,004346066;0,02269082;0,031285925;0;-1
-0,004410008;0,000174802;0,000324823;0,130551274;0,048638063;0,037587182;0,005639417;0,023492558;0;0
0,005174261;0,03796769;0,051870854;0,035614372;-0,006767844;-0,001351251;0,034480601;0,005561384;1;-1
4,4131E-06;0,060883059;0,048003295;0,002268287;0,12868761;0,059929513;-0,017652811;0,338092765;0;0
0,000675541;-0,104606227;-0,003113819;-0,002195496;-0,04468465;-0,002546861;-0,01019105;-0,058337793;0;0
0,009756316;0,000947028;0,000513108;0,053683772;0,079785646;0,027410022;-0,000729272;0,10220174;0;1
0,002852184;-0,083238809;-0,002930074;-0,007919766;-0,014219276;0,003600567;0,008231948;0,021313894;0;-1
0,004043265;0,004194765;0,013902288;0,045987822;-0,010217119;-0,007803029;-0,012135907;-0,027814181;0;-1
0,000170083;0,014060705;-0,106309777;0,037016496;-0,03515153;0,027994424;0,006422094;0,113071293;0;-1
0,000895369;0,169507393;0,137699293;0,047872323;0,032778313;0,013973976;-0,012881563;0,071703048;0;-1
0,066998136;0,002978782;0,006516013;-0,066401608;0,035522465;-0,007312067;0,01131376;-0,039322525;0;-1
0,2727242;0,048874764;0,049366477;-0,004650029;0,175438179;0,015838541;-0,007894541;0,083643477;0;0
0,18633598;0,288185366;0,313201293;0,012160377;0,527070665;0,183607941;-0,003683438;0,364614349;0;-1
0,00639476;-0,151901157;-0,08348221;-0,003187882;-0,050562891;0,379195394;-0,016584631;0,392501245;0;-1
-0,000619291;0,005980729;0,010222353;0,006262662;0,752302897;0,005624404;0,003155708;-0,009994229;1;0
0,043484683;0,002217082;0,00132995;-0,007666812;0,079160912;0,028056013;-0,009712229;0,174831427;0;1
-0,006544978;0,000470113;9,17033E-05;-0,022911786;-0,064004854;0,040137214;-0,05218514;0,202709573;1;-1
0,035699991;-0,138304018;-0,119216807;-0,004432084;0,193554763;-0,01062056;-0,010974027;-0,047099835;0;0
-0,001534138;-0,02272382;-0,005725026;-0,005085951;-0,009678647;-0,025953463;-0,028174832;-0,186245809;0;0
0,002900859;0,050326288;0,080299266;0,04072728;-0,064026263;0,00334912;0,068308143;-0,005809107;1;-1
0,00956291;-0,078745806;-0,112760271;0,002106093;0,002137744;-0,003471119;-0,003156114;-0,068800929;0;-1
0,232006506;-0,000109154;-0,00167606;0,184208438;-0,017922491;-0,0171079;0,130693026;-0,049364103;1;0
-0,118737635;-0,14405735;-0,177376353;0,013300941;-0,064026263;-0,004270385;-0,008586849;-0,077028459;0;-1
-0,000798151;0,014643639;0,000313655;0,00127624;-0,031127048;-0,004852831;0,006032648;-0,083184397;0;0
-0,014124566;0,004786336;0,00549032;0,012475021;-0,009678647;0,379197256;0,019371494;1;0;0
0,001455644;0,012703646;0,000584239;0,01298429;-0,009116869;-0,001696878;0,079715844;-0,06118826;0;0
-0,000838227;-0,161034741;-0,028624542;0,002442835;-0,005547642;-0,009747622;-0,009918886;-0,04093991;0;0
0,000263446;0,049981446;0,034650553;0,017462936;-0,004545293;-0,011062728;-0,003857747;-0,035118118;0;0
-0,001215787;-0,029261809;-0,023433191;-0,104800004;0,055173689;-0,006416741;-0,026214323;-0,020215798;1;-1
0,001364968;0,01800041;-0,001249446;-0,007023714;-0,046706545;-0,010460773;-0,029906519;-0,162822012;0;1
0,001159804;0,01045733;0,000837358;-0,007806386;-0,037589788;-0,012155928;-0,013305391;-0,184792035;0;0
0,057603959;-0,008871232;-0,001446034;0,004829999;-0,006085299;-0,013448642;0,001539578;-0,075608473;0;0
0,064305154;-0,052726473;-0,001178436;-0,002899909;0,027305995;-0,010584997;-0,00783949;-0,181105081;0;0
-0,000580671;-0,059072556;-0,001559919;0,001014564;-0,023799695;-0,009484052;0,012844532;-0,160059958;0;0
-0,014124566;-0,130389731;-0,016931831;-0,00093154;0,261527328;0,061124464;-0,006703822;0,314698647;0;0
0,001154584;0,012132223;0,020341898;0,086002522;-0,05559699;-0,002504615;0,002856792;-0,020076417;0;-1
0,005445354;-0,209008457;-0,265853307;-0,008585701;-0,063591405;-0,000768196;-0,00629079;-0,039082263;0;-1
-0,021591441;0,197322508;0,007714928;-0,001703117;0,008051064;0,011667911;-0,008259648;0,121927523;0;0
0,000807133;-0,186825087;-0,08303503;-0,011219391;0,981834076;-0,009265159;-0,020949457;-0,023758655;0;0
0,001215253;-0,00123497;-0,000599628;0,03301767;0,024193171;0,034623027;-0,000776997;0,085489928;1;1
-0,003750095;-0,060265831;-0,046183076;0,482136951;-0,045944016;-0,011433502;0,07353466;-0,048557395;0;-1
-0,001065562;-0,003844838;0,000380451;0,165640706;0,015024312;-0,003523307;0,031306299;-0,01903325;0;-1
-0,002542383;0,003388308;0,0022356;0,023734541;0,017405346;0,001912014;0,152095647;-0,033958113;0;1
0,049191172;-0,03593769;-0,012291219;-0,001790464;0,074288107;-0,015492608;-0,006949831;-0,046856125;0;0
4,83151E-05;-0,187474442;-0,042304937;-0,005631556;0,677700801;0,008571789;-0,010303332;0,070798922;0;0
0,000643343;-0,047443569;-0,037988112;0,099120146;-0,014260695;-0,008666886;0,001893604;-0,022692882;0;-1
-0,000876681;-0,009615807;-0,002504387;-0,097029211;0,202705609;0,008762386;-0,025720202;0,045423377;1;-1
0,000386856;-0,059359581;-0,050983322;0,064529362;-0,013144381;0,00475886;-0,012742742;0,01664606;1;-1
-0,000127702;-0,17482527;-0,035456092;-0,001779595;-0,00711197;0,012936875;-0,020763491;0,175992585;0;0
-0,002672229;0,000478661;0,000329677;0,018819862;0,03827147;-0,015012449;0,063162721;-0,041845679;0;0
0,023724249;0,031417063;0,064078317;-0,027556799;0,041047543;0,073824802;-0,113358095;0,20724462;0;0
0,00309819;-0,018682499;-0,022043516;-0,055335111;0,154228982;-0,000831568;-0,003262643;0,013284507;0;0
-0,000104897;-0,107375545;-0,10002093;0,00602692;-0,027081471;-0,086334568;0,02527968;-0,213222894;0;-1
0,001130549;0,049481553;-0,047086057;-0,099940719;-0,038893948;0,010786224;-0,054991914;0,041253324;1;-1
0,005420364;-0,098195138;-0,09560804;-0,096694624;-0,064426638;-0,003029025;0,339046301;-0,062985497;1;-1
0,002005262;-0,131078125;-0,003871625;0,008700619;0,00558131;-0,001149835;0,002272463;0,04546303;0;-1
0,001496359;-0,175946809;-0,054259938;0,12531614;0,33017555;0,016788149;0,042007778;-0,049814332;0;0
-0,00163988;-9,63137E-05;0,000201262;0,02005472;0,021505494;0,28781575;-0,047061095;1;0;0
-0,014124566;0,042930015;-0,003420819;-0,017847939;-0,009678647;-0,026167799;-0,064480633;-0,196165303;0;0
-0,000324804;0,067824648;0,011175709;0,008672774;-0,005872669;0,173968814;-0,007429289;0,742068156;0;0
0,011325215;-0,078676885;-0,063520589;-0,065812569;0,044378051;0,001912988;-0,04022854;0,00863515;0;-1
-0,014124566;0,012694774;0,008154841;-0,002303259;-0,00668419;-0,01987352;-0,014859267;-0,162666398;0;0
-0,000277555;-0,007579037;-0,061737918;-0,087705214;0,027999697;0,020272442;0,0622388;0,07403731;1;-1
0,026919276;0,275429856;0,078860125;0,440746506;-0,064426638;0,030392287;-0,012859158;0,093478856;0;-1
0,004038273;0,135644122;0,005097124;-0,002553652;-0,032046862;-0,000455205;-0,028729444;0,034710311;1;0
0,250671763;-0,035270379;-0,047946618;0,275073324;-0,078416735;-0,215528973;-0,001257442;-0,269305849;0;-1
-0,001382319;0,028868521;0,027395572;0,013561237;-0,009678647;0,114479611;-0,001876316;0,316388358;0;0
0,002696796;0,022844873;0,049961309;-0,008391613;-0,084714098;-0,013017451;0,001113347;-0,093908142;0;0
0,005972318;0,002934224;0,001775892;0,021588393;0,006429014;0,024407003;0,025357583;0,288720218;0;1
-0,00032881;-0,139837396;-0,006862968;-0,001176807;0,286820092;0,018714527;-0,015398744;0,186793865;0;0
-0,003656426;0,000912893;0,000433317;0,033247516;0,081403813;-0,024567329;-0,047170643;-0,052278425;0;0
0,002478166;0,057298266;0,044621069;-0,004029919;0,298879506;0,015976024;-0,010440155;0,125791949;0;0
0,002455701;-0,018620342;-0,061500986;0,013236973;0,021452241;0,011713431;-0,018230038;0,039737511;0;-1
0,014275091;0,001822676;0,001151157;0,013439883;0,075610778;0,00125214;-0,024118828;0,026798856;0;0
-0,014124566;-0,17172514;-0,035979808;0,004626345;0,043269118;0,090778249;0,023377768;0,354764391;0;0
-0,001057321;0,004224682;0,00241573;-0,010148504;0,003602707;-0,000275422;0,120626256;0,075716069;0;1
0,253945973;-0,037535715;-0,013320487;-0,006661652;-0,004052448;-0,024705951;-0,007805222;-0,17096306;1;0
0,0019;0,046577936;0,051396141;-0,105636726;-0,016907779;0,003878966;-0,025626433;0,020390185;0;-1
0,349494608;-0,351675304;-0,424577418;0,159762282;-0,061056868;-0,00177927;0,054788286;-0,099570446;1;-1
0,00407901;0,074078988;0,024495646;0,157596167;0,300551701;0,015689448;0,009506391;0,101996716;0;-1
0,008010873;0,199853307;0,244048264;0,008083325;-0,030155901;-0,000676892;0,008617998;-0,035846332;1;-1
0,01452608;0,034712591;0,001940729;0,215276981;0,105713453;0,033516338;-0,072142751;-0,202741942;1;1
0,05711345;0,004529857;-0,001119181;-0,001394482;0,118382916;-0,011283744;-0,008209994;-0,043930091;0;0
0,102149245;0,003795638;0,007090473;-0,00726521;0,080512276;-0,009484178;-0,007876636;-0,009117094;0;0
0,003171243;0,044588736;0,015528961;-0,038593665;0,015573683;0,001305702;-0,01001272;0,000274738;0;1
0,003696234;-3,36001E-05;-0,001269448;-0,026402789;0,009555818;0,015694025;-0,030641933;0,08697821;1;0
0,45609384;-0,175620112;-0,161283579;0,021661648;0,064178963;-0,27154022;0,002083749;-0,377494324;0;-1
0,012468183;-0,021597696;-0,029376184;0,159256967;-0,009678647;0,039692337;0,004371253;0,111876905;1;0
0,078003545;-0,047418041;-0,039707411;0,096645131;-0,004936229;-0,009824278;0,086629789;-0,038018558;0;-1
0,002260056;0,001447321;0,001062394;-0,012837977;0,058331288;0,047755127;-0,00809838;0,148697925;1;1
0,006293424;-0,070986393;-0,001852452;-0,005794006;0,09237295;-0,01124691;-0,009621405;-0,165737671;0;0
0,000143169;0,00404878;0,000428464;-0,005089859;0,094034689;-0,010222662;-0,033619366;-0,098142121;1;0
-0,014124566;-0,123092641;-0,049986276;0,000183511;0,46703623;0,012652717;0,000525197;0,079291612;0;0
-0,007424209;-0,383059159;-0,264576605;-0,039763585;-0,006088872;-0,058324081;-0,001743629;-0,090495007;0;1
0,000360497;-0,186782568;-0,024641434;0,016526109;-0,008395308;0,039455607;-0,016633376;0,240218193;0;0
0,036372892;-0,074195227;-0,028885421;-0,005665007;0,236234498;-0,022598716;-0,018895928;-0,151849721;0;0
0,099783647;0,173400707;0,202776324;-0,005276255;0,234459613;0,00202067;-0,007211879;0,040150386;0;-1
0,004097958;0,033201356;0,000225222;0,004639348;0,041856946;0,001220674;-0,007541286;0,000373114;0;-1
-0,022955409;-0,065231306;-0,051720385;-0,090720662;0,006673648;-0,005061435;0,085646746;-0,053540283;1;-1
0,033117917;-0,014940112;-0,02659611;0,046873708;-0,064026263;6,39413E-05;0,069852564;-0,057378078;0;-1
-0,000600881;0,427880715;0,145003779;0,001543843;-0,064426638;0,037601948;0,011207893;0,134626133;0;-1
0,000795447;0,008310959;0,024699565;-0,105763821;0,02788493;-0,008940139;0,027590013;-0,031462857;0;-1
0,030976628;-0,076217025;-0,06646812;-0,009297709;0,272058463;-0,030504578;-3,2664E-05;-0,033180545;0;1
-0,000504251;-0,009375945;0,002997867;-0,104013931;0,024292127;-0,006385944;0,014148921;-0,018593013;0;-1
0,001700396;-0,153020485;-0,004384845;0,052744436;0,073552139;0,000280993;0,155795154;-0,146952575;0;0
-0,000293598;0,002249733;0,001240168;-0,022412536;-0,034057871;0,01897133;0,172493551;0,012177243;1;0
-0,001567802;-0,046898116;-0,032174736;0,041315023;0,151568689;-0,020228068;0,034413357;-0,146379313;0;0
0,007553867;0,054834437;0,085801663;0,182562023;0,221501746;0,013577262;0,028739927;0,045449486;0;-1
-9,65049E-05;-0,212793685;-0,071472435;-0,017847939;-0,009678647;-0,026167799;-0,064480633;-0,196165303;0;0
0,001666595;-0,030394053;-0,052064793;0,03841154;0,092374945;0,003029714;-0,004084036;0,008214312;0;-1
-0,001581227;0,000506181;0,000176773;0,007237796;-0,013767773;-0,01282199;-0,013986372;0,003967659;0;1
0,001504419;-0,019387112;-0,03395892;-0,016346837;0,105392707;-0,004146882;0,001811788;-0,001687502;1;-1
0,00062674;0,053248187;0,018986862;0,04495964;0,18190307;0,045457852;0,260603302;0,178404404;0;0
0,003481524;0,035797252;0,042553075;-0,017187748;-0,020587324;-0,000940673;-0,014361783;-0,008067389;0;-1
-0,000880906;-0,062451017;-0,030391038;0,044300058;0,11073131;-0,024178381;6,13289E-05;-0,171352827;0;0
0,013684219;0,245187242;0,009578985;0,020811493;-0,046706545;-0,007793683;1;-0,197828715;0;0
0,384763579;0,020724861;0,02453282;-0,003995039;0,1145715;0,000389225;-0,009212793;0,092625519;0;0
0,001082216;0,038513182;-0,032371234;0,08086662;0,000846512;-0,00541866;-0,002071703;-0,013681506;0;-1
0,026488605;-0,083164541;-0,002585863;-0,009349552;-0,007854226;-0,011786356;-0,041376892;-0,152045527;0;0
-0,000883653;0,002950426;0,000228883;-0,020087665;-0,019530488;0,035405382;0,006610756;0,072935426;1;0
-0,00042572;0,039826116;0,01748592;0,015886848;-0,02389361;0,024401625;0,002095312;0,135575607;0;0
0,017677045;-0,078650115;-0,002150054;5,48418E-05;-0,00377347;-0,010343905;-0,017033827;-0,166695617;0;0
0,209167722;-0,027078342;-0,006891871;-0,005892823;0,018315817;-0,017998442;-0,014987638;-0,109782352;0;0
0,003996849;-0,000191915;-0,000651772;0,170389148;0,032649869;0,45232957;0,010397623;0,307764021;0;1
0,038732592;-0,014911853;-0,001370857;-0,001656534;-0,035993693;-0,009104836;0,018853747;-0,154014665;1;-1
-0,00137822;-0,00495982;0,008300082;0,235872943;-0,016256384;0,022501297;0,028935558;0,075191322;0;-1
0,054121766;-0,000326809;6,77193E-05;-0,000966171;0,053772641;0,013121253;-0,049078111;0,008094113;0;1
0,004346636;0,12633045;0,130183089;-0,062036048;0,026231486;0,09043964;-0,035142727;0,375827113;0;-1
-0,000981181;-0,212793685;-0,11437264;-0,017847939;-0,009678647;-0,026167799;-0,064480633;-0,196165303;0;0
0,005051882;-0,013592358;-0,002550191;-0,008349201;0,046014936;0,003233952;0,014523189;0,006805954;1;-1
-0,002788202;0,001072886;0,000873755;0,020446561;0,031952847;-0,019372965;0,071439186;-0,025102525;0;1
0,003076337;-0,069495126;-0,055809932;-0,105682492;0,013840766;0,008651108;0,016021782;0,006604847;0;-1
-0,014124566;0,100292673;0,081758649;-0,003926816;0,482454788;0,001327942;-0,016187983;0,117082129;0;0
0,135163241;0,001522988;0,001232043;0,030370475;-0,008581518;0,035955225;-0,042015399;0,130205561;0;1
0,028176536;-0,00350512;0,073544843;-0,004028035;0,128189889;0,039774292;0;-0,004942853;0;-1
0,012382471;0,159185492;0,199314994;-0,011306594;0,240448908;-2,32132E-05;0,115046121;0,155817478;0;-1
0,264029293;-0,045755255;-0,012252591;-0,008093553;0,464097742;-0,017192487;0,018930931;-0,098565581;0;0
-0,014124566;-0,181537478;-0,031168184;-0,005075606;0,486504795;0,098320379;-0,022981326;0,773802945;0;0
-0,001160875;-0,183568117;-0,06707173;-0,014444988;-0,009678647;-0,025991243;-0,023233357;-0,19082575;0;0
-0,001563304;0,085803072;0,079576892;0,012166799;0,103332543;0,001819198;0,004943571;-0,023248453;0;-1
0,205354063;0,097500652;0,010592171;-0,005801378;-0,05241092;0,409752667;-0,011852478;0,752873971;0;0
-0,000654859;0,090925752;0,00394737;0,012228476;0,083933852;0,006045798;0,050618864;0,047038446;0;0
0,002523829;-0,02116781;-0,016594338;0,13203279;-0,040762147;0,026022023;0,02710881;0,074736723;1;-1
-0,003959657;-0,076733157;-0,058832858;-0,091201576;0,042214484;-0,009328738;-0,025270045;-0,034630339;0;-1
0,244149655;0,133041648;0,196976947;0,02804916;-0,064026263;0,000855087;0,012650394;0,002445983;0;-1
-0,118737635;-0,266309202;-0,331027507;0,041527517;-0,064026263;-0,003924941;0,079991622;-0,109766389;1;-1
0,184892878;-0,165207858;-0,133291418;0,015459446;0,106243455;-0,110231264;-0,034725659;-0,135218245;1;-1
0,078921089;-0,160696802;-0,122357439;0,022331007;0,159412325;-0,23301299;-0,0359867;-0,2741493;0;-1
0,010456488;-0,059104136;-0,088149142;0,000730776;0,017565337;-0,001937399;-0,002768663;-0,041543833;0;-1
-0,000926825;0,005701564;0,002627517;-0,032969811;-0,034358011;0,046929717;-0,024768149;0,154729862;0;1
0,00191623;0,054744156;-0,040354582;0,020446757;1;0,067677814;0,002213344;0,447610897;0;0
0,143814524;-0,000370529;0,003771851;-0,000378628;0,027659513;-0,022668557;0,011914268;-0,13838045;0;0
0,004311199;0,062465925;0,064627352;-0,087066008;-0,037147617;0,016620871;-0,004873091;0,047604769;0;-1
0,00538046;-0,001404056;-0,00078353;-0,000219416;0,01180701;0,038166025;-3,41838E-05;0,051511088;0;1
0,000295659;0,036223899;0,032879616;0,010752419;0,366193796;0,009959786;0,002399698;-0,033986905;1;0
0,067213567;-0,001408109;-0,00059338;0,033530669;-0,025906893;-0,020436515;-0,045374542;-0,053322804;0;1
0,001321865;-0,158262891;-0,03398458;-0,004358651;0,198972006;0,048993248;-0,009243315;0,321555726;0;0
-0,025454431;0,427535076;0,350805225;-0,039763585;-0,006088872;-0,058324081;-0,001743629;-0,090495007;0;1
-0,00108954;-0,123883553;-0,004511701;0,004702;-0,010864165;-0,00753221;-0,00830136;-0,080585744;0;-1
-0,003063981;0,002329764;0,001085459;-0,014553546;0,117156611;-0,003680945;0,004168982;0,011948356;0;1
0,007831723;-0,13569009;-0,124051687;0,029885629;0,074956099;-0,143160594;0,012935679;-0,223698177;0;-1
-0,000190814;-0,002077122;-0,000797546;-0,03746695;0,020114027;-0,03080095;-0,018085429;-0,066418037;0;0
0,00360482;0;0,016396108;-0,061146332;-0,025300776;-0,013956314;-0,002180054;-0,052575843;1;-1
0,006385127;-0,001969982;-0,001261741;0,21083657;-0,034358011;0,048618465;0,211932563;-0,022184439;0;1
0,002649423;0,005467741;-0,008260689;-0,010850417;0,074110432;0,003334949;-0,007133956;0,091448785;0;-1
0,046936898;-0,016398344;-0,003948459;0,013392651;0;-0,013329857;0,014105087;-0,029290988;0;0
0,000651878;0,094215712;-0,015065113;-0,006265835;-0,020101547;-0,000154411;0,002703314;0,032720631;0;-1
-0,021591441;-0,003947355;-0,000156932;0,010198856;0,028429904;0,024812469;0,012667137;0,339037307;0;0
-0,001184602;-0,411941415;-0,012641757;-0,014665124;-0,046706545;-0,014058251;-0,094884414;-0,233807643;0;0
-0,001097815;-0,212793685;-0,11437264;-0,017847939;-0,009678647;-0,026167799;-0,064480633;-0,196165303;0;0
0,002869344;0,074209931;0,066769568;-0,088580128;0,015638113;0,019286235;0,040796981;0,040312367;1;-1
-0,118737635;-0,023094255;-0,025243475;0,00887128;0,040595461;-0,004322989;0,358310778;-0,084521128;0;-1
0,002385635;0,032798352;0,029111352;0,025331162;0,000631617;0,023121116;0,013893757;0,247079873;1;0
5,49103E-05;0,192843532;0,221901017;-0,001091463;-0,029250909;0,005680032;0,003515494;0,153753254;0;-1
-0,001508552;-0,018946192;-0,004479208;0,037001152;0,152714395;0,007797265;-0,012796933;-0,065324752;0;0
-0,000352434;0,092902059;0,004211021;-0,004258944;-0,045425443;0,003833214;0,027531593;0,060805553;0;-1
-0,000979485;-0,113169193;-0,003628129;0,001391669;0,021850812;0,002006992;0,041244118;-0,092637752;0;0
0,001411126;-0,074341441;-0,001917264;-0,010603998;0,001192933;-0,013163053;0,041481239;-0,206834253;0;-1
-0,000648466;-0,148291435;-0,063466516;0,004990809;0,175450584;-0,003964938;-0,01935334;0,060389567;0;0
0,010958624;0,049791658;0,045308282;0,129140243;-0,026562852;0,00785982;-0,014205411;0,073538443;0;-1
-0,006451991;0,08935379;0,068019439;0,001039043;0,248857778;-0,009340841;0,000244462;-0,012868773;0;1
-0,014124566;-0,172373749;-0,091832206;-0,009571491;0,0018714;-0,026166677;-0,024262051;-0,196042145;0;0
-0,000777318;0,013350989;0,000178189;0,002613025;-0,043635503;-0,009154732;-0,015953238;-0,165891013;0;0
0,000349035;0,040539342;0,053850779;0,062053024;0,040690304;-0,008183226;-0,010917894;-0,008005323;1;-1
0,021428525;0,015755939;0,015319376;-0,004783194;0,080936898;-0,007885205;-0,006623809;-0,010008393;0;0
0,001011648;0,073528231;0,081743428;-0,105434387;-0,035920166;0,001057588;0,072761886;-0,000388011;0;-1
-0,122842899;-0,125537037;-0,08219;0,006707938;0,017929165;-0,043987564;-0,000863797;-0,015965986;0;-1
-0,000740127;-0,194030271;-0,061464655;0,178294029;-0,009678647;-0,024888395;0,078550022;-0,181654599;0;0
-0,000161556;-0,00230054;-0,001246589;0,002901328;0,075937429;0,027698519;0,063475876;0,060700433;0;1
0,002371201;0,10641728;0,101784981;-0,053120182;0,02142945;0,017257235;-0,044118768;0,133843778;1;-1
0,000663097;-0,080883545;-0,002579991;0,010380108;0,02386458;-0,007026114;0,00088061;-0,133809087;0;0
-0,021591441;-0,042988562;-0,001575667;0,010239704;0,090475381;-0,002932526;0,000215405;0,090841844;0;0
0,012225068;-0,066932619;-0,01980169;0,240221134;0,020911998;-0,240149987;-0,074633435;-0,388641655;1;-1
-0,000246576;-0,00102442;-0,000475567;-0,041185379;0,010031886;-0,031298787;-0,03285358;-0,087277745;0;0
0,059272178;-0,018883604;-0,008810024;-0,002501765;0,312276824;0,026368053;-0,002299259;0,206110221;0;0
-0,021591441;-0,063183619;-0,002447214;-0,003134362;-0,0418223;-0,001032359;-0,003252309;0,023016971;0;0
-0,000272158;0,036310495;0,040742989;0,121192529;-0,002656476;-0,013020784;0,058798568;-0,06454067;0;-1
-0,006264843;0,112057626;0,154981706;-0,008067012;0,106152322;0,097367698;-0,004417342;0,284536395;0;-1
-0,00011208;0,022166;-0,065057995;0,133642098;0;0,03788777;0,018998959;0,081975229;0;0
0,015735409;0,00268377;0,001673977;0,041972416;-0,012976708;0,133425564;-0,018936107;0,363553824;0;1
0,007553588;-0,003004503;-0,001572396;0,069656817;0,036571237;0,011455936;0,013578892;-0,004072869;1;1
-0,000694575;-0,212793685;-0,11437264;-0,017847939;-0,009678647;-0,026167799;-0,064480633;-0,196165303;0;0
-0,014124566;0,063808663;0,000933312;-0,005461521;0,006363085;0,030760087;-0,008939631;0,235662758;1;0
0,003651161;-0,025472682;-0,0008318;0,000299431;0,103599117;0,013754041;0,036402159;0,138314937;0;0
0,000686696;-0,133298562;-0,004696794;0,013899066;-0,015473906;0,002339967;0,001310941;0,160971543;0;-1
-0,003842846;0,001605617;0,001097987;0,15582331;0,025741337;-0,014998692;0,008812784;0,008820065;0;0
-0,093332913;0,013949986;0,010576786;-0,015507739;-0,006088872;-0,015611599;0,000694771;-0,030967135;0;1
-0,000178838;0,04827275;-0,018998187;0,034394677;0,711584907;0,068531374;-0,003934117;0,529006239;0;0
-0,000684049;0,080243714;0,003092325;0,012104264;-0,046706545;6,18345E-05;0,038195535;0;0;0
0,048529061;0,019944119;0,028864237;-0,004661211;0,006464542;-0,019083612;0,007364976;-0,101408519;0;0
0,000373914;-0,03765086;-0,017954771;0,111365547;0,031536461;0,004745965;-0,01959954;0,010453427;0;-1
0,002195396;0,026123469;0,014364549;0,014068818;0,298732893;0,020419774;0,014592155;0,095114829;1;0
-0,000759644;0,003931551;0,013489693;-0,09012244;0,007197711;0,00538531;0,013287181;0,023612981;0;-1
0,000124981;-0,053766696;-0,047771267;0,012735729;0,30532422;-0,207823283;0,073618817;-0,334935014;0;-1
0,269164059;0,017239662;0,011375502;-0,003590346;0,170146619;-0,00918399;0,013449739;0,022672915;0;0
0,001656155;-0,055703958;0,018411523;0,020118306;0,211116662;-0,144894326;-0,007429783;-0,227833064;1;-1
-0,014124566;-0,21279181;0,017960522;-0,017847939;-0,009678647;-0,026167799;-0,064480633;-0,196165303;0;0
0,004018161;0,089673763;0,106803717;0,029135334;0,327131995;-0,000871419;0,035374298;0,023508148;0;-1
-0,119205248;-0,213534281;-0,112148362;0,024719346;-0,053603125;0,107327883;0,016790537;-0,131631984;0;-1
0,066113921;0,003415657;0,009424491;-0,002599322;0,241587535;0,012503937;-0,00505282;0,094915057;1;0
-0,000704205;0,030653507;0,048756904;0,005449004;0,130417574;-0,014994532;-0,021467293;0,068589999;0;0
-0,002007725;0,031146825;0,001302644;-0,003684992;-0,045212729;0,001866329;-0,000694901;0,069108287;0;0
0,013035539;-0,056578906;-0,047120452;0,140183924;0,029608694;0,004813833;-0,03214362;-0,005631056;0;-1
-0,021591441;0,007901648;0,000320318;0,015234219;0,087501211;0,000992029;0,043268009;0,030465874;0;0
-0,003870591;0,046874922;0,060599861;0,157180793;0,020128079;-0,003325067;0,016156798;0,023409174;0;0
-0,000803514;-0,067775062;-0,030214239;0,036993723;0,087163251;-0,019608163;0,003155436;-0,131309749;0;0
0,003569579;0,004720688;0,002361568;-9,69703E-05;0,02870007;0,107354484;-0,004631398;0,494912439;0;1
0,001663381;-0,032998242;-0,031788086;0,046598948;0,008659437;0,017273202;-0,026822998;0,11950449;1;-1
0,034283957;-0,023686918;-0,035910686;0,014355304;-0,009678647;0,031661086;0,024272408;0,201956299;0;0
0,000516104;0,007215641;0,009247771;0,005000298;0,186653898;0,051560798;-0,009206139;0,369130107;0;0
0,01061733;-0,096747421;-0,002661784;0,034341261;-0,02243605;-0,004643727;0,361692813;-0,175669857;0;0
0,083165209;-0,143154043;-0,110948708;0,031955696;0,096100472;-0,192052824;-0,002629091;-0,270377113;1;-1
0,030947802;0,005719153;0,002790596;-0,02161778;0,364210312;-0,038621039;-4,85573E-05;-0,041414976;0;0
0,004527104;0,067103554;0,103270049;0,006909949;0,04716301;-0,133000416;-0,00374639;-0,006177173;0;-1
-0,000976133;0,068856739;0,001844242;-0,00160967;0,225255978;-0,007854781;0,061131512;-0,16334952;0;1
0,001771461;-0,022414088;-0,011116006;0,013555822;-0,064426638;-0,01023715;-0,008512647;-0,018998947;0;-1
1;0,061231028;0,059847073;-0,002024181;0,088672743;0,039629193;0,020278197;0,360526887;0;0
0,004946584;0,199527387;0,284651884;0,025117004;-0,063591405;0,010388966;0,002083808;0,085772434;1;-1
-0,000965498;0,109460005;0,057485831;0,034462791;0,067227065;-0,008231453;-0,001133372;-0,036661765;0;-1
-0,000121152;-0,205627821;-0,077212012;-0,017847939;-0,009678647;-0,026167799;-0,064480633;-0,196165303;0;0
0,685482821;0,036346519;0,041677644;-0,085541958;0,099002914;5,8186E-05;-0,007109841;0,016009068;1;-1
0,046757369;-0,007187363;0,035387538;0,015581225;-0,024128276;0,362346823;0,020956756;0,296609134;0;-1
-0,093332913;-0,075808114;-0,061905352;-0,007759729;0,228241501;-0,003306055;0,000273098;-0,02324545;0;1
-0,000343183;0,027202988;0,008917889;0,008675728;0,341836167;0,00358452;0,002780618;0,307038211;1;0
0,000143793;-0,050601537;-0,00047353;-0,004883896;-0,036365;-0,011058737;0,022108674;-0,120755549;0;0
-0,001136995;-0,070499947;-0,075439726;-0,031134299;-0,064426638;0,003562217;-0,036329449;0,022986168;0;-1
-0,001029704;-0,169964107;-0,022969593;0,004533055;-0,009678647;0,001526453;-0,016441395;0,168703264;0;0
-0,021591441;0,089955754;0,003179771;-0,005219581;-0,022938325;-0,002774073;0,130246184;-0,042349729;0;0
-0,000143332;-0,034360239;-0,025642871;0,023684987;0,314666533;0,052466337;0,049137995;0,231129176;0;0
0,129432133;0,052957486;0,020557015;-0,030516878;0,015157189;-0,007065846;-0,053350517;-0,013990904;1;-1
-0,001823373;0,05680323;0,029591192;0,025258218;0,051288822;-0,001652733;0,006082468;0,017927145;0;-1
-0,022955409;-0,226286736;-0,179047321;-0,125714831;-0,064426638;-0,02067368;0,015894908;-0,088008856;0;0
-0,014124566;-0,189739435;-0,083991173;0,001397266;0,3225733;-0,012341367;0,031783431;-0,012830872;0;0
0,514507353;-0,001109226;0,007189946;-0,006819027;-0,003339403;-0,019207658;0,026977145;-0,127135487;0;0
-0,000852906;-0,160453243;-0,004638117;0,152566154;-0,045672461;-0,013984448;0,183167599;-0,233227472;0;0
0,001747651;0,097482879;0,115366961;-0,078079934;-0,064426638;-0,012818244;-0,038354975;0,052237051;1;-1
-0,000515744;0,057603509;0,046336196;-0,005994883;-0,009678647;0,010387837;-0,009865901;0,124991196;1;0
0,001880835;-0,000792068;-0,000254187;-0,033516107;-0,017432079;-0,009379915;-0,031844864;0,004397468;0;1
0,040506861;-0,013563042;-0,027161258;-0,007668755;0,165656275;-0,002330069;-0,003960658;-0,045909266;1;-1
0,13907099;0,023830731;0,027547481;-0,00616379;-0,003469151;-0,018321063;-0,014655437;-0,097042828;0;0
-0,000761982;-0,191993176;-0,027122577;-0,00706885;-0,002418988;0,010579083;-0,019069621;0,151336954;0;0
0,001091245;-0,059590784;-0,0023919;0,000944832;0,113942556;0,020964;-0,024585095;0,363331695;0;0
0,061230881;0,861594434;0,827884249;-0,729643337;0,216083141;0,952314607;-0,032232907;0,748657538;0;1
-0,014124566;-0,187986958;-0,040961701;-0,007561496;0,523560076;-0,000779934;0,014550788;0,023367973;0;0
0,028160793;-0,066866027;-0,055745001;-0,013455054;-0,006088872;-0,043026812;-4,30643E-06;-0,062667691;0;1
-0,014124566;0,02094969;-0,008920602;-0,002264939;0,29650704;-0,011880306;0,128719846;-0,134670827;0;0
-0,000216696;-0,016577849;-0,004130655;0,144435721;0,032955943;-0,006096204;0,024040039;-0,078207791;0;0
0,010028769;0,044856343;0,002109741;0,027107301;-0,046340516;-0,005483212;0,064144325;-0,063694296;0;-1
0,001612225;0,012277964;0,022142714;0,0694628;0,017098905;0,024368135;-0,005304792;0,089140333;0;-1
0,049968841;0,0011141;0,00052073;-0,029523716;0,060799425;0,067103624;-0,036094894;0,224271876;0;1
-0,000879815;0,100293669;0,003340903;0,003028598;0,02335097;-0,002135363;0,010850316;-0,049468882;0;0
-0,00216351;-0,046308361;-0,086920473;-0,009813434;-0,029594492;-0,015331762;-0,015404136;-0,056905184;0;0
-0,000254583;-0,041004387;-0,001827931;7,21373E-05;-0,029235249;-0,002798002;0,02924234;-0,03639392;1;0
0,018354182;-0,004345624;0,013370074;-2,54372E-05;0,112260474;-0,004888537;-0,00946476;-0,026896016;0;-1
0,043989472;-0,001787645;-0,000907109;-0,004397306;0,011354714;-0,006570125;0,069482789;-0,012720489;0;0
0,072279125;0,029381222;0,000308142;0,002777195;0,034935243;-0,001361614;0,039281133;-0,070009159;0;-1
0,167936248;0,026718071;0,032681749;-0,006252281;0,230167476;-0,005203584;-0,001414289;0,002912251;0;0
0,011413292;-0,432605899;-0,464793877;-0,012187481;-0,064026263;-0,005896257;-0,035497584;-0,117826706;1;-1
-0,014124566;-0,169907728;-0,045883988;-0,00112745;0,751421359;0,107039392;0,001872739;0,498965549;1;0
0,000723448;-0,202050048;-0,007199432;0,007405634;0,058460353;-0,013732184;0,048524118;-0,213933222;0;0
0,000932088;0,04802924;0,052418501;-0,083836281;0,006569091;0,007193337;-0,006458509;0,05152544;0;-1
-0,021591441;0,100480473;0,003624498;-0,001323958;-0,016403659;0,005978914;-0,006281769;0,094724494;0;0
-0,001141605;-0,191922952;-0,079341456;0,233865083;-0,009678647;-0,025659743;-0,022228896;-0,193711792;0;0
0,00933489;-0,002154817;-0,001898072;-0,032243825;0,027372298;0,05085212;-0,017064326;0,098309585;1;0
-0,000692982;-0,005730838;-0,051871989;0,010515459;-0,009822052;-0,003018628;0,069086697;-0,023906319;0;-1
0,046136156;-0,122666098;-0,07149042;-0,003194951;0,015401263;-0,026678193;0,000799052;-0,033068548;0;1
-0,000277472;-0,048049456;-0,016753607;0,12770424;0,028239258;-0,020698799;0,000648429;-0,114899098;0;0
0,001471439;0,034249258;0,027153275;-0,004547477;0,231820822;0,009565261;-0,007903781;0,067717838;1;0
0,143520557;0,000754467;0,006140316;-0,003193287;0,12641336;0,004329163;0,002489729;0,088092839;0;0
-0,000915902;0,00373927;0,002329842;-0,004795231;0,000421537;0,030224187;-0,025729029;0,114468904;0;1
0,000165345;-0,001100489;0,008406591;0,232882255;0,019783094;-0,021275584;0,061972501;-0,150102806;0;0
0,004166212;-0,040929932;-0,025355059;0,063787976;0,009694283;-0,017605763;0,070970929;-0,073515437;0;-1
-0,005027883;0,001593341;0,000711315;-0,009318796;0,022471828;0,048538168;0,047928391;0,149862268;0;0
0,00607806;0,016110353;0,021370565;-0,065158871;0,027626376;0,014906057;-0,007284095;0,069199188;1;-1
0,006806716;0,047154376;0,115829241;0,00866687;-0,03250647;0,060081158;0,014884221;0,073398063;0;-1
-0,000840706;-0,212793685;-0,11437264;-0,017847939;-0,009678647;-0,026167799;-0,064480633;-0,196165303;0;0
-0,001834967;0,097249357;0,08068743;0,022903408;-0,006470301;0,125742143;-0,00681125;0,529865232;0;0
-0,000799473;-0,212793685;-0,11437264;-0,017847939;-0,009678647;-0,026167799;-0,064480633;-0,196165303;0;0
0,000386025;0,071276978;-0,030526943;0,01959579;0,039456384;-0,007984575;-0,008174305;0,014026419;0;-1
0,000237717;0,07606228;0,004347945;-0,005934416;-0,034119744;0,002212073;-0,030353546;0,020729481;0;0
-0,000484851;-0,094021958;-0,003329921;0,007276102;0,031589223;-0,012817897;-0,014715094;-0,189580875;0;0
0,1154396;-0,018993826;-0,005304611;0,000270463;-0,007753639;0,027005656;-0,012727755;0,199787249;0;0
-2,83942E-05;0,003994008;0,00179183;0,055378423;-0,038841965;-0,007501104;-0,003600667;0,001856988;0;-1
0,016142811;-0,034599702;-0,013872403;-0,077475062;0,085032005;0,002159164;-0,025269483;-0,011187123;0;-1
0,058926755;-0,141779054;-0,132816407;0,024925256;0,054960167;-0,199800171;-0,030230601;-0,182518251;0;-1
0,010421105;0,072127437;0,001197145;0,34525891;0,010177287;0,006679428;-0,034695201;0,08673675;0;-1
0,049513971;0,030108223;0,017334935;-0,004877546;0,256986446;-0,016697284;0,004867391;-0,111071782;0;0
-0,000924905;-0,004255279;-0,002395758;-0,009609434;0,009103071;-0,034831414;0,070024181;-0,10906246;0;1
0,000218259;-0,011911846;-0,003727707;0,139016282;0,19816076;0,10321844;0,088733685;0,260239414;0;0
-0,001816313;-0,090113972;-0,039592762;0,073951173;0,039672104;-0,002461621;0,013102169;-0,137564043;0;0
-0,002516003;0,093383646;-0,019747688;0,056015055;0,272358109;-0,01152731;-0,016994407;-0,048434323;0;1
0,00109848;-0,116909334;-0,100592356;0,118111952;0,523099445;0,024486363;-7,90954E-05;0,00268047;0;1
4,3217E-05;-0,102272355;-0,003346137;0,049525905;-0,045861378;0,015955244;0,013138903;0,145580456;0;0
0,000659529;0,038208324;0,001705231;-0,004004028;0,067352325;-0,010046957;-0,012334096;-0,16806827;0;0
0,113207092;0,022228649;0,053509116;0,004783156;-0,010490777;0,06453109;0,037901725;0,073568743;0;0
0,074282284;0,017823444;0,031911325;-0,063129499;-0,045115742;-0,000161297;-0,030760794;-0,00109404;0;-1
0,071277734;0,093539837;0,044854169;0,126855042;0,191136517;0,238336181;0,562900644;0,978630633;0;0
-0,001328657;-0,092803025;-0,078463094;0,012381895;-0,021837595;-0,012337096;-0,013692196;-0,05460628;0;-1
0,006913562;0,042822141;0,025321714;-0,001389103;0,214593128;0,000733125;0,002519794;0,004236892;0;0
-0,001147652;-0,002317601;-0,001094371;-0,02847834;0,045814237;-0,021874514;0,028986;-0,046690812;0;0
0,001245429;-0,000860713;-0,000578108;0,039356423;-0,006453426;-0,016716945;0,02355498;-0,040958471;0;1
0,122730235;-0,139045304;-0,092790636;0,027525843;0,221212991;-0,121678785;-0,025792171;-0,128424692;0;-1
-0,021591441;0,162544288;0,007539724;-0,001766198;-0,045242428;-0,004390847;-0,032666093;0,224462257;0;0
0,001592008;0,018772292;0,024757187;0,111803735;-0,027900559;0,002664996;0,013220666;0,060503466;0;-1
-0,014124566;0,213983693;0,0220501;0,03886958;-0,002306575;0,117001916;0,00583773;0,675062828;0;0
0,77154472;0,001895642;0,002652753;0,002399861;-0,030221404;0,002643881;0,008742865;0,042007693;1;-1
0,003182581;0,049451726;0,017144279;-0,005515089;-0,064026263;0,00271495;-0,006686646;0,036073423;0;-1
-0,005626553;-0,098800565;-0,081270163;0,162580332;0,019355367;-0,007236876;0,013530472;-0,04162116;0;-1
0,050754353;0,001166424;0,000787754;-0,024987547;0,009168813;0,103283685;0,007835377;0,235161764;0;1
-0,011439835;0,179233367;0,195681832;-0,009806626;0,571787702;0,045434468;-0,012323222;0,055816181;0;-1
-0,004479934;0,003433552;0,001909357;-0,004493102;0,034290984;0,045041538;0,009202835;0,071484004;0;0
0,036633929;0,000294339;2,93642E-05;0,016920521;0,02231739;0,076984705;0,01454069;0,224743298;0;1
-0,014124566;0,045227755;0,030183102;0,003123004;-0,007753639;0,042823557;0,0030422;0,272562579;1;0
0,002322507;-0,038819665;-0,001430589;2,24541E-05;0,058752362;-0,005030025;0,00723228;-0,051346577;0;-1
-0,000436651;-0,049244413;-0,034548745;-0,007201513;0,068075355;-0,004763478;-0,009816886;-0,044966201;0;0
-0,001249748;0,024026718;-0,063515253;-0,003159707;0,642707401;-0,02177075;0,009791429;-0,144365872;0;0
0,002625425;-0,008023089;-0,065495987;0,005080682;-0,040950204;-0,011844473;-0,014823298;-0,030187664;0;-1
0,027106827;0,081779027;0,088624927;-0,082225367;0,00805057;0,010831077;0,047597163;0,043148753;1;-1
0,042227448;-0,010094308;0,00156858;-0,005906277;0,002132945;-0,024116207;0,000678978;-0,167730651;1;0
-0,000419664;-0,212793685;-0,11437264;-0,017847939;-0,009678647;-0,026167799;-0,064480633;-0,196165303;0;0
0,018667868;0,026467702;0,030176758;-0,08910251;-0,010992155;0,010776768;0,057687945;-0,017546134;1;-1
0,000493534;0,109603264;0,004218933;-0,007490735;0,032346308;-0,005705642;-0,021180432;-0,04456029;1;0
-0,001319756;0,045970403;0,026898177;-0,007380449;-0,001232818;0,02253701;0,042299066;0,183900471;0;0
0,004838055;0,027587524;0,015949907;0,007594535;-0,001069132;-0,003763701;-0,022848641;0,043814676;1;-1
4,20834E-06;-0,173571182;-0,045046938;0,049945039;-0,005828631;-0,025306752;0,085324742;-0,186808797;0;0
-0,001092306;-0,175856484;-0,029872766;0,003923131;0,032865349;0,021859405;-0,007740127;0,147749016;0;0
-0,021591441;0,048363792;0,001790338;-0,005203494;-0,046340516;-0,006918037;0,012750544;-0,067282106;0;0
-0,001193964;-0,071911952;-0,103361807;-0,001202609;-0,038808679;-0,002290416;0,005943892;-0,018865227;0;-1
-0,014124566;-0,053359952;-0,06056139;0,292052261;-0,008395308;0,262940141;0,00533032;0,421140437;0;0
-0,001643286;-0,031028001;-0,038068748;-0,006722356;-0,002364679;-0,015409177;-0,006036436;-0,008278367;0;0
0,001632693;0,022249525;0,032616635;-0,105737229;0,037012198;0,008552208;0,056249704;0,011415225;0;-1
-0,000571194;-0,16150306;-0,033834967;-0,017847939;-0,009678647;-0,02339507;-0,02673854;-0,150878382;0;0
0,00305926;-0,057649675;-0,049278759;0,151600268;-0,014164413;-0,008257657;0,032280469;-0,009980022;0;-1
0,354389238;-0,051138874;-0,026470872;-0,007518592;-0,004334773;-0,022229423;-0,018333904;-0,147322299;0;0
6,02399E-05;-0,022023366;-0,004469238;0,001283703;0,199342579;-0,014922252;-0,018715549;-0,112560232;0;0
0,576605948;-0,167277279;-0,136788374;0,028912639;0,042935429;-0,21838022;-0,016382546;-0,320529582;0;-1
0,000113235;0,064570236;0,060642154;-0,002124356;0,00853565;0,024956081;-0,014203004;0,175700372;0;0
0,383798044;-0,144152672;-0,167746803;0,178606107;0,011717001;-0,145432322;-0,075819304;-0,067336811;1;-1
0,227943135;0,025769641;0,027642934;0,004574796;0,067581742;0,055698687;0,013934096;0,253557822;0;0
0,263514666;0,408190114;0,212512647;0,46101229;0,050207777;0,506728729;-0,008192418;0,173130871;0;1
0,001757992;-0,074493279;-0,058277711;-0,089560581;-0,040750194;-0,004234015;-0,025886337;-0,008728561;0;-1
-0,00198313;0,002655435;0,00148412;-0,018105103;-1,82548E-06;-0,009230437;-0,016838848;0,026125798;0;1
-0,000842877;-0,071607792;-0,028677938;0,051479138;0,094442021;-0,020527584;-0,019874329;-0,154014344;0;0
-0,002251081;-0,014276724;-0,01116524;0,079666463;0,036369281;-0,000674928;-0,014283433;-0,014457006;0;-1
-0,000509513;0,096150216;0,096781365;-0,102984301;0,342285961;0,014435008;0,001181363;0,0071574;0;-1
0,000746096;-0,079089287;-0,039378694;0,00828677;0,367220043;-0,094863053;0,047980542;-0,143568826;0;-1
-0,002262064;0,000482223;0,000308717;-0,01176344;-0,007773211;-0,017191816;0,000944984;-0,054878671;0;1
1,89868E-05;0,032016821;0,008523995;-0,000988781;-0,00711197;0,053883151;-0,017222585;0,411070378;0;0
0,312955576;0,037331566;0,035180841;-0,005155542;0,027008651;-0,011681228;-0,009896571;0,000312873;0;0
0,002417821;-0,000150273;0,011646694;0,079298376;0,028290959;0,007983918;0,026264752;0,007386574;1;-1
-0,000518122;0,064007609;0,001679373;0,006294628;-0,046706545;0,000467358;0,029161016;-0,059157407;0;0
0,002845871;0,098262299;0,099363153;-0,087171619;-0,059785557;0,031932273;-0,005771273;0,129379281;0;-1
0,98809855;0,070947392;0,053993451;0,143685503;-0,055752133;-0,111699999;0,156179014;-0,221615834;1;-1
-0,002191111;-0,02767641;0,003176592;0,008017809;0,074710515;-0,008348884;0,019221139;-0,078406832;0;0
0,003898024;0,007025113;0,010079795;-0,098536482;-0,012679756;0,001314397;0,004909313;-0,022980466;1;-1
0,001211396;0,013829352;-0,006321331;-0,004784663;0,038559229;0,025076066;-0,002070118;0,256391054;1;0
0,00628289;0,060145717;-0,061155744;-0,012745826;0,014735578;-0,011830989;-0,045212902;-0,047540571;0;1
-0,014124566;-0,193407633;-0,09230738;-0,017847939;-0,009678647;-0,026167799;-0,064480633;-0,196165303;1;0
-0,000550631;0,000365839;0,000202308;-0,016153863;0,027050608;-0,021936332;-0,007776225;-0,008441508;0;1
0,098564368;-0,062023642;-0,026471474;-0,006118958;0,038660755;0,403596152;-0,014385191;0,613995084;0;-1
0,058462298;0,018442929;0,016108035;-0,005085529;-0,000548621;-0,012269154;-0,005148854;-0,021720924;1;0
0,000475083;-0,093701456;-0,00312731;0,012693886;0,080981468;-0,010894796;0,00842294;-0,15854284;0;-1
-0,000932531;-0,000910839;-0,000265448;-0,020649878;-0,034358011;-0,017846849;-0,049662254;-0,021973563;0;1
0,014266551;-0,142413577;-0,246542467;-0,008365627;-0,02675816;-0,003168118;-0,006205724;-0,040319083;0;-1
0,001837522;-0,000890537;-0,000731253;-0,018199259;-0,03355764;0,008127856;-0,014442932;0,002978499;1;0
-0,000573711;0,015077268;-0,004566156;0,011176997;-0,00729991;0,034823495;-0,003531398;0,249359554;0;0
-0,000350841;0,02095256;0,011878252;-0,001059755;0,184178553;0,060004591;0,001451573;0,300177192;1;0
0,001398645;-0,032182214;-0,001160332;0,010146986;0,042937551;0,000530725;0,009483093;-0,060551018;0;0
-0,001063263;-0,107258353;-0,002712179;-0,002520727;0,013106017;0,003086747;0,072907684;0,003905543;0;0
-0,000989521;0,020551748;0,025010883;0,003679272;0,240643213;0,002786529;0,010889355;-0,014890309;1;0
-0,000708758;-0,00755696;0,000892775;-0,0136414;0,029437218;-0,00539574;-0,011032443;-0,00768363;0;0
-0,000649804;-0,001463367;-0,000872055;-0,006130935;-0,027606609;-0,017834501;0,151776706;-0,059390807;0;1
0,024167943;0,030153082;0,070548793;-0,029938869;0,014597712;0,050528771;-0,095884865;0,159888834;0;0
-0,002201969;-0,0101093;-0,016361035;0,008690716;0,16812407;0,016819653;0,017958473;0,105851181;1;0
0,011551609;-0,081710826;-0,069072703;-0,007964406;-0,006088872;-0,040554386;5,95349E-05;-0,053866948;0;1
0,039137887;0,000570782;0,000187928;0,096771863;0,018498032;0,053803013;-0,04034754;0,292936169;0;1
0,040262763;0,008927378;-0,000109385;0,005114688;-0,038470802;-0,00130482;-0,001011551;0,00097163;0;-1
0,000499102;-0,071147849;-0,058357924;0,155471967;0,007249142;-0,007287071;0,0612048;-0,052427849;0;-1
0,030782865;-0,034088868;-0,034097723;0,001499865;0,219863275;-0,014529477;0,023091429;-0,115417975;0;0
0,002339565;-0,035645589;-0,02974569;0,043891492;-0,046308113;0,001276528;0,023336581;-0,009178478;1;-1
-0,000962098;-0,100974997;-0,061201109;-0,005215134;0,249104119;0,015028493;-0,012225453;0,087388945;0;0
0,001137486;0,024521743;0,00087804;-0,001501754;-0,043080801;-0,000584096;-0,014176743;0,042712095;0;-1
-0,000384761;0,140982805;0,134615047;-0,012198129;0,184290638;0,022605051;-0,007998347;0,142191651;0;0
-0,000540918;0,040735513;0,05460429;0,001302655;0,07462995;0,002516347;0,004695918;0,040184431;0;-1
-0,014124566;-0,065053046;-0,036006332;0,030510165;-0,009678647;-0,020000774;-2,6379E-05;-0,151688975;0;0
5,96898E-05;-0,004337014;0,021161882;0,002317343;-0,027459369;0,141785497;-0,010906245;0,056142195;0;-1
-5,05977E-05;-0,069572409;-0,080822233;0,393310226;0,140770105;0,03197377;0,162421952;0,09810503;1;-1
0,07310435;-0,059619443;-0,033702431;-0,00680542;0,164003106;-0,022548611;-0,005590564;-0,166213172;0;0
0,005772449;-0,04787987;-0,059487732;0,0271339;-0,008395308;0,197932283;0,053929279;0,277419358;1;0
-0,002200315;-0,000209924;0,0002337;-0,04892345;-0,008751896;-0,028748881;-0,030882455;-0,064682064;0;0
-0,002366377;0,272601857;0,397938676;-0,003525523;-0,029250909;0,025026667;-0,032514488;-0,019085294;0;-1
0,007430606;-0,071939751;-0,060997428;0,119813805;0,011857355;-0,003959508;0,012661226;-0,025833588;1;-1
-0,000253908;-0,064348895;-0,001706472;-0,005624261;-0,009382495;-0,010469623;-0,018759168;-0,16605822;0;0
0,028074749;-0,007950837;-2,096E-05;0,000691392;0,002570101;-0,016349028;0,014634628;-0,101789328;0;0
0,022519757;-0,072451399;-0,004363346;-0,005837051;0,458497622;-0,054351108;0,002765107;-0,201680241;0;-1
0,212631961;-0,101430157;-0,058582776;-0,007600618;0,022994291;-0,022912591;-0,007550889;-0,166090423;0;0
0,003682087;-0,142810827;-0,099528953;-0,022433808;0,504068788;-0,013499571;-0,000381145;-0,019724596;0;1
0,000791343;-0,000412599;1,20791E-05;0,098021035;-0,034358011;0,058242282;0,133254382;0,077921259;0;1
0,021535506;0,038227324;0,042273998;-0,054892;-0,016446983;0,002066559;0,01371244;0,058274226;1;-1
0,001441031;0,073517373;0,03737919;0,001264274;-0,006658;0,000773761;0,009847614;0,069922351;0;0
-0,001226538;-0,146290648;-0,004810734;0,235507818;0,143990824;0,185201366;0,117645227;0,305907811;0;1
-1,70093E-05;0,056189175;0,06722647;-0,102775432;-0,011921931;-0,0057616;0,009639275;-0,034727204;0;-1
0,005318869;-0,021341225;-0,008548431;-0,099602734;-0,006263615;0,005880869;0,053899378;-0,008355531;1;-1
0,077880595;-0,001892856;-0,000993352;0,001333904;0,009266808;0,045254834;-0,030806058;0,089765656;0;1
-0,026534203;0,018385092;0,063702202;-0,02562292;0,03081879;-0,024950525;0,10603499;0,270312191;0;0
0,090135338;-0,171277252;-0,065461579;0,035556396;-0,053603125;0,187598946;0,049361683;0,341665445;0;-1
0,155555294;0,007268414;0,048588461;-0,005196773;0,221303224;0,249182204;-0,003188236;0,312314595;0;-1
-0,000514075;-0,013371529;-0,000191951;-0,000487637;0,075439963;-0,008881766;0,01319973;-0,157962463;0;-1
6,42262E-05;3,01371E-05;-6,60413E-06;-0,041711332;0,018949826;-0,017214243;-0,053159779;-0,007594253;0;1
0,001121135;0,040818572;0,051729727;0,068296008;-0,024571836;0,004672088;0,004503662;0,069491266;0;-1
0,001705252;-0,03708683;-0,02557712;-0,002581463;-0,032238106;-0,002708331;-0,009828952;-0,005920403;0;-1
-0,001798039;-0,197512269;-0,16576988;0,020629259;0,757425924;-0,002448203;0,018744552;-0,097174125;0;0
-0,021591441;-0,091066156;-0,002943282;0,004599958;0,00812504;-0,002860739;0,04142899;-0,036077101;0;0
7,4438E-05;-0,018555661;-0,006286532;-0,06274977;-0,064426638;-0,002196379;-0,012829867;-0,026121483;0;-1
0,000115579;-0,084271055;-0,074457232;0,006171972;0,141263987;0,11185359;-0,031206649;0,140872005;1;-1
-0,005437563;-0,046789353;-0,00133552;0,036810397;-0,046706545;0,004089777;0,013116905;-0,009454143;0;-1
0,091491352;0,05398298;0,063779843;-0,057208198;0,208192575;0,014779123;0,049064556;-0,000283757;0;-1
-0,001091044;0,052990721;-0,05279466;-0,003641268;0,642707401;-0,02187761;-0,025430503;-0,141105122;0;0
0,000510861;0,001957459;0,001380079;0,02567547;0,019726866;0,059052901;-0,019555941;0,220071613;0;1
-0,001013044;-0,010443081;0,000231107;0,021835742;-0,004468475;0,0019721;0,001595703;-0,138262309;0;0
0,000342355;-0,008320302;0,003864351;0,428745409;0,382629067;-0,00189592;0,020300606;-0,015280002;0;-1
0,000135977;-0,038672963;-0,028834829;0,004704429;0,007542268;0,02362991;-0,014706336;0,165046775;0;0
0,051320017;5,13809E-05;9,68996E-05;0,070545615;0,002402746;0,065251583;-0,036767796;0,147705061;0;1
0,005013968;-0,056600078;-0,048888721;0,192112592;0,054128732;0,008749746;0,016725731;-0,014912049;0;-1
-0,002205456;0,002137516;0,001011331;-0,038474421;0,031066765;-0,015672646;0,014602962;0,027630849;0;1
-0,000595837;-0,197384585;-0,075981899;-0,017847939;-0,009678647;-0,026167799;-0,064480633;-0,196165303;0;0
-0,002065297;0,082806055;0,06813485;-0,00160567;0,499575429;0,064415615;-0,002584816;0,400012068;0;0
0,08775937;0,128412216;0,127397668;0,0116287;-0,052164006;0,139416722;-0,019080312;0,329124565;0;-1
0,001243482;0,036180515;0,043950502;0,113735249;-0,02897541;-0,000212008;-0,004810313;0,006394471;0;-1
0,000503312;0,138835667;0,125437914;-0,103969443;0,222456316;0,005585305;-0,001028485;0,044920911;0;-1
0,002461629;0,01146842;0,008707186;0,057947166;4,74996E-05;0,011146969;-0,026537648;0,059361352;0;-1
0,163644378;-0,088348872;-0,070384832;0,354617645;-0,067948464;0,149860819;0,012295978;-0,108130613;0;-1
-0,003004825;-0,009444939;-0,010137344;0,012956849;-0,057694794;0,01486545;-0,023719545;0,085345385;0;-1
-0,005835281;0,001036691;0,000796553;0,011993938;-0,022001431;0,019653076;0,004227384;0,099286169;0;1
-0,000273759;-0,002038447;-0,001003825;-0,021321521;0,032969776;0,02496808;-0,017643354;0,052240567;0;0
0,000172826;-0,141583278;-0,043288866;0,014014539;0,097876958;-0,016804494;0,00732121;-0,023053378;1;0
0,013526543;-0,021116649;-0,016867669;-0,019410778;-0,006163172;0,042421516;0,046818739;-0,160714883;0;0
0,046562093;0,023307158;0,050091422;0,012823187;0,246131073;0,316553132;0,096654557;0,408019857;0;0
0,001715183;0,026466184;0,026981425;0,146410877;0,005996336;-0,010264897;0,02259102;-0,041677311;0;-1
-0,00056329;0,021911362;0,001440326;0,013457812;-0,045974487;0,006529826;-0,021189785;0,181674726;0;0
0,022970479;0,00025823;0,025000279;-0,006890431;0,011518608;0,058189582;-0,045775902;0,178033242;0;0
0,000458045;0,004169093;0,014816274;-0,105934855;-0,025727569;0,002638328;0,013822005;0,014176743;1;-1
0,00184721;-0,010444816;-0,002954464;0,01752911;0,575732536;0,021734547;0,00797249;0,17559774;0;0
0,003655106;-0,018254298;-0,002521812;0,164325597;-0,033508385;-0,009665525;0,049966588;-0,046159277;0;-1
0,036019298;0,010879211;0,024881643;-0,001444707;0,30494232;0,003899473;-0,01106553;0,037856164;0;0
0,511771955;0,387333265;0,379571627;0,686201295;-0,053603125;0,125641947;-0,022489677;0,583422419;0;-1
0,663965071;0,069456319;0,01398141;-0,021490887;0,867782476;-0,033513053;-0,00044649;-0,003041812;0;1
0,006610288;-0,002509105;-0,001121322;0,039645708;-0,006182173;-0,003041042;-0,031724697;-0,024655552;0;1
0,016557328;-0,051225658;-0,001211142;-0,001902924;0,004471597;-0,011346471;0,003033288;-0,172340052;0;0
0,000913799;-0,006174246;0,006252807;-0,091805241;0,005336985;-0,008602928;-0,023211399;-0,008698149;0;-1
0,053547147;-0,105848112;-0,003270414;0,015225743;0,041700556;-0,007410074;0,139053435;-0,191029739;0;0
0,058316159;0,02174206;0,012962184;-0,00628948;0,008658597;-0,008840816;-0,006937181;-0,026569322;0;0
0,000361413;-0,052864826;-0,001584045;-0,001161728;0,151114369;-0,000145808;-0,023024172;0,071230829;0;0
1;-0,090647824;-0,121878605;-0,005161802;0,186211233;-0,001963704;0,003046287;-0,012178736;0;-1
-0,014124566;0,249936266;0,20390485;-0,017847939;-0,009678647;-0,021187985;-0,027456004;0,03428443;0;0
0,000410186;-0,086309344;-0,003166677;0,004492423;0,04867427;0,002968613;0,008454539;0,025911812;1;0
0,000261936;0,071109261;0,076768233;-0,104789765;0,01744149;0,004632986;-0,014701224;0,05676651;0;-1
0,000723835;-0,058181977;-0,027964863;-0,002512413;0,113753725;-0,014551321;0,000119313;-0,096770346;0;0
-0,004334546;-0,182622451;-0,058063767;-0,012763835;-0,009678647;-0,006833863;-0,003115547;0,062691388;0;0
-0,000777853;-0,018717604;-0,007653673;0,006101654;0,155817804;-0,000555984;-1,3906E-05;-0,056857542;0;0
-0,028282701;0,247965749;0,035930476;0,206877536;-0,006088872;-0,058321075;1;-0,090492682;0;1
-0,014124566;-0,027446178;-0,015527772;0,155221788;-0,001978616;0,012221935;0,091798131;-0,078303932;0;0
-0,001637826;-0,003968091;-0,001823448;-0,018788037;0,030225783;-0,008854158;-0,05504358;-0,037895357;0;0
-2,51356E-05;-0,041926846;-0,038490085;0,157426505;-0,026463275;-0,008405271;0,040794521;-0,011952795;0;-1
-0,002190867;0,088525777;0,048805968;0,000901049;0,155060058;0,061007398;-0,007606491;0,383760422;1;0
-0,000891995;-0,017359788;0,005602319;0,064442639;0,11244569;-0,00321951;0,006163879;-0,095378928;0;0
-0,00263467;0,223515814;0,246231996;-0,009270578;0;0,030548222;-0,010318205;0,120126839;0;-1
0,021766141;0,337148629;0,399263882;-0,008585806;0,042753712;0,055017012;-0,004832638;0,647322565;0;-1
0,00054805;-0,039495706;-0,001513332;0,004387239;0,014187444;-0,007883301;-0,015120588;-0,077496603;0;0
0,004242405;-0,055584297;-0,028593098;-0,017324491;-0,006088872;-0,035898613;-0,000395913;-0,04060777;0;0
0,000865091;0,000259159;0,000305087;0,01105962;0,07627796;0,026396117;0,057636676;0,07494494;0;1
-0,000818227;-0,042612499;-0,067335138;0,092874194;0,057445777;0,000950866;0,027571778;-0,009666811;0;-1
0,003473349;-0,085065618;-0,003061052;0,027093285;0,083610872;0,002425647;-0,016803725;-0,036556622;1;-1
-0,001839004;-0,084158502;-0,073325519;-0,103581634;0,011216776;0,051272982;-0,005124117;0,134580136;0;-1
-0,019777568;0,104844553;0,069258582;-0,00261817;-0,024242222;-0,004103763;-0,002609166;-0,026929772;0;-1
-0,001574347;0,029349132;0,016278097;0,003772623;0,293575699;0,013839666;-0,005176975;0,107985872;0;0
-0,122842899;0,561359336;0,322087625;-0,022357034;-0,053603125;1;0,024798937;1;0;0
0,009512469;0,001522101;-0,004164656;-0,015153877;0,027336984;-0,004842907;-0,017418977;0,005119509;0;-1
0,277765959;-0,254657616;-0,288537142;0,190026383;-0,019418714;0,287722868;0,036793036;0,287779432;1;-1
0,002995301;0,079146617;0,001638954;0,033871697;0,00106059;0,020998679;0,123877635;0,194031831;0;-1
0,003870869;-0,106723553;-0,099956473;0,18251451;-0,03035349;-0,012939291;0,007526669;-0,049028719;0;-1
0,001296267;-0,019106793;-0,005971088;-0,091027498;0,032423865;0,013553222;-0,021119345;0,060686202;0;-1
0;-0,171289764;-0,079597949;0,022065602;0,211114505;-0,025849914;0,00211672;-0,191123278;0;0
-0,000559024;0,137714793;0,133784586;-0,102871179;0,137954046;-0,002251225;-0,029892884;0,005278059;0;-1
0,004492992;0,073743295;0,049497314;0,059894567;0,117991386;0,0895483;0,021563193;0,237324951;1;0
0,536008425;0,278503587;0,338064171;0,115423682;-0,032575855;0,128833559;-0,019139474;0,089749903;1;-1
0,002667999;0,006192401;0,012837006;0,068170027;-0,043978637;0,007333484;-0,042122366;0,115338593;0;-1
0,018016654;-0,002292848;-0,001071561;0,041474427;0,022050921;0,018914506;-0,00384637;0,030973762;0;1
0,000167274;0,028560378;-0,023845612;-0,014752926;0,003842532;0,003580551;0,006797115;0,035229167;0;-1
0,001112854;-0,00261439;-0,001208163;-0,034948108;0,024278981;-0,025847622;0,015175683;-0,076612293;0;0
-0,001091919;-0,183568117;-0,067182146;-0,014444988;-0,009678647;-0,025991243;-0,023233357;-0,19082575;0;0
0,002297263;0,029842804;0,000345204;0,005531224;-0,017026723;0,008438438;-0,019448017;0,215248669;0;0
0,00135665;0,001495782;0,000978879;-0,04491413;-0,015125486;-0,018601269;-0,048352331;0,016727503;1;1
-0,000594972;0,02684484;0,029912012;-0,000325581;0,13781263;-0,000552572;-0,018850515;0,028526338;0;0
0,005763784;-0,16478995;-0,094876098;-0,001022024;0,106148055;-0,037453529;-0,003576486;-0,175328265;0;-1
0,000435849;-0,000433435;-0,000297374;-0,04194303;-0,003856263;7,15328E-05;0,121309546;-0,028536685;1;0
-0,014124566;-0,101819509;-0,065775539;-0,009312852;0,448806114;-0,013885571;0,271942821;-0,098489588;1;0
0,000132158;-0,018070916;-0,001447649;0,061618772;0,076939997;0,201057455;-0,017973735;0,451948104;0;0
-0,001000286;-0,17885288;-0,016418517;0,014894281;-0,009678647;0,074801574;0,020360731;0,386704174;0;0
0,00037256;-0,109905706;-0,11761767;-0,002123033;0,035095808;-0,300856958;-0,031308269;-0,436722729;0;-1
0,002126005;0,115930739;0,004380335;-0,010695493;-0,000604969;-0,00235824;0,020051045;-0,033599814;0;-1
0,002358442;-0,027355925;-0,000316134;-0,002545692;0,045472425;-0,005654594;-0,029687344;-0,027015517;0;-1
-0,000324049;0,096115683;0,089942141;-0,098017017;0,02361817;-0,010815921;-0,024345109;-0,04299247;1;-1
-0,011027698;0,030186875;-0,016796932;-0,005760502;-0,006088872;0,007406763;-0,000275213;0,022125671;0;1
0,00282006;-0,029076443;-0,023031372;0,003112387;-0,021437027;0,01854011;-0,008325382;0,066298634;1;-1
0,03109967;0,018218695;0,048264234;-0,031328084;0,009723257;0,063033917;-0,078465742;0,190103033;0;0
0,139089792;-0,011760246;0,000185771;0,011288249;0,536047256;0,046306844;0,003391136;0,253244391;0;0
0,000262716;-0,031579463;-0,008158534;1;0,185693054;-0,02275298;0,441822427;-0,157063677;0;0
0,0063637;0,043899732;0,001827894;-0,004103587;0,047894811;0,012213297;-0,022206016;0,111869028;0;-1
0,001012811;-0,06234281;-0,043684852;-0,087816213;-0,064426638;-0,018505077;-0,003983352;-0,07536269;0;-1
-0,014124566;0,025646301;0,014235325;-0,002879761;-0,009678647;0,067229724;0,011142799;0,19719126;0;0
0,001207326;-0,163559511;-0,00526497;0,014281929;0,130153716;0,036898857;0,005260506;0,25636733;0;-1
-0,000273495;-0,074670157;-0,027200373;-0,004655502;0,09224151;0,006880234;-0,000893243;-0,052855023;0;0
0,299463121;-0,222917271;-0,276273643;0,009127643;0,044303512;-0,003382857;0,062628244;-0,084485386;0;-1
0,027312937;-0,061947759;-0,047188517;-0,048943954;0,024821109;-0,003404547;0,020360704;-0,029974195;0;-1
0,005122196;-0,035376037;-0,011078794;0,150394382;0,041692329;0,202648425;0,114720349;0,276142561;0;0
-0,093332913;0,076413294;0,041910266;-0,022639971;-0,006088872;-0,004823085;-0,000310585;-0,019301546;1;-1
-0,000254545;0,085506919;0,075669562;0,017957552;0,28119884;0,123156178;0;0,623870731;1;0
-0,000428321;-0,07644549;-0,059922063;0,169135418;0,045248828;-0,012472401;0,007957451;-0,052388924;0;-1
-0,002297847;0,077126903;0,065766143;0,063527439;-0,040876773;0,029970328;0,001357399;0,154022072;0;-1
0,005848459;-0,03525659;-0,024102417;-0,003818447;0,130755927;-0,027649412;7,97733E-05;-0,046783087;0;1
0,000994711;-0,175257457;-0,095661847;-0,009991904;0,443318056;-0,017622162;-0,010864634;-0,088769986;0;0
0,053517581;-0,000187137;0,000197174;0,186157467;0,018887439;0,119688606;0,063558082;0,281595785;0;1
0,002529177;-0,026595355;-0,018679955;-0,100137246;0,020336846;-0,014184445;0,016435666;-0,061155847;0;-1
0,000570597;-0,000317864;-1,21404E-05;-0,03809287;0,03347008;-0,012218392;0,030008611;-0,029984815;0;0
0,118910438;0,007356382;0,020142333;-0,007251345;-0,064026263;-0,004652328;-0,006440954;-0,055167616;0;-1
-0,00058083;-0,00533078;-0,000864963;-0,013895252;0,047466779;0,011235851;-0,020157606;0,033135437;0;-1
-0,014124566;0,04528217;0,013133676;0,007960539;-0,008395308;0,012787347;0,00764024;0,049128857;1;0
0,060083284;-0,011205677;-0,000284005;-0,00571555;-0,002246265;0,002280181;0,026647617;0,028300232;0;-1
-0,000205662;0,019104174;0,028011451;-0,097425181;0,033323074;-0,006799586;0,014919062;0,005641677;1;-1
0,005612099;-0,002583532;-0,001976373;-0,038180268;0,02413174;-0,002721445;-0,040925857;0,023098876;1;0
0,011887206;0,001508337;0,000812762;0,02314262;0,219552352;-0,007787075;0,090643714;-0,020830474;1;1
-0,014124566;-0,1021669;-0,07724664;-0,017847939;0,057586536;1;0,601345565;0,093394085;0;0
-0,033137705;1;1;-0,078986337;-0,034358011;-0,038824774;-0,223617051;-0,118308287;0;1
1;-0,007916374;0,004768019;0,097260441;0,059311863;-0,00111554;-0,030144079;-0,007799063;1;-1
-0,021591441;0,000791442;0,000315493;-0,000129174;0,129925604;-0,004993164;-0,005748504;-0,074894873;0;0
0,001056044;0,020736497;0,019956159;-0,083419091;0,064433443;0,041751514;-0,001384495;0,107803913;0;-1
0,003317391;-0,002967644;-0,002149733;0,009733133;-0,018122934;-0,025356819;-0,002585383;-0,057089076;0;1
0,002486693;-0,029336934;-0,019338111;-0,098791685;-0,060463461;-0,007040177;0,046152375;-0,036877204;1;-1
0,022154655;0,010415048;0,067034198;0,015631885;0,561492946;0,047954601;0,022841265;0,080542292;0;-1
-0,001226891;0,028717549;0,021867963;0,015951318;0,701123383;0,044962027;0,001091929;0,149568286;0;0
-0,000660845;-0,179671128;-0,054147154;0,002288955;-0,006658241;-0,024212776;0,011514697;-0,166249654;0;0
0,194255404;0,131536335;0,18895585;-0,00263565;-0,053603125;0,319058352;0,002042166;0,399790503;0;-1
0,387417704;0,111247943;0,149259308;-0,002232898;-0,063156548;0,018530036;-0,000278122;0,589202178;1;-1
-0,000839636;-0,192248781;-0,062143267;0,344874791;-0,009678647;-0,022476942;0,013986476;-0,160997908;0;0
-0,000268783;-0,042461964;-0,083464169;0,042973074;-0,026697746;0,226388115;-0,026036926;0,120214978;0;-1
0,000132453;-0,00079258;-0,000586801;-0,02790865;0,18229121;0,030563605;-0,056813962;0,195928254;0;1
-0,000849876;0,000995802;0,000814162;-0,030579594;0,057978052;0,031255361;-0,042162155;0,082736902;0;1
0,001505249;0,10339169;0,004479387;0,008441856;0,254746998;0,027838205;-0,011200201;0,254573055;0;0
-0,000249562;-0,029233099;-0,00064287;0,005339971;0,028109755;-0,011372276;0,016517611;-0,149723654;0;0
-0,00156312;-0,031204694;-0,041344336;-0,007861306;-0,005828631;-0,016013516;-0,006456498;-0,06795667;0;0
-0,021591441;-0,016634892;-0,000813505;0,016642109;0,003745052;0,018617717;0,011122248;0,178345898;0;0
-0,001418193;-0,070616463;-0,063508593;0,260288432;-0,016858602;-0,004880581;0,023898478;-0,044134871;0;-1
0,080236974;-0,074852199;-0,001684104;0,022495251;0,050722347;-0,012276019;0,10071076;-0,20936834;0;0
0,001426134;-0,027437916;-0,031517897;0,121084589;-0,032903539;0,02508025;0,004631684;0,047860243;1;-1
0,016189309;0,070013507;0,092270084;0,048864997;-0,024179807;0,004741776;0,011072061;0,043646688;0;-1
-0,000989225;-0,212793685;-0,11437264;-0,017847939;-0,009678647;-0,026167799;-0,064480633;-0,196165303;0;0
-0,000727847;0,070723274;0,052418216;0,004584403;0,256976285;0,050634697;-0,000272166;0,049260738;1;0
0,002009892;-0,040769091;-0,035126092;0,046158989;-0,012452078;0,007160051;-0,016549479;0,051810457;0;-1
0,001741047;0,046606792;0,047566659;-0,09511432;0,523803686;0,0082762;-0,023689567;0,11327566;1;-1
-0,000683068;-0,030031595;-0,0009865;0,01484346;0,035599496;0,003170587;0,033987384;0,081846588;0;0
0,001244085;-0,072565165;-0,062731224;0,221223575;0,041797623;0,012403447;-0,006156086;0,032879278;1;-1
0,003990038;0,102694547;0,049938922;0,001101358;0,057786396;0,010404755;-0,019399515;0,046614227;0;-1
0,002952741;-0,14725442;-0,153667647;0,014699187;0,323227932;-6,08944E-05;0,112226174;-0,047157427;0;-1
-0,001519704;-0,0110974;-0,004699232;-0,000142076;-0,009678647;-0,014161121;0,005587428;-0,068216351;1;0
0,014076136;-0,082040637;-0,070771569;0,086006286;0,017711086;0,021679887;-0,015642166;-0,021700577;1;-1
0,017260017;-0,099110969;-0,11764705;-0,001977686;0,164532572;0,011918176;0,005660129;0,025074425;0;-1
0,004882653;-0,014145428;-0,003682077;0,018084409;-0,009678647;0,053667389;0,009722241;0,08913772;0;0
0,013441747;-0,045539632;-0,044867621;-0,018273395;0,41648316;-0,026255624;0,000140519;-0,024915561;0;1
-0,001022007;0,229412127;0,195971868;-0,004660327;0,125010279;0,152589257;-0,013199583;0,353095463;0;0
0,009763672;0,016525063;0,069764725;-0,004480045;0,545146189;0,011911441;0,009605787;-0,108681298;0;-1
0,000343364;0,03698836;0,038632551;-0,001508766;0,174038643;0,002400205;-0,006526438;0,037646919;0;0
0,004037885;-0,086540313;-0,075522501;-0,001143483;-0,03286813;-0,016620362;0,025478697;-0,063186878;1;-1
-0,001093236;-0,081702648;-0,033035567;0,134152152;0,207986397;-0,016408446;0,076313999;-0,141276847;0;0
-0,000464797;0,077753555;-0,035386397;0,022031862;0,253660052;0,002305905;0,01804882;-0,152775526;0;0
-0,001948664;0,003261303;0,001890683;-0,020459895;-0,034358011;-0,004130389;-0,043111821;0,00282247;0;1
-0,005833307;-0,383059159;-0,264576605;-0,039763585;-0,006088872;-0,058324081;-0,001743629;-0,090495007;0;0
-0,001975426;0,000579216;0,000528298;-0,017781697;-0,013854076;-0,011192488;-0,003047684;-0,007361255;0;1
-0,014124566;-0,212771897;0,022208578;-0,017847939;-0,009678647;-0,026167799;-0,064480633;-0,196165303;0;0
-0,033137705;-0,002108917;-0,00116067;-0,047472788;-0,034358011;-0,031219455;-0,033927577;-0,086330966;0;1
0,134182124;-0,117722282;-0,059842548;0,020879865;0,799446342;0,008670188;-0,012816255;0,253844201;0;0
0,002716078;-0,032727507;-0,020737016;-0,104215518;0,010424113;-0,011652596;0,016250818;-0,013615133;0;-1
0,06166405;0,053813112;0,002440946;-0,008822939;0,213288246;-0,002553805;-0,015091859;-0,071618792;0;-1
-0,022955409;-0,049286894;-0,029133324;0,054629558;-0,019898051;-0,011316222;-0,024000725;-0,032647722;0;-1
0,029469564;-0,037504956;-0,030918372;0,008883267;0,008954223;-0,02224356;0,000304092;-0,037610463;1;-1
-0,018621246;-0,314400303;-0,345578573;0,06030622;-0,017997039;-0,023960346;0,109231011;-0,000281681;1;-1
0,000105078;-0,03148553;-0,024420174;0,078285716;-0,05117104;-0,009534334;-0,008429801;-0,034200385;1;-1
0,000431373;0,004994303;0,02095582;-0,00291217;0,225069789;0,006557507;-0,015840979;0,049190522;0;0
0,112881002;0,008644459;0,003759404;0,033898808;-0,015256235;0,064449257;-0,008400796;0,203360718;0;-1
-0,000128352;0,103354034;0,090445453;-0,105158675;0,025331767;0,029746546;-0,040601627;0,168830955;0;-1
0,358117127;-0,024296181;-0,005075621;0,002797858;0,005490192;-0,022568768;0,025547992;-0,14853084;0;0
0,004924842;0;-0,000303978;0,002208468;-0,018443148;0,003643994;-0,002634149;0,10061942;0;0
0,044813837;0,06209996;0,042546038;-0,007317477;-0,004607943;-0,008804864;-0,006988866;0,017401321;0;0
0,003912945;0,102567019;0,003039554;-0,005183534;0,127382878;0,007722966;-0,030200913;0,252204187;0;-1
0,153407204;0,047350126;0,039967738;-0,005964057;0,17849564;-0,007477641;-0,014892878;0;1;0
0,000221307;-0,019750668;-0,043067435;-0,019752607;0,389484315;-0,02029198;-0,000254457;-0,017066198;0;1
0,023073124;-0,066531258;-0,028844404;-0,002740408;0,256301254;-0,019073878;-0,011590531;-0,134981094;0;0
0,148481627;-0,299211662;-0,361147753;0,066446617;0,117552122;-0,055286366;0,071064641;-0,007969403;0;-1
0,006223632;0,001206166;0,000828835;-0,001616241;0,078196343;0,008065036;0,021506756;0,017100977;0;1
0,04180299;-0,039257123;-0,00153411;-0,00068579;0,042095252;-0,004872563;0,005994081;-0,063338786;0;-1
0,140250901;0,03782162;0,033197644;-0,004974093;0,05816985;-0,018855269;0,0125851;-0,130376109;1;0
0,000385593;-0,051005598;-0,050660642;0,01027432;0,049548309;-0,173058592;0,020975776;-0,276382156;0;-1
0,001705626;4,33577E-05;-2,46286E-05;-0,024779883;-0,034157918;-0,010138035;-0,004541785;0,015008827;0;1
0,000579998;-0,00718148;0,010194827;-0,101859886;-0,064426638;0,01220432;0,052088954;0,045739198;0;-1
0,000241433;-0,005324571;0,012974344;0,02763067;-0,004133685;0,000291726;-0,023896978;0,022736795;0;-1
0,075108634;-0,005241926;-0,064264612;-0,007429222;0,023047706;-0,01561581;0,005153458;-0,060641679;0;1
-0,000841917;-0,014903652;-0,020122358;0,002788991;0,244439712;0,050475597;-0,011949787;0,029996242;1;0
0,170987197;-0,104629914;-0,152576232;0,082317264;0,174916677;0,304419987;-0,004604105;0,03960493;0;-1
0,091840119;0,129483803;0,111966146;-0,061784366;-0,021286191;-0,007522598;-0,010325812;-0,000342188;0;-1