<?xml version="1.0" ?>
<project name="Texture Model" >
	
	<assets>
		<attributes>
			<!-- Edges parameters -->
			<attribute type="COLOR" name="edgeSize" data="FLOAT" value=0.001/>
			<!-- toon parameters -->
			<attribute type="COLOR" name="toonlevels" data="FLOAT" value=4/>
			<!-- cross-hatching parameters -->
			<attribute type="COLOR" name="hatching" data="FLOAT" value=4.0/>
			<attribute type="COLOR" name="hatchingV" data="FLOAT" value=4.0/>
			<attribute type="COLOR" name="pixel_height" data="FLOAT" value=10.0/>
			<attribute type="COLOR" name="pixel_width" data="FLOAT" value=10.0/>
			<attribute type="COLOR" name="screenSize_height" data="FLOAT" value=800.0/>
			<attribute type="COLOR" name="screenSize_width" data="FLOAT" value=1024.0/>
		</attributes>

		<scenes>
			<scene name="Sphere" param="UNITIZE">
				<file name="models/Sphere.obj"/>
			</scene>
			<scene name="geom" param="UNITIZE">
				<file name="models/geom.obj"/>
			</scene>
			<scene name="viper" param="UNITIZE">
				<file name="models/viper.obj"/>
			</scene>
		</scenes>
		
		<viewports>
			<viewport name="MainViewport">
				<CLEAR_COLOR r="0.0" g="0.0" b="0.0" />
			</viewport>
		</viewports>
		
		<cameras>
			<camera name="MainCamera" >
				<viewport name="MainViewport" />
				<POSITION x=0 y=0 z=3 />
				<VIEW x=0 y=0 z=-1.0 />
				<NEAR value=0.01/>
			</camera>
			<camera name="HatchingCamara" >
				<viewport name="MainViewport" />
				<POSITION x=0.4 y=0.2 z=1.5 />
				<VIEW x=-0.4 y=-0.2 z=-0.9 />
				<NEAR value=0.01/>
			</camera>
			<camera name="HatchingViperCamara" >
				<viewport name="MainViewport" />
				<POSITION x=1.5 y=1.2 z=0.25 />
				<VIEW x=-0.7 y=-0.7 z=-0.06 />
				<NEAR value=0.01/>
			</camera>
			<camera name="ViperCamara" >
				<viewport name="MainViewport" />
				<POSITION x=-0.2 y=1.4 z=1.4 />
				<VIEW x=-0.03 y=-0.85 z=-0.53 />
				<NEAR value=0.01/>
			</camera>
		</cameras>
		
		<lights>
			<light name="Sun">
				<DIRECTION x=-2 y=-2 z=-2 />
			</light>
		</lights>
		
		<materialLibs>
			<materialLib filename="textureModel.mlib" />
		</materialLibs>
	</assets>
	
	<pipelines>
		<pipeline name="hatching" >
			<pass class="default" name="hatching" >
				<scenes>
					<scene name="geom" />
				</scenes>
				<camera name="HatchingCamara" />
				<lights>
					<light name="Sun" />
				</lights>
				<materialMaps>
					<map fromMaterial="*" toMaterial="hatching" toLibrary="Texture" />
				</materialMaps>
			</pass>
		</pipeline>

		<pipeline name="hatchingV" >
			<pass class="default" name="hatchingV" >
				<scenes>
					<scene name="viper" />
				</scenes>
				<camera name="HatchingViperCamara" />
				<lights>
					<light name="Sun" />
				</lights>
				<materialMaps>
					<map fromMaterial="*" toMaterial="hatchingV" toLibrary="Texture" />
				</materialMaps>
			</pass>
		</pipeline>

		<pipeline name="edges" >
			<pass class="default" name="edges" >
				<scenes>
					<scene name="Sphere" />
				</scenes>
				<camera name="MainCamera" />
				<lights>
					<light name="Sun" />
				</lights>
				<materialMaps>
					<map fromMaterial="*" toMaterial="edges" toLibrary="Texture" />
				</materialMaps>
			</pass>
		</pipeline>

		<pipeline name="toon" >
			<pass class="default" name="toon" >
				<scenes>
					<scene name="viper" />
				</scenes>
				<camera name="ViperCamara" />
				<lights>
					<light name="Sun" />
				</lights>
				<materialMaps>
					<map fromMaterial="*" toMaterial="toon" toLibrary="Texture" />
				</materialMaps>
			</pass>
		</pipeline>

		<pipeline name="tech-Ilustration" >
			<pass class="default" name="tech-Ilustration" >
				<scenes>
					<scene name="viper" />
				</scenes>
				<camera name="ViperCamara" />
				<lights>
					<light name="Sun" />
				</lights>
				<materialMaps>
					<map fromMaterial="*" toMaterial="tech-Ilustration" toLibrary="Texture" />
				</materialMaps>
			</pass>
		</pipeline>
		
	</pipelines>

	<interface>
		<window label="settings" >
			<pipelineList label="Parametros" />
			<var label="Edge Size" type="COLOR" context="Texture::edges" 
					component="edgeSize" def="min=0.0001 max=0.01 step=0.0002" />
			<var label="Toon levels" type="COLOR" context="Texture::toon" 
					component="toonlevels" def="min=1 max=4 step=-1" />	
			<var label="Hatching" type="COLOR" context="Texture::hatching"
					component="hatching" def="min=1 max=10 step=1" />	
			<var label="HatchingV" type="COLOR" context="Texture::hatchingV"
					component="hatching" def="min=1 max=10 step=1" />		
			<var label="pixel_height" type="COLOR" context="Texture::pixel" 
					component="pixel_height" def="min=1 max=30 step=0.5" />		
			<var label="pixel_width" type="COLOR" context="Texture::pixel" 
					component="pixel_width" def="min=1 max=30 step=0.5" />
		</window>
	</interface>

</project>