{
    "customers": {
        "c0": {
            "x": 15.5,
            "y": 72.300003,
            "demand": 19.0
        },
        "c1": {
            "x": 86.599998,
            "y": 91.599998,
            "demand": 17.0
        },
        "c2": {
            "x": 7.2,
            "y": 3.3,
            "demand": 15.0
        },
        "c3": {
            "x": 49.200001,
            "y": 22.4,
            "demand": 11.0
        },
        "c4": {
            "x": 26.4,
            "y": 10.9,
            "demand": 13.0
        },
        "c5": {
            "x": 51.700001,
            "y": 74.400002,
            "demand": 10.0
        },
        "c6": {
            "x": 72.900002,
            "y": 38.299999,
            "demand": 10.0
        },
        "c7": {
            "x": 84.800003,
            "y": 91.0,
            "demand": 17.0
        },
        "c8": {
            "x": 77.300003,
            "y": 10.0,
            "demand": 14.0
        },
        "c9": {
            "x": 48.599998,
            "y": 97.0,
            "demand": 19.0
        },
        "c10": {
            "x": 28.4,
            "y": 57.0,
            "demand": 11.0
        },
        "c11": {
            "x": 64.199997,
            "y": 82.900002,
            "demand": 14.0
        },
        "c12": {
            "x": 77.400002,
            "y": 38.099998,
            "demand": 12.0
        },
        "c13": {
            "x": 26.700001,
            "y": 75.5,
            "demand": 18.0
        },
        "c14": {
            "x": 21.799999,
            "y": 75.0,
            "demand": 12.0
        },
        "c15": {
            "x": 94.300003,
            "y": 17.6,
            "demand": 13.0
        },
        "c16": {
            "x": 41.900002,
            "y": 81.800003,
            "demand": 14.0
        },
        "c17": {
            "x": 32.0,
            "y": 67.0,
            "demand": 13.0
        },
        "c18": {
            "x": 14.6,
            "y": 62.700001,
            "demand": 20.0
        },
        "c19": {
            "x": 54.5,
            "y": 2.0,
            "demand": 15.0
        },
        "c20": {
            "x": 39.5,
            "y": 57.900002,
            "demand": 10.0
        },
        "c21": {
            "x": 63.5,
            "y": 18.200001,
            "demand": 18.0
        },
        "c22": {
            "x": 74.800003,
            "y": 64.199997,
            "demand": 17.0
        },
        "c23": {
            "x": 80.199997,
            "y": 64.900002,
            "demand": 16.0
        },
        "c24": {
            "x": 40.200001,
            "y": 95.599998,
            "demand": 17.0
        },
        "c25": {
            "x": 17.700001,
            "y": 62.700001,
            "demand": 18.0
        },
        "c26": {
            "x": 52.099998,
            "y": 66.0,
            "demand": 16.0
        },
        "c27": {
            "x": 91.400002,
            "y": 68.199997,
            "demand": 10.0
        },
        "c28": {
            "x": 75.400002,
            "y": 79.0,
            "demand": 19.0
        },
        "c29": {
            "x": 4.8,
            "y": 77.0,
            "demand": 15.0
        },
        "c30": {
            "x": 44.799999,
            "y": 25.4,
            "demand": 20.0
        },
        "c31": {
            "x": 97.0,
            "y": 24.299999,
            "demand": 10.0
        },
        "c32": {
            "x": 38.200001,
            "y": 67.400002,
            "demand": 13.0
        },
        "c33": {
            "x": 86.300003,
            "y": 40.599998,
            "demand": 14.0
        },
        "c34": {
            "x": 99.5,
            "y": 92.300003,
            "demand": 20.0
        },
        "c35": {
            "x": 83.199997,
            "y": 32.400002,
            "demand": 19.0
        },
        "c36": {
            "x": 64.400002,
            "y": 34.5,
            "demand": 11.0
        },
        "c37": {
            "x": 38.200001,
            "y": 48.599998,
            "demand": 10.0
        },
        "c38": {
            "x": 75.5,
            "y": 5.0,
            "demand": 13.0
        },
        "c39": {
            "x": 23.5,
            "y": 57.099998,
            "demand": 14.0
        },
        "c40": {
            "x": 89.800003,
            "y": 25.0,
            "demand": 14.0
        },
        "c41": {
            "x": 7.8,
            "y": 41.799999,
            "demand": 12.0
        },
        "c42": {
            "x": 56.5,
            "y": 66.5,
            "demand": 18.0
        },
        "c43": {
            "x": 86.400002,
            "y": 52.200001,
            "demand": 15.0
        },
        "c44": {
            "x": 2.6,
            "y": 83.400002,
            "demand": 18.0
        },
        "c45": {
            "x": 90.199997,
            "y": 3.3,
            "demand": 18.0
        },
        "c46": {
            "x": 40.299999,
            "y": 31.799999,
            "demand": 13.0
        },
        "c47": {
            "x": 33.200001,
            "y": 35.0,
            "demand": 12.0
        },
        "c48": {
            "x": 38.700001,
            "y": 57.599998,
            "demand": 14.0
        },
        "c49": {
            "x": 98.5,
            "y": 71.5,
            "demand": 17.0
        },
        "c50": {
            "x": 24.6,
            "y": 1.5,
            "demand": 16.0
        },
        "c51": {
            "x": 31.200001,
            "y": 87.900002,
            "demand": 18.0
        },
        "c52": {
            "x": 96.400002,
            "y": 99.900002,
            "demand": 13.0
        },
        "c53": {
            "x": 69.900002,
            "y": 62.599998,
            "demand": 11.0
        },
        "c54": {
            "x": 23.0,
            "y": 58.299999,
            "demand": 10.0
        },
        "c55": {
            "x": 63.599998,
            "y": 50.700001,
            "demand": 17.0
        },
        "c56": {
            "x": 48.200001,
            "y": 89.300003,
            "demand": 17.0
        },
        "c57": {
            "x": 11.6,
            "y": 89.400002,
            "demand": 10.0
        },
        "c58": {
            "x": 28.700001,
            "y": 17.5,
            "demand": 12.0
        },
        "c59": {
            "x": 15.6,
            "y": 86.599998,
            "demand": 18.0
        },
        "c60": {
            "x": 2.1,
            "y": 80.599998,
            "demand": 16.0
        },
        "c61": {
            "x": 45.200001,
            "y": 32.099998,
            "demand": 19.0
        },
        "c62": {
            "x": 84.099998,
            "y": 42.599998,
            "demand": 16.0
        },
        "c63": {
            "x": 49.700001,
            "y": 23.6,
            "demand": 16.0
        },
        "c64": {
            "x": 88.5,
            "y": 33.5,
            "demand": 17.0
        },
        "c65": {
            "x": 1.0,
            "y": 15.0,
            "demand": 17.0
        },
        "c66": {
            "x": 57.099998,
            "y": 85.400002,
            "demand": 12.0
        },
        "c67": {
            "x": 29.700001,
            "y": 61.200001,
            "demand": 14.0
        },
        "c68": {
            "x": 3.8,
            "y": 50.0,
            "demand": 18.0
        },
        "c69": {
            "x": 8.0,
            "y": 99.199997,
            "demand": 18.0
        },
        "c70": {
            "x": 18.9,
            "y": 22.5,
            "demand": 19.0
        },
        "c71": {
            "x": 38.700001,
            "y": 67.199997,
            "demand": 18.0
        },
        "c72": {
            "x": 42.299999,
            "y": 64.199997,
            "demand": 15.0
        },
        "c73": {
            "x": 83.300003,
            "y": 54.0,
            "demand": 19.0
        },
        "c74": {
            "x": 87.800003,
            "y": 68.099998,
            "demand": 16.0
        },
        "c75": {
            "x": 45.299999,
            "y": 41.599998,
            "demand": 19.0
        },
        "c76": {
            "x": 27.799999,
            "y": 35.299999,
            "demand": 15.0
        },
        "c77": {
            "x": 8.4,
            "y": 76.099998,
            "demand": 18.0
        },
        "c78": {
            "x": 45.200001,
            "y": 13.6,
            "demand": 18.0
        },
        "c79": {
            "x": 49.799999,
            "y": 56.799999,
            "demand": 18.0
        },
        "c80": {
            "x": 15.0,
            "y": 58.099998,
            "demand": 12.0
        },
        "c81": {
            "x": 15.1,
            "y": 79.0,
            "demand": 20.0
        },
        "c82": {
            "x": 85.300003,
            "y": 13.0,
            "demand": 18.0
        },
        "c83": {
            "x": 9.7,
            "y": 66.599998,
            "demand": 10.0
        },
        "c84": {
            "x": 22.299999,
            "y": 91.199997,
            "demand": 12.0
        },
        "c85": {
            "x": 25.1,
            "y": 28.6,
            "demand": 18.0
        },
        "c86": {
            "x": 12.0,
            "y": 90.599998,
            "demand": 17.0
        },
        "c87": {
            "x": 90.800003,
            "y": 40.0,
            "demand": 12.0
        },
        "c88": {
            "x": 64.900002,
            "y": 27.200001,
            "demand": 18.0
        },
        "c89": {
            "x": 86.300003,
            "y": 27.6,
            "demand": 10.0
        },
        "c90": {
            "x": 90.199997,
            "y": 2.3,
            "demand": 12.0
        },
        "c91": {
            "x": 10.6,
            "y": 82.599998,
            "demand": 16.0
        },
        "c92": {
            "x": 9.0,
            "y": 25.799999,
            "demand": 16.0
        },
        "c93": {
            "x": 79.0,
            "y": 99.0,
            "demand": 10.0
        },
        "c94": {
            "x": 75.400002,
            "y": 99.199997,
            "demand": 15.0
        },
        "c95": {
            "x": 21.9,
            "y": 11.5,
            "demand": 14.0
        },
        "c96": {
            "x": 86.300003,
            "y": 39.599998,
            "demand": 19.0
        },
        "c97": {
            "x": 69.800003,
            "y": 43.099998,
            "demand": 13.0
        },
        "c98": {
            "x": 59.0,
            "y": 23.200001,
            "demand": 13.0
        },
        "c99": {
            "x": 4.8,
            "y": 76.0,
            "demand": 17.0
        },
        "c100": {
            "x": 15.1,
            "y": 76.199997,
            "demand": 18.0
        },
        "c101": {
            "x": 72.800003,
            "y": 15.1,
            "demand": 17.0
        },
        "c102": {
            "x": 78.599998,
            "y": 8.8,
            "demand": 16.0
        },
        "c103": {
            "x": 63.299999,
            "y": 68.300003,
            "demand": 17.0
        },
        "c104": {
            "x": 96.900002,
            "y": 2.4,
            "demand": 17.0
        },
        "c105": {
            "x": 38.299999,
            "y": 84.099998,
            "demand": 13.0
        },
        "c106": {
            "x": 37.799999,
            "y": 77.800003,
            "demand": 18.0
        },
        "c107": {
            "x": 27.299999,
            "y": 9.2,
            "demand": 13.0
        },
        "c108": {
            "x": 57.200001,
            "y": 22.700001,
            "demand": 20.0
        },
        "c109": {
            "x": 74.900002,
            "y": 82.699997,
            "demand": 10.0
        },
        "c110": {
            "x": 14.5,
            "y": 50.799999,
            "demand": 17.0
        },
        "c111": {
            "x": 74.800003,
            "y": 61.099998,
            "demand": 18.0
        },
        "c112": {
            "x": 91.199997,
            "y": 17.299999,
            "demand": 17.0
        },
        "c113": {
            "x": 67.699997,
            "y": 68.0,
            "demand": 12.0
        },
        "c114": {
            "x": 38.799999,
            "y": 87.0,
            "demand": 19.0
        },
        "c115": {
            "x": 82.800003,
            "y": 49.0,
            "demand": 16.0
        },
        "c116": {
            "x": 83.5,
            "y": 98.400002,
            "demand": 12.0
        },
        "c117": {
            "x": 40.799999,
            "y": 34.0,
            "demand": 15.0
        },
        "c118": {
            "x": 25.0,
            "y": 6.8,
            "demand": 12.0
        },
        "c119": {
            "x": 12.1,
            "y": 7.3,
            "demand": 17.0
        },
        "c120": {
            "x": 42.299999,
            "y": 77.199997,
            "demand": 10.0
        },
        "c121": {
            "x": 92.599998,
            "y": 44.0,
            "demand": 19.0
        },
        "c122": {
            "x": 60.400002,
            "y": 17.9,
            "demand": 16.0
        },
        "c123": {
            "x": 0.7,
            "y": 50.400002,
            "demand": 13.0
        },
        "c124": {
            "x": 87.0,
            "y": 84.900002,
            "demand": 11.0
        },
        "c125": {
            "x": 8.4,
            "y": 81.900002,
            "demand": 10.0
        },
        "c126": {
            "x": 46.700001,
            "y": 59.200001,
            "demand": 10.0
        },
        "c127": {
            "x": 53.299999,
            "y": 42.200001,
            "demand": 15.0
        },
        "c128": {
            "x": 52.900002,
            "y": 56.799999,
            "demand": 11.0
        },
        "c129": {
            "x": 12.6,
            "y": 22.200001,
            "demand": 16.0
        },
        "c130": {
            "x": 66.900002,
            "y": 89.300003,
            "demand": 18.0
        },
        "c131": {
            "x": 97.199997,
            "y": 73.800003,
            "demand": 12.0
        },
        "c132": {
            "x": 39.599998,
            "y": 79.400002,
            "demand": 11.0
        },
        "c133": {
            "x": 86.800003,
            "y": 51.700001,
            "demand": 15.0
        },
        "c134": {
            "x": 82.0,
            "y": 57.299999,
            "demand": 17.0
        },
        "c135": {
            "x": 32.599998,
            "y": 95.199997,
            "demand": 18.0
        },
        "c136": {
            "x": 25.1,
            "y": 14.6,
            "demand": 13.0
        },
        "c137": {
            "x": 73.0,
            "y": 51.299999,
            "demand": 16.0
        },
        "c138": {
            "x": 94.099998,
            "y": 81.0,
            "demand": 12.0
        },
        "c139": {
            "x": 49.799999,
            "y": 59.799999,
            "demand": 12.0
        },
        "c140": {
            "x": 4.0,
            "y": 5.7,
            "demand": 11.0
        },
        "c141": {
            "x": 87.5,
            "y": 6.5,
            "demand": 15.0
        },
        "c142": {
            "x": 64.199997,
            "y": 88.699997,
            "demand": 18.0
        },
        "c143": {
            "x": 78.900002,
            "y": 83.599998,
            "demand": 13.0
        },
        "c144": {
            "x": 30.200001,
            "y": 61.0,
            "demand": 13.0
        },
        "c145": {
            "x": 59.700001,
            "y": 73.599998,
            "demand": 15.0
        },
        "c146": {
            "x": 91.800003,
            "y": 60.799999,
            "demand": 20.0
        },
        "c147": {
            "x": 23.5,
            "y": 58.099998,
            "demand": 19.0
        },
        "c148": {
            "x": 19.5,
            "y": 74.300003,
            "demand": 17.0
        },
        "c149": {
            "x": 31.9,
            "y": 51.0,
            "demand": 20.0
        },
        "c150": {
            "x": 16.200001,
            "y": 25.0,
            "demand": 15.0
        },
        "c151": {
            "x": 9.5,
            "y": 24.6,
            "demand": 13.0
        },
        "c152": {
            "x": 5.2,
            "y": 73.400002,
            "demand": 11.0
        },
        "c153": {
            "x": 35.099998,
            "y": 51.599998,
            "demand": 18.0
        },
        "c154": {
            "x": 66.900002,
            "y": 88.599998,
            "demand": 12.0
        },
        "c155": {
            "x": 44.099998,
            "y": 74.400002,
            "demand": 17.0
        },
        "c156": {
            "x": 56.900002,
            "y": 39.900002,
            "demand": 12.0
        },
        "c157": {
            "x": 47.099998,
            "y": 46.0,
            "demand": 19.0
        },
        "c158": {
            "x": 99.900002,
            "y": 75.699997,
            "demand": 15.0
        },
        "c159": {
            "x": 64.099998,
            "y": 68.599998,
            "demand": 12.0
        },
        "c160": {
            "x": 61.799999,
            "y": 49.099998,
            "demand": 15.0
        },
        "c161": {
            "x": 88.599998,
            "y": 46.799999,
            "demand": 20.0
        },
        "c162": {
            "x": 86.900002,
            "y": 54.799999,
            "demand": 10.0
        },
        "c163": {
            "x": 71.0,
            "y": 4.9,
            "demand": 14.0
        },
        "c164": {
            "x": 5.0,
            "y": 22.799999,
            "demand": 19.0
        },
        "c165": {
            "x": 4.0,
            "y": 90.400002,
            "demand": 16.0
        },
        "c166": {
            "x": 42.299999,
            "y": 68.300003,
            "demand": 10.0
        },
        "c167": {
            "x": 2.0,
            "y": 50.799999,
            "demand": 12.0
        },
        "c168": {
            "x": 84.400002,
            "y": 4.8,
            "demand": 18.0
        },
        "c169": {
            "x": 83.800003,
            "y": 76.0,
            "demand": 19.0
        },
        "c170": {
            "x": 20.200001,
            "y": 24.6,
            "demand": 16.0
        },
        "c171": {
            "x": 18.9,
            "y": 35.799999,
            "demand": 12.0
        },
        "c172": {
            "x": 24.6,
            "y": 6.9,
            "demand": 20.0
        },
        "c173": {
            "x": 56.200001,
            "y": 83.699997,
            "demand": 14.0
        },
        "c174": {
            "x": 58.599998,
            "y": 15.6,
            "demand": 20.0
        },
        "c175": {
            "x": 88.0,
            "y": 8.4,
            "demand": 12.0
        },
        "c176": {
            "x": 79.5,
            "y": 10.8,
            "demand": 19.0
        },
        "c177": {
            "x": 11.0,
            "y": 63.599998,
            "demand": 15.0
        },
        "c178": {
            "x": 54.099998,
            "y": 13.8,
            "demand": 19.0
        },
        "c179": {
            "x": 86.699997,
            "y": 25.4,
            "demand": 16.0
        },
        "c180": {
            "x": 86.699997,
            "y": 27.4,
            "demand": 20.0
        },
        "c181": {
            "x": 46.099998,
            "y": 25.9,
            "demand": 18.0
        },
        "c182": {
            "x": 94.400002,
            "y": 44.299999,
            "demand": 10.0
        },
        "c183": {
            "x": 13.7,
            "y": 61.400002,
            "demand": 12.0
        },
        "c184": {
            "x": 59.799999,
            "y": 6.1,
            "demand": 14.0
        },
        "c185": {
            "x": 65.099998,
            "y": 86.0,
            "demand": 11.0
        },
        "c186": {
            "x": 54.799999,
            "y": 82.599998,
            "demand": 13.0
        },
        "c187": {
            "x": 8.0,
            "y": 96.099998,
            "demand": 13.0
        },
        "c188": {
            "x": 29.799999,
            "y": 74.900002,
            "demand": 18.0
        },
        "c189": {
            "x": 66.199997,
            "y": 39.599998,
            "demand": 20.0
        },
        "c190": {
            "x": 63.299999,
            "y": 88.5,
            "demand": 18.0
        },
        "c191": {
            "x": 14.0,
            "y": 37.0,
            "demand": 11.0
        },
        "c192": {
            "x": 79.900002,
            "y": 98.300003,
            "demand": 10.0
        },
        "c193": {
            "x": 10.7,
            "y": 96.599998,
            "demand": 16.0
        },
        "c194": {
            "x": 48.099998,
            "y": 65.099998,
            "demand": 12.0
        },
        "c195": {
            "x": 75.699997,
            "y": 58.0,
            "demand": 20.0
        },
        "c196": {
            "x": 90.5,
            "y": 66.5,
            "demand": 18.0
        },
        "c197": {
            "x": 4.2,
            "y": 33.400002,
            "demand": 15.0
        },
        "c198": {
            "x": 89.0,
            "y": 35.299999,
            "demand": 20.0
        },
        "c199": {
            "x": 16.200001,
            "y": 37.0,
            "demand": 20.0
        }
    },
    "depots": {
        "d0": {
            "x": 3.6,
            "y": 14.5,
            "capacity": 6058.0,
            "opening_cost": 100.0
        },
        "d1": {
            "x": 45.700001,
            "y": 26.4,
            "capacity": 6058.0,
            "opening_cost": 100.0
        },
        "d2": {
            "x": 15.0,
            "y": 70.400002,
            "capacity": 6058.0,
            "opening_cost": 100.0
        },
        "d3": {
            "x": 71.300003,
            "y": 69.5,
            "capacity": 6058.0,
            "opening_cost": 100.0
        },
        "d4": {
            "x": 75.099998,
            "y": 23.299999,
            "capacity": 6058.0,
            "opening_cost": 100.0
        },
        "d5": {
            "x": 25.299999,
            "y": 69.599998,
            "capacity": 6058.0,
            "opening_cost": 100.0
        },
        "d6": {
            "x": 99.400002,
            "y": 59.200001,
            "capacity": 6058.0,
            "opening_cost": 100.0
        },
        "d7": {
            "x": 56.700001,
            "y": 7.8,
            "capacity": 6058.0,
            "opening_cost": 100.0
        },
        "d8": {
            "x": 50.299999,
            "y": 70.599998,
            "capacity": 6058.0,
            "opening_cost": 100.0
        },
        "d9": {
            "x": 9.9,
            "y": 21.0,
            "capacity": 6058.0,
            "opening_cost": 100.0
        },
        "d10": {
            "x": 95.5,
            "y": 99.599998,
            "capacity": 6058.0,
            "opening_cost": 100.0
        },
        "d11": {
            "x": 5.0,
            "y": 16.0,
            "capacity": 6058.0,
            "opening_cost": 100.0
        },
        "d12": {
            "x": 72.699997,
            "y": 95.599998,
            "capacity": 6058.0,
            "opening_cost": 100.0
        },
        "d13": {
            "x": 14.6,
            "y": 73.699997,
            "capacity": 6058.0,
            "opening_cost": 100.0
        },
        "d14": {
            "x": 4.4,
            "y": 93.599998,
            "capacity": 6058.0,
            "opening_cost": 100.0
        },
        "d15": {
            "x": 63.799999,
            "y": 89.300003,
            "capacity": 6058.0,
            "opening_cost": 100.0
        },
        "d16": {
            "x": 99.599998,
            "y": 9.8,
            "capacity": 6058.0,
            "opening_cost": 100.0
        },
        "d17": {
            "x": 87.800003,
            "y": 69.099998,
            "capacity": 6058.0,
            "opening_cost": 100.0
        },
        "d18": {
            "x": 75.0,
            "y": 90.900002,
            "capacity": 6058.0,
            "opening_cost": 100.0
        },
        "d19": {
            "x": 52.0,
            "y": 44.5,
            "capacity": 6058.0,
            "opening_cost": 100.0
        }
    },
    "meta_data": {
        "nb_customers": 200,
        "nb_depots": 20,
        "vehicle_cap": 150.0,
        "vehicle_cost": 10.0,
        "cost_type": 1.0
    }
}