{
    "customers": {
        "c0": {
            "x": 28.0,
            "y": 70.199997,
            "demand": 13.0
        },
        "c1": {
            "x": 17.6,
            "y": 49.400002,
            "demand": 10.0
        },
        "c2": {
            "x": 66.199997,
            "y": 26.200001,
            "demand": 14.0
        },
        "c3": {
            "x": 77.5,
            "y": 48.700001,
            "demand": 16.0
        },
        "c4": {
            "x": 0.1,
            "y": 17.4,
            "demand": 13.0
        },
        "c5": {
            "x": 4.6,
            "y": 36.700001,
            "demand": 12.0
        },
        "c6": {
            "x": 10.5,
            "y": 56.299999,
            "demand": 19.0
        },
        "c7": {
            "x": 13.8,
            "y": 96.0,
            "demand": 17.0
        },
        "c8": {
            "x": 92.5,
            "y": 29.700001,
            "demand": 10.0
        },
        "c9": {
            "x": 44.799999,
            "y": 28.9,
            "demand": 16.0
        },
        "c10": {
            "x": 62.599998,
            "y": 21.700001,
            "demand": 10.0
        },
        "c11": {
            "x": 52.099998,
            "y": 64.699997,
            "demand": 20.0
        },
        "c12": {
            "x": 85.099998,
            "y": 69.199997,
            "demand": 15.0
        },
        "c13": {
            "x": 9.8,
            "y": 0.1,
            "demand": 12.0
        },
        "c14": {
            "x": 25.299999,
            "y": 65.5,
            "demand": 17.0
        },
        "c15": {
            "x": 80.599998,
            "y": 62.299999,
            "demand": 12.0
        },
        "c16": {
            "x": 60.099998,
            "y": 71.0,
            "demand": 13.0
        },
        "c17": {
            "x": 11.8,
            "y": 36.200001,
            "demand": 19.0
        },
        "c18": {
            "x": 17.6,
            "y": 31.6,
            "demand": 10.0
        },
        "c19": {
            "x": 85.0,
            "y": 39.799999,
            "demand": 18.0
        },
        "c20": {
            "x": 25.5,
            "y": 22.6,
            "demand": 13.0
        },
        "c21": {
            "x": 66.400002,
            "y": 68.599998,
            "demand": 18.0
        },
        "c22": {
            "x": 71.099998,
            "y": 16.200001,
            "demand": 13.0
        },
        "c23": {
            "x": 31.5,
            "y": 64.199997,
            "demand": 10.0
        },
        "c24": {
            "x": 69.599998,
            "y": 91.5,
            "demand": 13.0
        },
        "c25": {
            "x": 98.300003,
            "y": 12.8,
            "demand": 20.0
        },
        "c26": {
            "x": 56.0,
            "y": 46.5,
            "demand": 12.0
        },
        "c27": {
            "x": 13.4,
            "y": 94.099998,
            "demand": 12.0
        },
        "c28": {
            "x": 77.300003,
            "y": 7.6,
            "demand": 12.0
        },
        "c29": {
            "x": 12.7,
            "y": 48.799999,
            "demand": 12.0
        },
        "c30": {
            "x": 38.700001,
            "y": 68.900002,
            "demand": 11.0
        },
        "c31": {
            "x": 25.1,
            "y": 12.9,
            "demand": 19.0
        },
        "c32": {
            "x": 90.199997,
            "y": 2.6,
            "demand": 12.0
        },
        "c33": {
            "x": 87.199997,
            "y": 32.400002,
            "demand": 12.0
        },
        "c34": {
            "x": 50.400002,
            "y": 95.5,
            "demand": 12.0
        },
        "c35": {
            "x": 98.900002,
            "y": 51.900002,
            "demand": 19.0
        },
        "c36": {
            "x": 16.5,
            "y": 90.0,
            "demand": 16.0
        },
        "c37": {
            "x": 56.099998,
            "y": 74.900002,
            "demand": 17.0
        },
        "c38": {
            "x": 68.0,
            "y": 22.4,
            "demand": 10.0
        },
        "c39": {
            "x": 12.0,
            "y": 95.400002,
            "demand": 13.0
        },
        "c40": {
            "x": 62.700001,
            "y": 36.400002,
            "demand": 20.0
        },
        "c41": {
            "x": 44.200001,
            "y": 3.4,
            "demand": 10.0
        },
        "c42": {
            "x": 64.599998,
            "y": 67.699997,
            "demand": 20.0
        },
        "c43": {
            "x": 64.599998,
            "y": 73.199997,
            "demand": 18.0
        },
        "c44": {
            "x": 89.599998,
            "y": 69.0,
            "demand": 20.0
        },
        "c45": {
            "x": 51.700001,
            "y": 84.699997,
            "demand": 19.0
        },
        "c46": {
            "x": 69.800003,
            "y": 30.5,
            "demand": 11.0
        },
        "c47": {
            "x": 26.299999,
            "y": 82.900002,
            "demand": 16.0
        },
        "c48": {
            "x": 73.599998,
            "y": 95.900002,
            "demand": 14.0
        },
        "c49": {
            "x": 79.599998,
            "y": 20.299999,
            "demand": 17.0
        },
        "c50": {
            "x": 54.700001,
            "y": 56.299999,
            "demand": 19.0
        },
        "c51": {
            "x": 12.8,
            "y": 66.300003,
            "demand": 14.0
        },
        "c52": {
            "x": 43.299999,
            "y": 5.5,
            "demand": 10.0
        },
        "c53": {
            "x": 35.599998,
            "y": 69.199997,
            "demand": 12.0
        },
        "c54": {
            "x": 4.0,
            "y": 98.599998,
            "demand": 11.0
        },
        "c55": {
            "x": 79.699997,
            "y": 62.0,
            "demand": 19.0
        },
        "c56": {
            "x": 95.199997,
            "y": 24.4,
            "demand": 12.0
        },
        "c57": {
            "x": 61.5,
            "y": 73.5,
            "demand": 13.0
        },
        "c58": {
            "x": 68.599998,
            "y": 54.599998,
            "demand": 17.0
        },
        "c59": {
            "x": 41.299999,
            "y": 44.099998,
            "demand": 10.0
        },
        "c60": {
            "x": 77.800003,
            "y": 22.5,
            "demand": 15.0
        },
        "c61": {
            "x": 37.299999,
            "y": 60.900002,
            "demand": 18.0
        },
        "c62": {
            "x": 43.299999,
            "y": 98.699997,
            "demand": 12.0
        },
        "c63": {
            "x": 4.4,
            "y": 74.400002,
            "demand": 10.0
        },
        "c64": {
            "x": 76.400002,
            "y": 3.9,
            "demand": 18.0
        },
        "c65": {
            "x": 82.199997,
            "y": 4.8,
            "demand": 10.0
        },
        "c66": {
            "x": 74.599998,
            "y": 8.8,
            "demand": 12.0
        },
        "c67": {
            "x": 77.300003,
            "y": 7.3,
            "demand": 12.0
        },
        "c68": {
            "x": 36.200001,
            "y": 99.099998,
            "demand": 18.0
        },
        "c69": {
            "x": 97.300003,
            "y": 99.099998,
            "demand": 16.0
        },
        "c70": {
            "x": 5.2,
            "y": 60.0,
            "demand": 18.0
        },
        "c71": {
            "x": 49.200001,
            "y": 11.8,
            "demand": 20.0
        },
        "c72": {
            "x": 53.0,
            "y": 69.099998,
            "demand": 16.0
        },
        "c73": {
            "x": 68.800003,
            "y": 12.8,
            "demand": 11.0
        },
        "c74": {
            "x": 56.700001,
            "y": 99.599998,
            "demand": 10.0
        },
        "c75": {
            "x": 12.8,
            "y": 76.900002,
            "demand": 20.0
        },
        "c76": {
            "x": 16.700001,
            "y": 47.400002,
            "demand": 19.0
        },
        "c77": {
            "x": 18.4,
            "y": 30.9,
            "demand": 13.0
        },
        "c78": {
            "x": 20.299999,
            "y": 37.299999,
            "demand": 14.0
        },
        "c79": {
            "x": 51.700001,
            "y": 76.099998,
            "demand": 14.0
        },
        "c80": {
            "x": 55.700001,
            "y": 87.0,
            "demand": 14.0
        },
        "c81": {
            "x": 91.699997,
            "y": 39.599998,
            "demand": 11.0
        },
        "c82": {
            "x": 76.699997,
            "y": 74.300003,
            "demand": 20.0
        },
        "c83": {
            "x": 53.799999,
            "y": 50.900002,
            "demand": 16.0
        },
        "c84": {
            "x": 99.400002,
            "y": 73.5,
            "demand": 20.0
        },
        "c85": {
            "x": 72.300003,
            "y": 96.800003,
            "demand": 17.0
        },
        "c86": {
            "x": 88.400002,
            "y": 99.300003,
            "demand": 19.0
        },
        "c87": {
            "x": 44.799999,
            "y": 41.200001,
            "demand": 12.0
        },
        "c88": {
            "x": 18.799999,
            "y": 12.2,
            "demand": 17.0
        },
        "c89": {
            "x": 41.900002,
            "y": 75.0,
            "demand": 10.0
        },
        "c90": {
            "x": 0.8,
            "y": 72.300003,
            "demand": 15.0
        },
        "c91": {
            "x": 86.900002,
            "y": 68.099998,
            "demand": 20.0
        },
        "c92": {
            "x": 56.900002,
            "y": 44.700001,
            "demand": 16.0
        },
        "c93": {
            "x": 18.9,
            "y": 42.299999,
            "demand": 14.0
        },
        "c94": {
            "x": 79.300003,
            "y": 52.0,
            "demand": 11.0
        },
        "c95": {
            "x": 42.5,
            "y": 8.6,
            "demand": 14.0
        },
        "c96": {
            "x": 36.299999,
            "y": 19.9,
            "demand": 15.0
        },
        "c97": {
            "x": 67.599998,
            "y": 33.200001,
            "demand": 19.0
        },
        "c98": {
            "x": 29.5,
            "y": 13.7,
            "demand": 14.0
        },
        "c99": {
            "x": 61.799999,
            "y": 36.400002,
            "demand": 10.0
        },
        "c100": {
            "x": 55.799999,
            "y": 6.5,
            "demand": 10.0
        },
        "c101": {
            "x": 55.700001,
            "y": 74.699997,
            "demand": 20.0
        },
        "c102": {
            "x": 35.5,
            "y": 49.0,
            "demand": 18.0
        },
        "c103": {
            "x": 86.900002,
            "y": 64.0,
            "demand": 17.0
        },
        "c104": {
            "x": 38.200001,
            "y": 47.900002,
            "demand": 16.0
        },
        "c105": {
            "x": 22.299999,
            "y": 5.5,
            "demand": 18.0
        },
        "c106": {
            "x": 40.700001,
            "y": 17.6,
            "demand": 18.0
        },
        "c107": {
            "x": 50.099998,
            "y": 19.299999,
            "demand": 12.0
        },
        "c108": {
            "x": 25.700001,
            "y": 60.200001,
            "demand": 14.0
        },
        "c109": {
            "x": 88.099998,
            "y": 39.799999,
            "demand": 12.0
        },
        "c110": {
            "x": 23.200001,
            "y": 86.699997,
            "demand": 15.0
        },
        "c111": {
            "x": 18.200001,
            "y": 78.900002,
            "demand": 10.0
        },
        "c112": {
            "x": 82.900002,
            "y": 77.099998,
            "demand": 18.0
        },
        "c113": {
            "x": 61.5,
            "y": 76.900002,
            "demand": 13.0
        },
        "c114": {
            "x": 34.200001,
            "y": 52.0,
            "demand": 11.0
        },
        "c115": {
            "x": 55.099998,
            "y": 41.400002,
            "demand": 18.0
        },
        "c116": {
            "x": 76.599998,
            "y": 51.099998,
            "demand": 19.0
        },
        "c117": {
            "x": 47.599998,
            "y": 68.699997,
            "demand": 11.0
        },
        "c118": {
            "x": 85.400002,
            "y": 31.799999,
            "demand": 13.0
        },
        "c119": {
            "x": 20.5,
            "y": 2.2,
            "demand": 20.0
        },
        "c120": {
            "x": 98.300003,
            "y": 26.4,
            "demand": 11.0
        },
        "c121": {
            "x": 18.5,
            "y": 36.0,
            "demand": 16.0
        },
        "c122": {
            "x": 68.699997,
            "y": 83.400002,
            "demand": 16.0
        },
        "c123": {
            "x": 72.400002,
            "y": 22.1,
            "demand": 16.0
        },
        "c124": {
            "x": 53.900002,
            "y": 79.900002,
            "demand": 16.0
        },
        "c125": {
            "x": 7.1,
            "y": 1.3,
            "demand": 10.0
        },
        "c126": {
            "x": 89.800003,
            "y": 24.0,
            "demand": 11.0
        },
        "c127": {
            "x": 78.099998,
            "y": 92.599998,
            "demand": 19.0
        },
        "c128": {
            "x": 32.400002,
            "y": 57.299999,
            "demand": 11.0
        },
        "c129": {
            "x": 26.799999,
            "y": 93.699997,
            "demand": 15.0
        },
        "c130": {
            "x": 79.5,
            "y": 11.1,
            "demand": 15.0
        },
        "c131": {
            "x": 87.599998,
            "y": 13.4,
            "demand": 20.0
        },
        "c132": {
            "x": 95.5,
            "y": 83.5,
            "demand": 18.0
        },
        "c133": {
            "x": 6.6,
            "y": 78.300003,
            "demand": 13.0
        },
        "c134": {
            "x": 27.799999,
            "y": 18.200001,
            "demand": 15.0
        },
        "c135": {
            "x": 80.300003,
            "y": 89.199997,
            "demand": 10.0
        },
        "c136": {
            "x": 76.0,
            "y": 27.0,
            "demand": 15.0
        },
        "c137": {
            "x": 55.900002,
            "y": 13.7,
            "demand": 11.0
        },
        "c138": {
            "x": 63.5,
            "y": 19.200001,
            "demand": 11.0
        },
        "c139": {
            "x": 4.5,
            "y": 13.4,
            "demand": 13.0
        },
        "c140": {
            "x": 4.4,
            "y": 74.099998,
            "demand": 17.0
        },
        "c141": {
            "x": 99.800003,
            "y": 54.200001,
            "demand": 14.0
        },
        "c142": {
            "x": 40.799999,
            "y": 35.099998,
            "demand": 19.0
        },
        "c143": {
            "x": 54.700001,
            "y": 56.0,
            "demand": 18.0
        },
        "c144": {
            "x": 36.200001,
            "y": 16.5,
            "demand": 19.0
        },
        "c145": {
            "x": 1.9,
            "y": 35.799999,
            "demand": 13.0
        },
        "c146": {
            "x": 15.7,
            "y": 16.4,
            "demand": 19.0
        },
        "c147": {
            "x": 63.0,
            "y": 7.8,
            "demand": 19.0
        },
        "c148": {
            "x": 45.5,
            "y": 98.699997,
            "demand": 17.0
        },
        "c149": {
            "x": 13.6,
            "y": 41.599998,
            "demand": 16.0
        },
        "c150": {
            "x": 19.299999,
            "y": 21.299999,
            "demand": 20.0
        },
        "c151": {
            "x": 64.900002,
            "y": 41.5,
            "demand": 16.0
        },
        "c152": {
            "x": 1.9,
            "y": 16.6,
            "demand": 10.0
        },
        "c153": {
            "x": 28.299999,
            "y": 31.0,
            "demand": 13.0
        },
        "c154": {
            "x": 45.5,
            "y": 2.8,
            "demand": 10.0
        },
        "c155": {
            "x": 32.299999,
            "y": 38.5,
            "demand": 18.0
        },
        "c156": {
            "x": 15.9,
            "y": 58.099998,
            "demand": 20.0
        },
        "c157": {
            "x": 3.5,
            "y": 75.900002,
            "demand": 14.0
        },
        "c158": {
            "x": 94.199997,
            "y": 6.0,
            "demand": 19.0
        },
        "c159": {
            "x": 38.799999,
            "y": 90.699997,
            "demand": 18.0
        },
        "c160": {
            "x": 25.0,
            "y": 96.199997,
            "demand": 11.0
        },
        "c161": {
            "x": 38.700001,
            "y": 65.400002,
            "demand": 13.0
        },
        "c162": {
            "x": 59.400002,
            "y": 15.5,
            "demand": 10.0
        },
        "c163": {
            "x": 76.400002,
            "y": 5.3,
            "demand": 15.0
        },
        "c164": {
            "x": 88.400002,
            "y": 3.8,
            "demand": 20.0
        },
        "c165": {
            "x": 40.099998,
            "y": 87.800003,
            "demand": 16.0
        },
        "c166": {
            "x": 56.799999,
            "y": 18.799999,
            "demand": 12.0
        },
        "c167": {
            "x": 0.3,
            "y": 62.200001,
            "demand": 18.0
        },
        "c168": {
            "x": 34.200001,
            "y": 52.400002,
            "demand": 17.0
        },
        "c169": {
            "x": 31.700001,
            "y": 91.199997,
            "demand": 20.0
        },
        "c170": {
            "x": 18.0,
            "y": 20.799999,
            "demand": 10.0
        },
        "c171": {
            "x": 67.5,
            "y": 21.5,
            "demand": 11.0
        },
        "c172": {
            "x": 26.4,
            "y": 22.6,
            "demand": 15.0
        },
        "c173": {
            "x": 54.799999,
            "y": 65.5,
            "demand": 20.0
        },
        "c174": {
            "x": 80.0,
            "y": 9.2,
            "demand": 20.0
        },
        "c175": {
            "x": 60.700001,
            "y": 88.300003,
            "demand": 10.0
        },
        "c176": {
            "x": 72.300003,
            "y": 96.5,
            "demand": 18.0
        },
        "c177": {
            "x": 11.8,
            "y": 49.599998,
            "demand": 20.0
        },
        "c178": {
            "x": 3.4,
            "y": 71.400002,
            "demand": 14.0
        },
        "c179": {
            "x": 98.900002,
            "y": 59.400002,
            "demand": 17.0
        },
        "c180": {
            "x": 0.8,
            "y": 84.199997,
            "demand": 14.0
        },
        "c181": {
            "x": 66.599998,
            "y": 9.0,
            "demand": 14.0
        },
        "c182": {
            "x": 5.3,
            "y": 85.300003,
            "demand": 19.0
        },
        "c183": {
            "x": 14.7,
            "y": 92.5,
            "demand": 13.0
        },
        "c184": {
            "x": 15.3,
            "y": 29.200001,
            "demand": 12.0
        },
        "c185": {
            "x": 39.799999,
            "y": 24.5,
            "demand": 14.0
        },
        "c186": {
            "x": 92.900002,
            "y": 17.200001,
            "demand": 15.0
        },
        "c187": {
            "x": 44.5,
            "y": 61.900002,
            "demand": 11.0
        },
        "c188": {
            "x": 56.599998,
            "y": 73.0,
            "demand": 10.0
        },
        "c189": {
            "x": 41.099998,
            "y": 97.300003,
            "demand": 18.0
        },
        "c190": {
            "x": 88.900002,
            "y": 8.3,
            "demand": 14.0
        },
        "c191": {
            "x": 67.900002,
            "y": 7.7,
            "demand": 17.0
        },
        "c192": {
            "x": 19.9,
            "y": 56.599998,
            "demand": 10.0
        },
        "c193": {
            "x": 83.199997,
            "y": 37.900002,
            "demand": 16.0
        },
        "c194": {
            "x": 89.400002,
            "y": 30.4,
            "demand": 20.0
        },
        "c195": {
            "x": 0.3,
            "y": 64.300003,
            "demand": 15.0
        },
        "c196": {
            "x": 93.5,
            "y": 50.799999,
            "demand": 19.0
        },
        "c197": {
            "x": 80.0,
            "y": 9.5,
            "demand": 20.0
        },
        "c198": {
            "x": 37.200001,
            "y": 38.0,
            "demand": 16.0
        },
        "c199": {
            "x": 13.7,
            "y": 66.199997,
            "demand": 15.0
        }
    },
    "depots": {
        "d0": {
            "x": 70.0,
            "y": 68.400002,
            "capacity": 5974.0,
            "opening_cost": 100.0
        },
        "d1": {
            "x": 24.6,
            "y": 3.9,
            "capacity": 5974.0,
            "opening_cost": 100.0
        },
        "d2": {
            "x": 67.099998,
            "y": 36.099998,
            "capacity": 5974.0,
            "opening_cost": 100.0
        },
        "d3": {
            "x": 86.099998,
            "y": 88.0,
            "capacity": 5974.0,
            "opening_cost": 100.0
        },
        "d4": {
            "x": 9.1,
            "y": 32.599998,
            "capacity": 5974.0,
            "opening_cost": 100.0
        },
        "d5": {
            "x": 10.2,
            "y": 93.800003,
            "capacity": 5974.0,
            "opening_cost": 100.0
        },
        "d6": {
            "x": 3.1,
            "y": 93.800003,
            "capacity": 5974.0,
            "opening_cost": 100.0
        },
        "d7": {
            "x": 19.5,
            "y": 68.800003,
            "capacity": 5974.0,
            "opening_cost": 100.0
        },
        "d8": {
            "x": 6.9,
            "y": 55.200001,
            "capacity": 5974.0,
            "opening_cost": 100.0
        },
        "d9": {
            "x": 54.099998,
            "y": 9.3,
            "capacity": 5974.0,
            "opening_cost": 100.0
        },
        "d10": {
            "x": 91.400002,
            "y": 78.800003,
            "capacity": 5974.0,
            "opening_cost": 100.0
        },
        "d11": {
            "x": 48.799999,
            "y": 20.9,
            "capacity": 5974.0,
            "opening_cost": 100.0
        },
        "d12": {
            "x": 87.699997,
            "y": 38.700001,
            "capacity": 5974.0,
            "opening_cost": 100.0
        },
        "d13": {
            "x": 61.0,
            "y": 64.099998,
            "capacity": 5974.0,
            "opening_cost": 100.0
        },
        "d14": {
            "x": 68.900002,
            "y": 38.400002,
            "capacity": 5974.0,
            "opening_cost": 100.0
        },
        "d15": {
            "x": 98.800003,
            "y": 30.0,
            "capacity": 5974.0,
            "opening_cost": 100.0
        },
        "d16": {
            "x": 16.5,
            "y": 6.7,
            "capacity": 5974.0,
            "opening_cost": 100.0
        },
        "d17": {
            "x": 7.6,
            "y": 12.0,
            "capacity": 5974.0,
            "opening_cost": 100.0
        },
        "d18": {
            "x": 95.699997,
            "y": 39.200001,
            "capacity": 5974.0,
            "opening_cost": 100.0
        },
        "d19": {
            "x": 86.099998,
            "y": 85.599998,
            "capacity": 5974.0,
            "opening_cost": 100.0
        }
    },
    "meta_data": {
        "nb_customers": 200,
        "nb_depots": 20,
        "vehicle_cap": 150.0,
        "vehicle_cost": 10.0,
        "cost_type": 1.0
    }
}