{
    "customers": {
        "c0": {
            "x": 94.900002,
            "y": 62.200001,
            "demand": 14.0
        },
        "c1": {
            "x": 27.299999,
            "y": 21.1,
            "demand": 13.0
        },
        "c2": {
            "x": 36.900002,
            "y": 63.5,
            "demand": 16.0
        },
        "c3": {
            "x": 23.299999,
            "y": 23.299999,
            "demand": 13.0
        },
        "c4": {
            "x": 10.3,
            "y": 0.9,
            "demand": 18.0
        },
        "c5": {
            "x": 10.9,
            "y": 38.299999,
            "demand": 10.0
        },
        "c6": {
            "x": 88.5,
            "y": 33.099998,
            "demand": 11.0
        },
        "c7": {
            "x": 24.4,
            "y": 65.300003,
            "demand": 11.0
        },
        "c8": {
            "x": 15.7,
            "y": 15.7,
            "demand": 15.0
        },
        "c9": {
            "x": 9.9,
            "y": 8.3,
            "demand": 13.0
        },
        "c10": {
            "x": 62.799999,
            "y": 59.299999,
            "demand": 19.0
        },
        "c11": {
            "x": 73.800003,
            "y": 35.900002,
            "demand": 13.0
        },
        "c12": {
            "x": 37.200001,
            "y": 39.700001,
            "demand": 13.0
        },
        "c13": {
            "x": 96.5,
            "y": 14.9,
            "demand": 19.0
        },
        "c14": {
            "x": 38.599998,
            "y": 51.099998,
            "demand": 16.0
        },
        "c15": {
            "x": 43.900002,
            "y": 26.5,
            "demand": 19.0
        },
        "c16": {
            "x": 38.299999,
            "y": 76.599998,
            "demand": 16.0
        },
        "c17": {
            "x": 53.5,
            "y": 83.599998,
            "demand": 19.0
        },
        "c18": {
            "x": 16.9,
            "y": 75.099998,
            "demand": 20.0
        },
        "c19": {
            "x": 19.9,
            "y": 59.700001,
            "demand": 11.0
        },
        "c20": {
            "x": 72.300003,
            "y": 85.5,
            "demand": 19.0
        },
        "c21": {
            "x": 61.900002,
            "y": 57.900002,
            "demand": 14.0
        },
        "c22": {
            "x": 79.199997,
            "y": 40.0,
            "demand": 10.0
        },
        "c23": {
            "x": 62.799999,
            "y": 67.800003,
            "demand": 13.0
        },
        "c24": {
            "x": 87.900002,
            "y": 79.300003,
            "demand": 16.0
        },
        "c25": {
            "x": 71.800003,
            "y": 83.0,
            "demand": 15.0
        },
        "c26": {
            "x": 93.5,
            "y": 36.400002,
            "demand": 14.0
        },
        "c27": {
            "x": 64.400002,
            "y": 20.5,
            "demand": 14.0
        },
        "c28": {
            "x": 99.199997,
            "y": 9.3,
            "demand": 14.0
        },
        "c29": {
            "x": 78.800003,
            "y": 46.0,
            "demand": 17.0
        },
        "c30": {
            "x": 8.4,
            "y": 89.800003,
            "demand": 16.0
        },
        "c31": {
            "x": 7.6,
            "y": 3.1,
            "demand": 15.0
        },
        "c32": {
            "x": 5.1,
            "y": 46.0,
            "demand": 20.0
        },
        "c33": {
            "x": 10.1,
            "y": 72.599998,
            "demand": 17.0
        },
        "c34": {
            "x": 56.299999,
            "y": 10.1,
            "demand": 11.0
        },
        "c35": {
            "x": 53.799999,
            "y": 45.400002,
            "demand": 15.0
        },
        "c36": {
            "x": 74.5,
            "y": 77.699997,
            "demand": 13.0
        },
        "c37": {
            "x": 10.2,
            "y": 81.099998,
            "demand": 14.0
        },
        "c38": {
            "x": 70.300003,
            "y": 53.5,
            "demand": 14.0
        },
        "c39": {
            "x": 88.300003,
            "y": 88.699997,
            "demand": 17.0
        },
        "c40": {
            "x": 71.400002,
            "y": 99.300003,
            "demand": 11.0
        },
        "c41": {
            "x": 35.900002,
            "y": 50.599998,
            "demand": 11.0
        },
        "c42": {
            "x": 25.6,
            "y": 36.299999,
            "demand": 19.0
        },
        "c43": {
            "x": 28.799999,
            "y": 58.200001,
            "demand": 11.0
        },
        "c44": {
            "x": 26.4,
            "y": 5.5,
            "demand": 13.0
        },
        "c45": {
            "x": 26.700001,
            "y": 78.599998,
            "demand": 11.0
        },
        "c46": {
            "x": 10.8,
            "y": 22.6,
            "demand": 16.0
        },
        "c47": {
            "x": 66.699997,
            "y": 45.200001,
            "demand": 20.0
        },
        "c48": {
            "x": 20.799999,
            "y": 57.599998,
            "demand": 11.0
        },
        "c49": {
            "x": 1.3,
            "y": 84.0,
            "demand": 11.0
        },
        "c50": {
            "x": 22.5,
            "y": 32.5,
            "demand": 14.0
        },
        "c51": {
            "x": 89.099998,
            "y": 47.0,
            "demand": 17.0
        },
        "c52": {
            "x": 19.299999,
            "y": 28.1,
            "demand": 10.0
        },
        "c53": {
            "x": 93.400002,
            "y": 31.1,
            "demand": 17.0
        },
        "c54": {
            "x": 92.900002,
            "y": 41.400002,
            "demand": 16.0
        },
        "c55": {
            "x": 98.300003,
            "y": 32.099998,
            "demand": 10.0
        },
        "c56": {
            "x": 91.699997,
            "y": 30.200001,
            "demand": 20.0
        },
        "c57": {
            "x": 95.900002,
            "y": 31.4,
            "demand": 15.0
        },
        "c58": {
            "x": 95.800003,
            "y": 32.400002,
            "demand": 12.0
        },
        "c59": {
            "x": 98.400002,
            "y": 38.799999,
            "demand": 12.0
        },
        "c60": {
            "x": 93.099998,
            "y": 34.900002,
            "demand": 19.0
        },
        "c61": {
            "x": 91.5,
            "y": 33.0,
            "demand": 12.0
        },
        "c62": {
            "x": 99.400002,
            "y": 33.200001,
            "demand": 12.0
        },
        "c63": {
            "x": 99.900002,
            "y": 32.200001,
            "demand": 11.0
        },
        "c64": {
            "x": 95.599998,
            "y": 34.0,
            "demand": 14.0
        },
        "c65": {
            "x": 95.599998,
            "y": 38.299999,
            "demand": 15.0
        },
        "c66": {
            "x": 99.900002,
            "y": 38.200001,
            "demand": 13.0
        },
        "c67": {
            "x": 99.199997,
            "y": 40.400002,
            "demand": 10.0
        },
        "c68": {
            "x": 95.599998,
            "y": 41.0,
            "demand": 14.0
        },
        "c69": {
            "x": 99.900002,
            "y": 33.0,
            "demand": 15.0
        },
        "c70": {
            "x": 99.900002,
            "y": 38.099998,
            "demand": 15.0
        },
        "c71": {
            "x": 99.900002,
            "y": 31.700001,
            "demand": 14.0
        },
        "c72": {
            "x": 99.900002,
            "y": 40.799999,
            "demand": 18.0
        },
        "c73": {
            "x": 99.900002,
            "y": 36.099998,
            "demand": 15.0
        },
        "c74": {
            "x": 99.900002,
            "y": 35.700001,
            "demand": 10.0
        },
        "c75": {
            "x": 90.599998,
            "y": 37.299999,
            "demand": 16.0
        },
        "c76": {
            "x": 94.0,
            "y": 40.099998,
            "demand": 15.0
        },
        "c77": {
            "x": 99.300003,
            "y": 32.5,
            "demand": 13.0
        },
        "c78": {
            "x": 92.300003,
            "y": 36.400002,
            "demand": 13.0
        },
        "c79": {
            "x": 97.300003,
            "y": 41.099998,
            "demand": 16.0
        },
        "c80": {
            "x": 89.900002,
            "y": 33.700001,
            "demand": 14.0
        },
        "c81": {
            "x": 92.199997,
            "y": 31.4,
            "demand": 18.0
        },
        "c82": {
            "x": 89.599998,
            "y": 31.9,
            "demand": 12.0
        },
        "c83": {
            "x": 92.900002,
            "y": 30.5,
            "demand": 20.0
        },
        "c84": {
            "x": 95.400002,
            "y": 40.400002,
            "demand": 19.0
        },
        "c85": {
            "x": 63.0,
            "y": 6.2,
            "demand": 12.0
        },
        "c86": {
            "x": 71.800003,
            "y": 4.0,
            "demand": 16.0
        },
        "c87": {
            "x": 64.0,
            "y": 1.9,
            "demand": 10.0
        },
        "c88": {
            "x": 60.900002,
            "y": 7.0,
            "demand": 11.0
        },
        "c89": {
            "x": 70.400002,
            "y": 14.0,
            "demand": 16.0
        },
        "c90": {
            "x": 62.099998,
            "y": 2.4,
            "demand": 11.0
        },
        "c91": {
            "x": 74.199997,
            "y": 13.4,
            "demand": 17.0
        },
        "c92": {
            "x": 68.900002,
            "y": 10.0,
            "demand": 20.0
        },
        "c93": {
            "x": 61.200001,
            "y": 7.4,
            "demand": 10.0
        },
        "c94": {
            "x": 72.099998,
            "y": 6.2,
            "demand": 18.0
        },
        "c95": {
            "x": 63.099998,
            "y": 12.3,
            "demand": 20.0
        },
        "c96": {
            "x": 73.800003,
            "y": 2.4,
            "demand": 17.0
        },
        "c97": {
            "x": 67.900002,
            "y": 2.7,
            "demand": 20.0
        },
        "c98": {
            "x": 70.099998,
            "y": 9.6,
            "demand": 13.0
        },
        "c99": {
            "x": 67.599998,
            "y": 10.2,
            "demand": 10.0
        },
        "c100": {
            "x": 72.0,
            "y": 11.8,
            "demand": 11.0
        },
        "c101": {
            "x": 70.099998,
            "y": 8.5,
            "demand": 17.0
        },
        "c102": {
            "x": 65.699997,
            "y": 4.3,
            "demand": 17.0
        },
        "c103": {
            "x": 67.400002,
            "y": 6.0,
            "demand": 15.0
        },
        "c104": {
            "x": 70.5,
            "y": 5.6,
            "demand": 17.0
        },
        "c105": {
            "x": 62.299999,
            "y": 8.4,
            "demand": 16.0
        },
        "c106": {
            "x": 73.400002,
            "y": 8.3,
            "demand": 15.0
        },
        "c107": {
            "x": 65.099998,
            "y": 9.7,
            "demand": 10.0
        },
        "c108": {
            "x": 68.300003,
            "y": 7.6,
            "demand": 10.0
        },
        "c109": {
            "x": 61.200001,
            "y": 4.6,
            "demand": 14.0
        },
        "c110": {
            "x": 67.099998,
            "y": 11.5,
            "demand": 20.0
        },
        "c111": {
            "x": 63.200001,
            "y": 9.3,
            "demand": 20.0
        },
        "c112": {
            "x": 62.0,
            "y": 11.0,
            "demand": 13.0
        },
        "c113": {
            "x": 70.5,
            "y": 10.8,
            "demand": 17.0
        },
        "c114": {
            "x": 61.700001,
            "y": 8.0,
            "demand": 13.0
        },
        "c115": {
            "x": 72.400002,
            "y": 10.8,
            "demand": 19.0
        },
        "c116": {
            "x": 70.699997,
            "y": 14.7,
            "demand": 19.0
        },
        "c117": {
            "x": 16.0,
            "y": 98.699997,
            "demand": 19.0
        },
        "c118": {
            "x": 10.3,
            "y": 94.300003,
            "demand": 16.0
        },
        "c119": {
            "x": 14.1,
            "y": 87.400002,
            "demand": 11.0
        },
        "c120": {
            "x": 13.3,
            "y": 89.5,
            "demand": 19.0
        },
        "c121": {
            "x": 7.8,
            "y": 94.0,
            "demand": 17.0
        },
        "c122": {
            "x": 11.2,
            "y": 96.5,
            "demand": 17.0
        },
        "c123": {
            "x": 13.2,
            "y": 96.199997,
            "demand": 13.0
        },
        "c124": {
            "x": 6.4,
            "y": 89.300003,
            "demand": 10.0
        },
        "c125": {
            "x": 15.6,
            "y": 94.800003,
            "demand": 13.0
        },
        "c126": {
            "x": 9.6,
            "y": 95.400002,
            "demand": 11.0
        },
        "c127": {
            "x": 18.200001,
            "y": 95.800003,
            "demand": 17.0
        },
        "c128": {
            "x": 13.1,
            "y": 95.699997,
            "demand": 20.0
        },
        "c129": {
            "x": 5.5,
            "y": 90.099998,
            "demand": 18.0
        },
        "c130": {
            "x": 14.9,
            "y": 90.800003,
            "demand": 20.0
        },
        "c131": {
            "x": 13.9,
            "y": 87.599998,
            "demand": 15.0
        },
        "c132": {
            "x": 5.4,
            "y": 96.599998,
            "demand": 15.0
        },
        "c133": {
            "x": 9.9,
            "y": 96.199997,
            "demand": 13.0
        },
        "c134": {
            "x": 15.3,
            "y": 87.699997,
            "demand": 12.0
        },
        "c135": {
            "x": 15.9,
            "y": 91.900002,
            "demand": 19.0
        },
        "c136": {
            "x": 18.4,
            "y": 96.400002,
            "demand": 18.0
        },
        "c137": {
            "x": 15.2,
            "y": 98.0,
            "demand": 12.0
        },
        "c138": {
            "x": 15.1,
            "y": 94.300003,
            "demand": 10.0
        },
        "c139": {
            "x": 16.5,
            "y": 90.800003,
            "demand": 11.0
        },
        "c140": {
            "x": 8.3,
            "y": 98.699997,
            "demand": 12.0
        },
        "c141": {
            "x": 16.4,
            "y": 97.900002,
            "demand": 19.0
        },
        "c142": {
            "x": 12.9,
            "y": 90.099998,
            "demand": 14.0
        },
        "c143": {
            "x": 67.199997,
            "y": 55.700001,
            "demand": 11.0
        },
        "c144": {
            "x": 66.800003,
            "y": 56.0,
            "demand": 15.0
        },
        "c145": {
            "x": 77.800003,
            "y": 64.099998,
            "demand": 13.0
        },
        "c146": {
            "x": 71.699997,
            "y": 52.900002,
            "demand": 18.0
        },
        "c147": {
            "x": 74.699997,
            "y": 62.799999,
            "demand": 11.0
        },
        "c148": {
            "x": 71.5,
            "y": 64.900002,
            "demand": 13.0
        },
        "c149": {
            "x": 69.599998,
            "y": 64.300003,
            "demand": 16.0
        },
        "c150": {
            "x": 67.099998,
            "y": 61.599998,
            "demand": 15.0
        },
        "c151": {
            "x": 74.199997,
            "y": 62.200001,
            "demand": 15.0
        },
        "c152": {
            "x": 78.400002,
            "y": 60.299999,
            "demand": 12.0
        },
        "c153": {
            "x": 73.099998,
            "y": 53.799999,
            "demand": 16.0
        },
        "c154": {
            "x": 70.5,
            "y": 63.799999,
            "demand": 18.0
        },
        "c155": {
            "x": 68.300003,
            "y": 62.200001,
            "demand": 11.0
        },
        "c156": {
            "x": 78.5,
            "y": 64.199997,
            "demand": 16.0
        },
        "c157": {
            "x": 66.300003,
            "y": 57.0,
            "demand": 19.0
        },
        "c158": {
            "x": 71.699997,
            "y": 58.400002,
            "demand": 18.0
        },
        "c159": {
            "x": 76.199997,
            "y": 51.900002,
            "demand": 14.0
        },
        "c160": {
            "x": 74.800003,
            "y": 64.599998,
            "demand": 12.0
        },
        "c161": {
            "x": 78.400002,
            "y": 63.0,
            "demand": 19.0
        },
        "c162": {
            "x": 78.199997,
            "y": 61.900002,
            "demand": 10.0
        },
        "c163": {
            "x": 70.300003,
            "y": 53.299999,
            "demand": 16.0
        },
        "c164": {
            "x": 66.699997,
            "y": 53.599998,
            "demand": 14.0
        },
        "c165": {
            "x": 76.0,
            "y": 56.099998,
            "demand": 11.0
        },
        "c166": {
            "x": 74.699997,
            "y": 58.599998,
            "demand": 15.0
        },
        "c167": {
            "x": 66.900002,
            "y": 57.799999,
            "demand": 18.0
        },
        "c168": {
            "x": 77.5,
            "y": 62.400002,
            "demand": 11.0
        },
        "c169": {
            "x": 69.199997,
            "y": 58.599998,
            "demand": 20.0
        },
        "c170": {
            "x": 6.6,
            "y": 49.599998,
            "demand": 16.0
        },
        "c171": {
            "x": 8.9,
            "y": 50.599998,
            "demand": 20.0
        },
        "c172": {
            "x": 8.0,
            "y": 48.599998,
            "demand": 13.0
        },
        "c173": {
            "x": 8.5,
            "y": 49.900002,
            "demand": 13.0
        },
        "c174": {
            "x": 1.8,
            "y": 47.200001,
            "demand": 14.0
        },
        "c175": {
            "x": 12.2,
            "y": 55.799999,
            "demand": 12.0
        },
        "c176": {
            "x": 13.9,
            "y": 53.400002,
            "demand": 17.0
        },
        "c177": {
            "x": 6.1,
            "y": 45.799999,
            "demand": 12.0
        },
        "c178": {
            "x": 3.5,
            "y": 52.099998,
            "demand": 11.0
        },
        "c179": {
            "x": 8.6,
            "y": 49.799999,
            "demand": 11.0
        },
        "c180": {
            "x": 9.7,
            "y": 53.599998,
            "demand": 14.0
        },
        "c181": {
            "x": 10.1,
            "y": 53.599998,
            "demand": 13.0
        },
        "c182": {
            "x": 9.8,
            "y": 48.799999,
            "demand": 11.0
        },
        "c183": {
            "x": 3.3,
            "y": 50.200001,
            "demand": 17.0
        },
        "c184": {
            "x": 4.9,
            "y": 44.900002,
            "demand": 13.0
        },
        "c185": {
            "x": 8.9,
            "y": 46.599998,
            "demand": 16.0
        },
        "c186": {
            "x": 4.2,
            "y": 54.799999,
            "demand": 13.0
        },
        "c187": {
            "x": 11.8,
            "y": 45.200001,
            "demand": 12.0
        },
        "c188": {
            "x": 1.2,
            "y": 45.799999,
            "demand": 13.0
        },
        "c189": {
            "x": 5.7,
            "y": 55.799999,
            "demand": 13.0
        },
        "c190": {
            "x": 6.8,
            "y": 45.599998,
            "demand": 14.0
        },
        "c191": {
            "x": 7.9,
            "y": 52.799999,
            "demand": 11.0
        },
        "c192": {
            "x": 2.5,
            "y": 47.099998,
            "demand": 16.0
        },
        "c193": {
            "x": 1.6,
            "y": 50.200001,
            "demand": 17.0
        },
        "c194": {
            "x": 12.1,
            "y": 47.599998,
            "demand": 17.0
        },
        "c195": {
            "x": 10.1,
            "y": 46.299999,
            "demand": 11.0
        },
        "c196": {
            "x": 10.6,
            "y": 57.599998,
            "demand": 20.0
        },
        "c197": {
            "x": 11.7,
            "y": 50.799999,
            "demand": 10.0
        },
        "c198": {
            "x": 8.1,
            "y": 55.400002,
            "demand": 15.0
        },
        "c199": {
            "x": 11.1,
            "y": 57.700001,
            "demand": 18.0
        }
    },
    "depots": {
        "d0": {
            "x": 8.9,
            "y": 86.5,
            "capacity": 5864.0,
            "opening_cost": 100.0
        },
        "d1": {
            "x": 74.5,
            "y": 79.099998,
            "capacity": 5864.0,
            "opening_cost": 100.0
        },
        "d2": {
            "x": 16.4,
            "y": 80.099998,
            "capacity": 5864.0,
            "opening_cost": 100.0
        },
        "d3": {
            "x": 35.900002,
            "y": 32.400002,
            "capacity": 5864.0,
            "opening_cost": 100.0
        },
        "d4": {
            "x": 67.900002,
            "y": 0.2,
            "capacity": 5864.0,
            "opening_cost": 100.0
        },
        "d5": {
            "x": 35.5,
            "y": 62.400002,
            "capacity": 5864.0,
            "opening_cost": 100.0
        },
        "d6": {
            "x": 72.800003,
            "y": 3.8,
            "capacity": 5864.0,
            "opening_cost": 100.0
        },
        "d7": {
            "x": 52.099998,
            "y": 67.400002,
            "capacity": 5864.0,
            "opening_cost": 100.0
        },
        "d8": {
            "x": 97.599998,
            "y": 67.099998,
            "capacity": 5864.0,
            "opening_cost": 100.0
        },
        "d9": {
            "x": 40.900002,
            "y": 58.0,
            "capacity": 5864.0,
            "opening_cost": 100.0
        },
        "d10": {
            "x": 84.300003,
            "y": 88.400002,
            "capacity": 5864.0,
            "opening_cost": 100.0
        },
        "d11": {
            "x": 8.9,
            "y": 88.5,
            "capacity": 5864.0,
            "opening_cost": 100.0
        },
        "d12": {
            "x": 33.799999,
            "y": 77.5,
            "capacity": 5864.0,
            "opening_cost": 100.0
        },
        "d13": {
            "x": 64.699997,
            "y": 98.5,
            "capacity": 5864.0,
            "opening_cost": 100.0
        },
        "d14": {
            "x": 55.099998,
            "y": 49.599998,
            "capacity": 5864.0,
            "opening_cost": 100.0
        },
        "d15": {
            "x": 14.0,
            "y": 44.799999,
            "capacity": 5864.0,
            "opening_cost": 100.0
        },
        "d16": {
            "x": 40.799999,
            "y": 42.200001,
            "capacity": 5864.0,
            "opening_cost": 100.0
        },
        "d17": {
            "x": 62.5,
            "y": 0.5,
            "capacity": 5864.0,
            "opening_cost": 100.0
        },
        "d18": {
            "x": 5.3,
            "y": 80.900002,
            "capacity": 5864.0,
            "opening_cost": 100.0
        },
        "d19": {
            "x": 19.4,
            "y": 45.900002,
            "capacity": 5864.0,
            "opening_cost": 100.0
        }
    },
    "meta_data": {
        "nb_customers": 200,
        "nb_depots": 20,
        "vehicle_cap": 150.0,
        "vehicle_cost": 10.0,
        "cost_type": 1.0
    }
}