{
    "customers": {
        "c0": {
            "x": 66.699997,
            "y": 52.299999,
            "demand": 15.0
        },
        "c1": {
            "x": 69.199997,
            "y": 59.799999,
            "demand": 10.0
        },
        "c2": {
            "x": 73.199997,
            "y": 59.099998,
            "demand": 15.0
        },
        "c3": {
            "x": 63.799999,
            "y": 55.700001,
            "demand": 11.0
        },
        "c4": {
            "x": 66.800003,
            "y": 50.700001,
            "demand": 19.0
        },
        "c5": {
            "x": 73.099998,
            "y": 57.400002,
            "demand": 10.0
        },
        "c6": {
            "x": 75.599998,
            "y": 53.799999,
            "demand": 18.0
        },
        "c7": {
            "x": 70.300003,
            "y": 54.5,
            "demand": 18.0
        },
        "c8": {
            "x": 70.400002,
            "y": 52.299999,
            "demand": 16.0
        },
        "c9": {
            "x": 67.800003,
            "y": 57.099998,
            "demand": 15.0
        },
        "c10": {
            "x": 67.5,
            "y": 59.099998,
            "demand": 14.0
        },
        "c11": {
            "x": 74.300003,
            "y": 58.799999,
            "demand": 12.0
        },
        "c12": {
            "x": 62.400002,
            "y": 52.099998,
            "demand": 16.0
        },
        "c13": {
            "x": 68.699997,
            "y": 58.5,
            "demand": 14.0
        },
        "c14": {
            "x": 70.800003,
            "y": 58.200001,
            "demand": 12.0
        },
        "c15": {
            "x": 70.300003,
            "y": 51.299999,
            "demand": 13.0
        },
        "c16": {
            "x": 68.400002,
            "y": 51.599998,
            "demand": 13.0
        },
        "c17": {
            "x": 70.400002,
            "y": 51.400002,
            "demand": 19.0
        },
        "c18": {
            "x": 68.0,
            "y": 54.200001,
            "demand": 12.0
        },
        "c19": {
            "x": 67.199997,
            "y": 50.599998,
            "demand": 20.0
        },
        "c20": {
            "x": 64.5,
            "y": 63.0,
            "demand": 17.0
        },
        "c21": {
            "x": 6.8,
            "y": 96.300003,
            "demand": 16.0
        },
        "c22": {
            "x": 1.1,
            "y": 97.900002,
            "demand": 15.0
        },
        "c23": {
            "x": 5.7,
            "y": 99.800003,
            "demand": 15.0
        },
        "c24": {
            "x": 0.0,
            "y": 99.900002,
            "demand": 16.0
        },
        "c25": {
            "x": 0.0,
            "y": 90.599998,
            "demand": 15.0
        },
        "c26": {
            "x": 3.2,
            "y": 90.800003,
            "demand": 12.0
        },
        "c27": {
            "x": 7.3,
            "y": 98.199997,
            "demand": 20.0
        },
        "c28": {
            "x": 0.0,
            "y": 94.800003,
            "demand": 14.0
        },
        "c29": {
            "x": 2.2,
            "y": 99.900002,
            "demand": 19.0
        },
        "c30": {
            "x": 6.8,
            "y": 91.400002,
            "demand": 20.0
        },
        "c31": {
            "x": 2.2,
            "y": 95.0,
            "demand": 16.0
        },
        "c32": {
            "x": 2.0,
            "y": 91.599998,
            "demand": 10.0
        },
        "c33": {
            "x": 0.0,
            "y": 95.0,
            "demand": 13.0
        },
        "c34": {
            "x": 0.0,
            "y": 99.900002,
            "demand": 16.0
        },
        "c35": {
            "x": 8.4,
            "y": 94.199997,
            "demand": 17.0
        },
        "c36": {
            "x": 2.9,
            "y": 90.5,
            "demand": 11.0
        },
        "c37": {
            "x": 8.4,
            "y": 96.099998,
            "demand": 13.0
        },
        "c38": {
            "x": 3.7,
            "y": 99.400002,
            "demand": 16.0
        },
        "c39": {
            "x": 29.1,
            "y": 99.900002,
            "demand": 14.0
        },
        "c40": {
            "x": 33.0,
            "y": 94.300003,
            "demand": 17.0
        },
        "c41": {
            "x": 24.5,
            "y": 93.0,
            "demand": 15.0
        },
        "c42": {
            "x": 31.0,
            "y": 93.400002,
            "demand": 16.0
        },
        "c43": {
            "x": 33.799999,
            "y": 90.599998,
            "demand": 16.0
        },
        "c44": {
            "x": 34.0,
            "y": 99.599998,
            "demand": 11.0
        },
        "c45": {
            "x": 30.1,
            "y": 99.0,
            "demand": 16.0
        },
        "c46": {
            "x": 24.9,
            "y": 89.599998,
            "demand": 12.0
        },
        "c47": {
            "x": 31.0,
            "y": 94.699997,
            "demand": 10.0
        },
        "c48": {
            "x": 29.0,
            "y": 93.099998,
            "demand": 11.0
        },
        "c49": {
            "x": 36.200001,
            "y": 94.300003,
            "demand": 16.0
        },
        "c50": {
            "x": 26.299999,
            "y": 98.699997,
            "demand": 17.0
        },
        "c51": {
            "x": 26.1,
            "y": 93.099998,
            "demand": 16.0
        },
        "c52": {
            "x": 31.299999,
            "y": 99.900002,
            "demand": 15.0
        },
        "c53": {
            "x": 33.599998,
            "y": 97.099998,
            "demand": 15.0
        },
        "c54": {
            "x": 36.400002,
            "y": 99.900002,
            "demand": 20.0
        },
        "c55": {
            "x": 32.400002,
            "y": 91.800003,
            "demand": 20.0
        },
        "c56": {
            "x": 30.9,
            "y": 90.300003,
            "demand": 10.0
        },
        "c57": {
            "x": 28.299999,
            "y": 93.300003,
            "demand": 14.0
        },
        "c58": {
            "x": 28.6,
            "y": 99.900002,
            "demand": 18.0
        },
        "c59": {
            "x": 24.6,
            "y": 97.300003,
            "demand": 11.0
        },
        "c60": {
            "x": 36.900002,
            "y": 90.099998,
            "demand": 18.0
        },
        "c61": {
            "x": 83.099998,
            "y": 22.700001,
            "demand": 10.0
        },
        "c62": {
            "x": 71.900002,
            "y": 20.5,
            "demand": 10.0
        },
        "c63": {
            "x": 76.5,
            "y": 20.9,
            "demand": 12.0
        },
        "c64": {
            "x": 77.400002,
            "y": 24.799999,
            "demand": 19.0
        },
        "c65": {
            "x": 71.900002,
            "y": 22.0,
            "demand": 15.0
        },
        "c66": {
            "x": 72.5,
            "y": 23.299999,
            "demand": 17.0
        },
        "c67": {
            "x": 74.900002,
            "y": 30.1,
            "demand": 11.0
        },
        "c68": {
            "x": 78.800003,
            "y": 23.200001,
            "demand": 12.0
        },
        "c69": {
            "x": 82.300003,
            "y": 21.799999,
            "demand": 12.0
        },
        "c70": {
            "x": 80.199997,
            "y": 30.4,
            "demand": 13.0
        },
        "c71": {
            "x": 73.5,
            "y": 17.9,
            "demand": 20.0
        },
        "c72": {
            "x": 78.400002,
            "y": 17.4,
            "demand": 18.0
        },
        "c73": {
            "x": 74.800003,
            "y": 30.6,
            "demand": 10.0
        },
        "c74": {
            "x": 72.599998,
            "y": 29.9,
            "demand": 13.0
        },
        "c75": {
            "x": 75.099998,
            "y": 18.299999,
            "demand": 17.0
        },
        "c76": {
            "x": 78.800003,
            "y": 24.700001,
            "demand": 19.0
        },
        "c77": {
            "x": 80.0,
            "y": 30.5,
            "demand": 13.0
        },
        "c78": {
            "x": 73.400002,
            "y": 25.4,
            "demand": 14.0
        },
        "c79": {
            "x": 81.599998,
            "y": 28.700001,
            "demand": 11.0
        },
        "c80": {
            "x": 99.900002,
            "y": 6.2,
            "demand": 11.0
        },
        "c81": {
            "x": 99.199997,
            "y": 9.1,
            "demand": 16.0
        },
        "c82": {
            "x": 99.900002,
            "y": 7.9,
            "demand": 18.0
        },
        "c83": {
            "x": 99.199997,
            "y": 0.0,
            "demand": 18.0
        },
        "c84": {
            "x": 99.900002,
            "y": 0.0,
            "demand": 20.0
        },
        "c85": {
            "x": 95.599998,
            "y": 8.5,
            "demand": 11.0
        },
        "c86": {
            "x": 95.0,
            "y": 4.5,
            "demand": 10.0
        },
        "c87": {
            "x": 99.900002,
            "y": 6.1,
            "demand": 20.0
        },
        "c88": {
            "x": 93.900002,
            "y": 0.0,
            "demand": 13.0
        },
        "c89": {
            "x": 97.900002,
            "y": 0.0,
            "demand": 20.0
        },
        "c90": {
            "x": 97.599998,
            "y": 0.0,
            "demand": 17.0
        },
        "c91": {
            "x": 99.900002,
            "y": 9.4,
            "demand": 16.0
        },
        "c92": {
            "x": 99.900002,
            "y": 2.0,
            "demand": 13.0
        },
        "c93": {
            "x": 99.900002,
            "y": 0.0,
            "demand": 12.0
        },
        "c94": {
            "x": 96.199997,
            "y": 0.9,
            "demand": 11.0
        },
        "c95": {
            "x": 97.400002,
            "y": 4.6,
            "demand": 16.0
        },
        "c96": {
            "x": 99.800003,
            "y": 0.7,
            "demand": 10.0
        },
        "c97": {
            "x": 95.300003,
            "y": 2.0,
            "demand": 16.0
        },
        "c98": {
            "x": 98.800003,
            "y": 3.5,
            "demand": 18.0
        },
        "c99": {
            "x": 95.0,
            "y": 3.6,
            "demand": 10.0
        }
    },
    "depots": {
        "d0": {
            "x": 85.300003,
            "y": 17.1,
            "capacity": 2946.0,
            "opening_cost": 100.0
        },
        "d1": {
            "x": 28.4,
            "y": 63.5,
            "capacity": 2946.0,
            "opening_cost": 100.0
        },
        "d2": {
            "x": 18.9,
            "y": 28.0,
            "capacity": 2946.0,
            "opening_cost": 100.0
        },
        "d3": {
            "x": 63.700001,
            "y": 63.0,
            "capacity": 2946.0,
            "opening_cost": 100.0
        },
        "d4": {
            "x": 4.4,
            "y": 79.900002,
            "capacity": 2946.0,
            "opening_cost": 100.0
        },
        "d5": {
            "x": 1.3,
            "y": 99.800003,
            "capacity": 2946.0,
            "opening_cost": 100.0
        },
        "d6": {
            "x": 44.299999,
            "y": 20.5,
            "capacity": 2946.0,
            "opening_cost": 100.0
        },
        "d7": {
            "x": 92.699997,
            "y": 54.599998,
            "capacity": 2946.0,
            "opening_cost": 100.0
        },
        "d8": {
            "x": 33.799999,
            "y": 59.700001,
            "capacity": 2946.0,
            "opening_cost": 100.0
        },
        "d9": {
            "x": 83.5,
            "y": 12.1,
            "capacity": 2946.0,
            "opening_cost": 100.0
        }
    },
    "meta_data": {
        "nb_customers": 100,
        "nb_depots": 10,
        "vehicle_cap": 150.0,
        "vehicle_cost": 10.0,
        "cost_type": 1.0
    }
}