{
    "customers": {
        "c0": {
            "x": 7.3,
            "y": 25.200001,
            "demand": 17.0
        },
        "c1": {
            "x": 49.099998,
            "y": 5.7,
            "demand": 10.0
        },
        "c2": {
            "x": 74.900002,
            "y": 73.800003,
            "demand": 10.0
        },
        "c3": {
            "x": 23.9,
            "y": 57.599998,
            "demand": 12.0
        },
        "c4": {
            "x": 98.900002,
            "y": 48.099998,
            "demand": 13.0
        },
        "c5": {
            "x": 74.300003,
            "y": 42.900002,
            "demand": 11.0
        },
        "c6": {
            "x": 0.9,
            "y": 7.8,
            "demand": 10.0
        },
        "c7": {
            "x": 49.299999,
            "y": 40.900002,
            "demand": 17.0
        },
        "c8": {
            "x": 60.700001,
            "y": 96.800003,
            "demand": 18.0
        },
        "c9": {
            "x": 86.300003,
            "y": 39.900002,
            "demand": 19.0
        },
        "c10": {
            "x": 46.400002,
            "y": 92.900002,
            "demand": 14.0
        },
        "c11": {
            "x": 0.4,
            "y": 93.0,
            "demand": 19.0
        },
        "c12": {
            "x": 24.700001,
            "y": 28.799999,
            "demand": 11.0
        },
        "c13": {
            "x": 56.099998,
            "y": 67.0,
            "demand": 20.0
        },
        "c14": {
            "x": 7.0,
            "y": 78.400002,
            "demand": 15.0
        },
        "c15": {
            "x": 60.200001,
            "y": 91.5,
            "demand": 16.0
        },
        "c16": {
            "x": 5.4,
            "y": 20.5,
            "demand": 19.0
        },
        "c17": {
            "x": 0.5,
            "y": 15.5,
            "demand": 14.0
        },
        "c18": {
            "x": 77.699997,
            "y": 11.6,
            "demand": 18.0
        },
        "c19": {
            "x": 87.400002,
            "y": 69.300003,
            "demand": 11.0
        },
        "c20": {
            "x": 19.1,
            "y": 67.300003,
            "demand": 10.0
        },
        "c21": {
            "x": 68.199997,
            "y": 82.900002,
            "demand": 14.0
        },
        "c22": {
            "x": 63.400002,
            "y": 99.099998,
            "demand": 19.0
        },
        "c23": {
            "x": 87.400002,
            "y": 78.900002,
            "demand": 11.0
        },
        "c24": {
            "x": 62.799999,
            "y": 59.900002,
            "demand": 14.0
        },
        "c25": {
            "x": 26.9,
            "y": 35.400002,
            "demand": 19.0
        },
        "c26": {
            "x": 20.0,
            "y": 79.199997,
            "demand": 12.0
        },
        "c27": {
            "x": 36.299999,
            "y": 20.6,
            "demand": 14.0
        },
        "c28": {
            "x": 20.700001,
            "y": 32.599998,
            "demand": 19.0
        },
        "c29": {
            "x": 12.3,
            "y": 53.099998,
            "demand": 11.0
        },
        "c30": {
            "x": 1.5,
            "y": 42.099998,
            "demand": 20.0
        },
        "c31": {
            "x": 37.900002,
            "y": 88.099998,
            "demand": 10.0
        },
        "c32": {
            "x": 24.1,
            "y": 1.3,
            "demand": 10.0
        },
        "c33": {
            "x": 98.699997,
            "y": 14.6,
            "demand": 10.0
        },
        "c34": {
            "x": 71.300003,
            "y": 68.5,
            "demand": 20.0
        },
        "c35": {
            "x": 45.400002,
            "y": 74.099998,
            "demand": 15.0
        },
        "c36": {
            "x": 1.2,
            "y": 60.400002,
            "demand": 18.0
        },
        "c37": {
            "x": 39.700001,
            "y": 0.6,
            "demand": 11.0
        },
        "c38": {
            "x": 33.599998,
            "y": 35.5,
            "demand": 20.0
        },
        "c39": {
            "x": 47.700001,
            "y": 80.699997,
            "demand": 19.0
        },
        "c40": {
            "x": 65.099998,
            "y": 72.599998,
            "demand": 12.0
        },
        "c41": {
            "x": 68.900002,
            "y": 42.799999,
            "demand": 12.0
        },
        "c42": {
            "x": 94.099998,
            "y": 76.599998,
            "demand": 10.0
        },
        "c43": {
            "x": 54.5,
            "y": 13.2,
            "demand": 17.0
        },
        "c44": {
            "x": 66.099998,
            "y": 99.199997,
            "demand": 16.0
        },
        "c45": {
            "x": 29.1,
            "y": 19.299999,
            "demand": 12.0
        },
        "c46": {
            "x": 30.799999,
            "y": 8.6,
            "demand": 13.0
        },
        "c47": {
            "x": 37.5,
            "y": 66.599998,
            "demand": 13.0
        },
        "c48": {
            "x": 27.5,
            "y": 68.300003,
            "demand": 16.0
        },
        "c49": {
            "x": 33.299999,
            "y": 67.5,
            "demand": 19.0
        },
        "c50": {
            "x": 27.5,
            "y": 52.099998,
            "demand": 16.0
        },
        "c51": {
            "x": 38.700001,
            "y": 66.599998,
            "demand": 18.0
        },
        "c52": {
            "x": 32.299999,
            "y": 68.5,
            "demand": 14.0
        },
        "c53": {
            "x": 38.299999,
            "y": 59.200001,
            "demand": 12.0
        },
        "c54": {
            "x": 35.799999,
            "y": 53.900002,
            "demand": 20.0
        },
        "c55": {
            "x": 35.5,
            "y": 53.400002,
            "demand": 17.0
        },
        "c56": {
            "x": 41.400002,
            "y": 63.5,
            "demand": 14.0
        },
        "c57": {
            "x": 25.799999,
            "y": 61.200001,
            "demand": 18.0
        },
        "c58": {
            "x": 36.700001,
            "y": 57.0,
            "demand": 12.0
        },
        "c59": {
            "x": 41.099998,
            "y": 52.299999,
            "demand": 18.0
        },
        "c60": {
            "x": 35.0,
            "y": 62.099998,
            "demand": 14.0
        },
        "c61": {
            "x": 29.9,
            "y": 63.0,
            "demand": 15.0
        },
        "c62": {
            "x": 38.400002,
            "y": 62.900002,
            "demand": 10.0
        },
        "c63": {
            "x": 41.900002,
            "y": 67.900002,
            "demand": 13.0
        },
        "c64": {
            "x": 31.1,
            "y": 56.200001,
            "demand": 18.0
        },
        "c65": {
            "x": 34.799999,
            "y": 63.799999,
            "demand": 10.0
        },
        "c66": {
            "x": 33.900002,
            "y": 66.900002,
            "demand": 10.0
        },
        "c67": {
            "x": 42.700001,
            "y": 67.800003,
            "demand": 17.0
        },
        "c68": {
            "x": 42.400002,
            "y": 62.200001,
            "demand": 12.0
        },
        "c69": {
            "x": 35.299999,
            "y": 63.0,
            "demand": 11.0
        },
        "c70": {
            "x": 38.299999,
            "y": 61.299999,
            "demand": 12.0
        },
        "c71": {
            "x": 37.900002,
            "y": 56.400002,
            "demand": 17.0
        },
        "c72": {
            "x": 30.9,
            "y": 65.800003,
            "demand": 16.0
        },
        "c73": {
            "x": 27.6,
            "y": 52.900002,
            "demand": 10.0
        },
        "c74": {
            "x": 35.799999,
            "y": 56.900002,
            "demand": 13.0
        },
        "c75": {
            "x": 40.400002,
            "y": 68.400002,
            "demand": 16.0
        },
        "c76": {
            "x": 36.099998,
            "y": 61.200001,
            "demand": 20.0
        },
        "c77": {
            "x": 42.099998,
            "y": 68.599998,
            "demand": 19.0
        },
        "c78": {
            "x": 28.299999,
            "y": 63.700001,
            "demand": 13.0
        },
        "c79": {
            "x": 25.6,
            "y": 63.700001,
            "demand": 16.0
        },
        "c80": {
            "x": 31.700001,
            "y": 68.900002,
            "demand": 18.0
        },
        "c81": {
            "x": 31.6,
            "y": 65.199997,
            "demand": 19.0
        },
        "c82": {
            "x": 35.200001,
            "y": 55.299999,
            "demand": 14.0
        },
        "c83": {
            "x": 36.799999,
            "y": 63.099998,
            "demand": 12.0
        },
        "c84": {
            "x": 26.9,
            "y": 69.0,
            "demand": 13.0
        },
        "c85": {
            "x": 32.900002,
            "y": 64.5,
            "demand": 16.0
        },
        "c86": {
            "x": 42.400002,
            "y": 68.800003,
            "demand": 14.0
        },
        "c87": {
            "x": 29.4,
            "y": 53.900002,
            "demand": 13.0
        },
        "c88": {
            "x": 32.900002,
            "y": 62.900002,
            "demand": 12.0
        },
        "c89": {
            "x": 34.799999,
            "y": 52.700001,
            "demand": 20.0
        },
        "c90": {
            "x": 36.599998,
            "y": 62.099998,
            "demand": 17.0
        },
        "c91": {
            "x": 40.400002,
            "y": 66.300003,
            "demand": 14.0
        },
        "c92": {
            "x": 26.4,
            "y": 62.799999,
            "demand": 12.0
        },
        "c93": {
            "x": 26.5,
            "y": 66.800003,
            "demand": 17.0
        },
        "c94": {
            "x": 25.6,
            "y": 63.200001,
            "demand": 12.0
        },
        "c95": {
            "x": 29.6,
            "y": 51.900002,
            "demand": 19.0
        },
        "c96": {
            "x": 12.2,
            "y": 26.799999,
            "demand": 15.0
        },
        "c97": {
            "x": 1.8,
            "y": 16.799999,
            "demand": 14.0
        },
        "c98": {
            "x": 1.4,
            "y": 26.1,
            "demand": 12.0
        },
        "c99": {
            "x": 10.9,
            "y": 11.9,
            "demand": 19.0
        },
        "c100": {
            "x": 5.8,
            "y": 23.799999,
            "demand": 14.0
        },
        "c101": {
            "x": 11.6,
            "y": 11.2,
            "demand": 14.0
        },
        "c102": {
            "x": 0.1,
            "y": 17.6,
            "demand": 20.0
        },
        "c103": {
            "x": 5.4,
            "y": 22.700001,
            "demand": 16.0
        },
        "c104": {
            "x": 0.5,
            "y": 26.4,
            "demand": 19.0
        },
        "c105": {
            "x": 12.4,
            "y": 10.3,
            "demand": 14.0
        },
        "c106": {
            "x": 12.2,
            "y": 15.6,
            "demand": 12.0
        },
        "c107": {
            "x": 0.0,
            "y": 20.700001,
            "demand": 12.0
        },
        "c108": {
            "x": 12.2,
            "y": 23.0,
            "demand": 13.0
        },
        "c109": {
            "x": 1.8,
            "y": 19.700001,
            "demand": 16.0
        },
        "c110": {
            "x": 10.3,
            "y": 15.2,
            "demand": 20.0
        },
        "c111": {
            "x": 0.0,
            "y": 14.8,
            "demand": 10.0
        },
        "c112": {
            "x": 1.3,
            "y": 22.1,
            "demand": 10.0
        },
        "c113": {
            "x": 0.0,
            "y": 19.5,
            "demand": 12.0
        },
        "c114": {
            "x": 0.0,
            "y": 18.0,
            "demand": 12.0
        },
        "c115": {
            "x": 5.3,
            "y": 15.1,
            "demand": 10.0
        },
        "c116": {
            "x": 12.3,
            "y": 19.5,
            "demand": 15.0
        },
        "c117": {
            "x": 8.5,
            "y": 17.799999,
            "demand": 12.0
        },
        "c118": {
            "x": 0.3,
            "y": 23.4,
            "demand": 18.0
        },
        "c119": {
            "x": 3.9,
            "y": 17.700001,
            "demand": 15.0
        },
        "c120": {
            "x": 11.7,
            "y": 13.7,
            "demand": 11.0
        },
        "c121": {
            "x": 8.4,
            "y": 11.1,
            "demand": 12.0
        },
        "c122": {
            "x": 0.0,
            "y": 15.8,
            "demand": 12.0
        },
        "c123": {
            "x": 10.8,
            "y": 10.6,
            "demand": 17.0
        },
        "c124": {
            "x": 2.9,
            "y": 12.1,
            "demand": 18.0
        },
        "c125": {
            "x": 5.4,
            "y": 17.200001,
            "demand": 20.0
        },
        "c126": {
            "x": 6.7,
            "y": 26.0,
            "demand": 14.0
        },
        "c127": {
            "x": 1.1,
            "y": 23.6,
            "demand": 12.0
        },
        "c128": {
            "x": 4.6,
            "y": 19.0,
            "demand": 13.0
        },
        "c129": {
            "x": 10.6,
            "y": 14.6,
            "demand": 10.0
        },
        "c130": {
            "x": 0.0,
            "y": 22.799999,
            "demand": 12.0
        },
        "c131": {
            "x": 9.2,
            "y": 14.9,
            "demand": 15.0
        },
        "c132": {
            "x": 9.8,
            "y": 14.7,
            "demand": 12.0
        },
        "c133": {
            "x": 2.3,
            "y": 16.799999,
            "demand": 19.0
        },
        "c134": {
            "x": 8.6,
            "y": 15.8,
            "demand": 19.0
        },
        "c135": {
            "x": 5.4,
            "y": 20.299999,
            "demand": 16.0
        },
        "c136": {
            "x": 7.0,
            "y": 10.9,
            "demand": 12.0
        },
        "c137": {
            "x": 2.8,
            "y": 12.2,
            "demand": 14.0
        },
        "c138": {
            "x": 0.0,
            "y": 13.1,
            "demand": 18.0
        },
        "c139": {
            "x": 9.5,
            "y": 15.4,
            "demand": 10.0
        },
        "c140": {
            "x": 0.3,
            "y": 17.4,
            "demand": 18.0
        },
        "c141": {
            "x": 7.9,
            "y": 17.700001,
            "demand": 18.0
        },
        "c142": {
            "x": 12.4,
            "y": 16.9,
            "demand": 19.0
        },
        "c143": {
            "x": 7.9,
            "y": 10.5,
            "demand": 17.0
        },
        "c144": {
            "x": 5.4,
            "y": 22.5,
            "demand": 10.0
        },
        "c145": {
            "x": 0.0,
            "y": 26.6,
            "demand": 12.0
        },
        "c146": {
            "x": 1.0,
            "y": 14.0,
            "demand": 13.0
        },
        "c147": {
            "x": 0.0,
            "y": 13.6,
            "demand": 18.0
        },
        "c148": {
            "x": 5.6,
            "y": 27.1,
            "demand": 18.0
        },
        "c149": {
            "x": 5.8,
            "y": 13.8,
            "demand": 11.0
        },
        "c150": {
            "x": 7.1,
            "y": 76.599998,
            "demand": 16.0
        },
        "c151": {
            "x": 0.0,
            "y": 81.599998,
            "demand": 10.0
        },
        "c152": {
            "x": 0.2,
            "y": 68.599998,
            "demand": 15.0
        },
        "c153": {
            "x": 0.0,
            "y": 81.5,
            "demand": 13.0
        },
        "c154": {
            "x": 1.4,
            "y": 81.599998,
            "demand": 13.0
        },
        "c155": {
            "x": 8.5,
            "y": 71.800003,
            "demand": 16.0
        },
        "c156": {
            "x": 7.1,
            "y": 80.400002,
            "demand": 10.0
        },
        "c157": {
            "x": 0.0,
            "y": 78.699997,
            "demand": 16.0
        },
        "c158": {
            "x": 8.6,
            "y": 79.400002,
            "demand": 10.0
        },
        "c159": {
            "x": 8.7,
            "y": 78.599998,
            "demand": 10.0
        },
        "c160": {
            "x": 5.9,
            "y": 83.300003,
            "demand": 15.0
        },
        "c161": {
            "x": 6.7,
            "y": 80.800003,
            "demand": 19.0
        },
        "c162": {
            "x": 11.2,
            "y": 80.0,
            "demand": 20.0
        },
        "c163": {
            "x": 0.0,
            "y": 69.0,
            "demand": 16.0
        },
        "c164": {
            "x": 0.0,
            "y": 69.0,
            "demand": 14.0
        },
        "c165": {
            "x": 0.0,
            "y": 71.099998,
            "demand": 19.0
        },
        "c166": {
            "x": 0.5,
            "y": 75.5,
            "demand": 18.0
        },
        "c167": {
            "x": 2.1,
            "y": 66.5,
            "demand": 18.0
        },
        "c168": {
            "x": 0.0,
            "y": 72.0,
            "demand": 10.0
        },
        "c169": {
            "x": 5.7,
            "y": 77.5,
            "demand": 16.0
        },
        "c170": {
            "x": 8.1,
            "y": 68.400002,
            "demand": 14.0
        },
        "c171": {
            "x": 0.1,
            "y": 75.400002,
            "demand": 10.0
        },
        "c172": {
            "x": 0.0,
            "y": 68.199997,
            "demand": 16.0
        },
        "c173": {
            "x": 10.1,
            "y": 68.800003,
            "demand": 16.0
        },
        "c174": {
            "x": 1.0,
            "y": 81.300003,
            "demand": 20.0
        },
        "c175": {
            "x": 9.8,
            "y": 69.0,
            "demand": 14.0
        },
        "c176": {
            "x": 0.0,
            "y": 69.0,
            "demand": 16.0
        },
        "c177": {
            "x": 0.0,
            "y": 78.5,
            "demand": 10.0
        },
        "c178": {
            "x": 3.0,
            "y": 68.800003,
            "demand": 12.0
        },
        "c179": {
            "x": 4.8,
            "y": 71.599998,
            "demand": 11.0
        },
        "c180": {
            "x": 2.9,
            "y": 80.300003,
            "demand": 17.0
        },
        "c181": {
            "x": 0.0,
            "y": 80.699997,
            "demand": 17.0
        },
        "c182": {
            "x": 6.2,
            "y": 69.0,
            "demand": 10.0
        },
        "c183": {
            "x": 3.4,
            "y": 68.699997,
            "demand": 20.0
        },
        "c184": {
            "x": 0.0,
            "y": 70.0,
            "demand": 14.0
        },
        "c185": {
            "x": 7.5,
            "y": 76.599998,
            "demand": 11.0
        },
        "c186": {
            "x": 0.0,
            "y": 75.900002,
            "demand": 10.0
        },
        "c187": {
            "x": 7.6,
            "y": 71.599998,
            "demand": 13.0
        },
        "c188": {
            "x": 10.5,
            "y": 70.5,
            "demand": 12.0
        },
        "c189": {
            "x": 6.1,
            "y": 83.0,
            "demand": 10.0
        },
        "c190": {
            "x": 0.0,
            "y": 75.900002,
            "demand": 18.0
        },
        "c191": {
            "x": 8.7,
            "y": 81.0,
            "demand": 12.0
        },
        "c192": {
            "x": 1.0,
            "y": 68.199997,
            "demand": 10.0
        },
        "c193": {
            "x": 10.4,
            "y": 79.099998,
            "demand": 10.0
        },
        "c194": {
            "x": 0.7,
            "y": 72.400002,
            "demand": 10.0
        },
        "c195": {
            "x": 0.0,
            "y": 72.400002,
            "demand": 14.0
        },
        "c196": {
            "x": 1.5,
            "y": 77.0,
            "demand": 14.0
        },
        "c197": {
            "x": 5.7,
            "y": 79.400002,
            "demand": 20.0
        },
        "c198": {
            "x": 0.0,
            "y": 67.0,
            "demand": 11.0
        },
        "c199": {
            "x": 4.3,
            "y": 80.800003,
            "demand": 10.0
        }
    },
    "depots": {
        "d0": {
            "x": 28.5,
            "y": 82.300003,
            "capacity": 5786.0,
            "opening_cost": 100.0
        },
        "d1": {
            "x": 29.799999,
            "y": 63.599998,
            "capacity": 5786.0,
            "opening_cost": 100.0
        },
        "d2": {
            "x": 39.700001,
            "y": 98.199997,
            "capacity": 5786.0,
            "opening_cost": 100.0
        },
        "d3": {
            "x": 97.699997,
            "y": 87.300003,
            "capacity": 5786.0,
            "opening_cost": 100.0
        },
        "d4": {
            "x": 58.0,
            "y": 92.5,
            "capacity": 5786.0,
            "opening_cost": 100.0
        },
        "d5": {
            "x": 25.9,
            "y": 2.6,
            "capacity": 5786.0,
            "opening_cost": 100.0
        },
        "d6": {
            "x": 81.699997,
            "y": 7.4,
            "capacity": 5786.0,
            "opening_cost": 100.0
        },
        "d7": {
            "x": 54.599998,
            "y": 33.400002,
            "capacity": 5786.0,
            "opening_cost": 100.0
        },
        "d8": {
            "x": 83.199997,
            "y": 33.799999,
            "capacity": 5786.0,
            "opening_cost": 100.0
        },
        "d9": {
            "x": 70.699997,
            "y": 33.5,
            "capacity": 5786.0,
            "opening_cost": 100.0
        },
        "d10": {
            "x": 3.7,
            "y": 27.5,
            "capacity": 5786.0,
            "opening_cost": 100.0
        },
        "d11": {
            "x": 55.0,
            "y": 16.5,
            "capacity": 5786.0,
            "opening_cost": 100.0
        },
        "d12": {
            "x": 87.599998,
            "y": 20.200001,
            "capacity": 5786.0,
            "opening_cost": 100.0
        },
        "d13": {
            "x": 26.700001,
            "y": 78.300003,
            "capacity": 5786.0,
            "opening_cost": 100.0
        },
        "d14": {
            "x": 34.299999,
            "y": 72.900002,
            "capacity": 5786.0,
            "opening_cost": 100.0
        },
        "d15": {
            "x": 25.299999,
            "y": 75.5,
            "capacity": 5786.0,
            "opening_cost": 100.0
        },
        "d16": {
            "x": 0.9,
            "y": 4.7,
            "capacity": 5786.0,
            "opening_cost": 100.0
        },
        "d17": {
            "x": 60.200001,
            "y": 93.300003,
            "capacity": 5786.0,
            "opening_cost": 100.0
        },
        "d18": {
            "x": 88.300003,
            "y": 69.199997,
            "capacity": 5786.0,
            "opening_cost": 100.0
        },
        "d19": {
            "x": 7.4,
            "y": 64.199997,
            "capacity": 5786.0,
            "opening_cost": 100.0
        }
    },
    "meta_data": {
        "nb_customers": 200,
        "nb_depots": 20,
        "vehicle_cap": 150.0,
        "vehicle_cost": 10.0,
        "cost_type": 1.0
    }
}