{
    "customers": {
        "c0": {
            "x": 21.700001,
            "y": 71.199997,
            "demand": 16.0
        },
        "c1": {
            "x": 52.099998,
            "y": 70.5,
            "demand": 13.0
        },
        "c2": {
            "x": 86.699997,
            "y": 14.8,
            "demand": 20.0
        },
        "c3": {
            "x": 13.3,
            "y": 85.599998,
            "demand": 19.0
        },
        "c4": {
            "x": 63.200001,
            "y": 64.199997,
            "demand": 13.0
        },
        "c5": {
            "x": 78.199997,
            "y": 5.5,
            "demand": 16.0
        },
        "c6": {
            "x": 41.700001,
            "y": 47.299999,
            "demand": 14.0
        },
        "c7": {
            "x": 99.300003,
            "y": 43.5,
            "demand": 17.0
        },
        "c8": {
            "x": 34.900002,
            "y": 19.9,
            "demand": 18.0
        },
        "c9": {
            "x": 46.700001,
            "y": 62.900002,
            "demand": 12.0
        },
        "c10": {
            "x": 95.5,
            "y": 89.300003,
            "demand": 16.0
        },
        "c11": {
            "x": 8.1,
            "y": 23.799999,
            "demand": 11.0
        },
        "c12": {
            "x": 31.299999,
            "y": 3.7,
            "demand": 19.0
        },
        "c13": {
            "x": 18.299999,
            "y": 87.800003,
            "demand": 15.0
        },
        "c14": {
            "x": 73.5,
            "y": 70.300003,
            "demand": 20.0
        },
        "c15": {
            "x": 37.5,
            "y": 90.0,
            "demand": 18.0
        },
        "c16": {
            "x": 51.0,
            "y": 26.4,
            "demand": 14.0
        },
        "c17": {
            "x": 21.9,
            "y": 1.6,
            "demand": 10.0
        },
        "c18": {
            "x": 66.099998,
            "y": 97.199997,
            "demand": 15.0
        },
        "c19": {
            "x": 69.699997,
            "y": 20.9,
            "demand": 17.0
        },
        "c20": {
            "x": 82.5,
            "y": 90.199997,
            "demand": 17.0
        },
        "c21": {
            "x": 14.9,
            "y": 43.400002,
            "demand": 18.0
        },
        "c22": {
            "x": 22.9,
            "y": 40.200001,
            "demand": 10.0
        },
        "c23": {
            "x": 5.9,
            "y": 14.5,
            "demand": 18.0
        },
        "c24": {
            "x": 54.900002,
            "y": 93.599998,
            "demand": 20.0
        },
        "c25": {
            "x": 58.0,
            "y": 87.699997,
            "demand": 19.0
        },
        "c26": {
            "x": 54.0,
            "y": 6.3,
            "demand": 19.0
        },
        "c27": {
            "x": 2.4,
            "y": 31.1,
            "demand": 17.0
        },
        "c28": {
            "x": 76.300003,
            "y": 93.300003,
            "demand": 15.0
        },
        "c29": {
            "x": 8.8,
            "y": 62.900002,
            "demand": 13.0
        },
        "c30": {
            "x": 91.699997,
            "y": 47.099998,
            "demand": 10.0
        },
        "c31": {
            "x": 61.0,
            "y": 68.599998,
            "demand": 20.0
        },
        "c32": {
            "x": 64.199997,
            "y": 85.0,
            "demand": 18.0
        },
        "c33": {
            "x": 36.799999,
            "y": 36.5,
            "demand": 13.0
        },
        "c34": {
            "x": 75.0,
            "y": 93.900002,
            "demand": 10.0
        },
        "c35": {
            "x": 41.0,
            "y": 92.099998,
            "demand": 19.0
        },
        "c36": {
            "x": 40.5,
            "y": 62.299999,
            "demand": 19.0
        },
        "c37": {
            "x": 47.200001,
            "y": 61.700001,
            "demand": 19.0
        },
        "c38": {
            "x": 21.700001,
            "y": 63.700001,
            "demand": 17.0
        },
        "c39": {
            "x": 67.800003,
            "y": 76.199997,
            "demand": 13.0
        },
        "c40": {
            "x": 76.300003,
            "y": 80.699997,
            "demand": 12.0
        },
        "c41": {
            "x": 76.0,
            "y": 22.6,
            "demand": 16.0
        },
        "c42": {
            "x": 60.599998,
            "y": 67.099998,
            "demand": 13.0
        },
        "c43": {
            "x": 25.5,
            "y": 12.7,
            "demand": 17.0
        },
        "c44": {
            "x": 46.099998,
            "y": 26.200001,
            "demand": 13.0
        },
        "c45": {
            "x": 71.0,
            "y": 94.0,
            "demand": 19.0
        },
        "c46": {
            "x": 55.099998,
            "y": 31.200001,
            "demand": 12.0
        },
        "c47": {
            "x": 79.699997,
            "y": 59.0,
            "demand": 20.0
        },
        "c48": {
            "x": 6.1,
            "y": 76.699997,
            "demand": 14.0
        },
        "c49": {
            "x": 89.0,
            "y": 45.900002,
            "demand": 12.0
        },
        "c50": {
            "x": 89.599998,
            "y": 78.900002,
            "demand": 12.0
        },
        "c51": {
            "x": 72.0,
            "y": 27.1,
            "demand": 10.0
        },
        "c52": {
            "x": 69.900002,
            "y": 52.700001,
            "demand": 11.0
        },
        "c53": {
            "x": 2.8,
            "y": 15.9,
            "demand": 11.0
        },
        "c54": {
            "x": 63.5,
            "y": 28.4,
            "demand": 16.0
        },
        "c55": {
            "x": 71.699997,
            "y": 56.299999,
            "demand": 12.0
        },
        "c56": {
            "x": 21.700001,
            "y": 56.900002,
            "demand": 20.0
        },
        "c57": {
            "x": 36.5,
            "y": 81.5,
            "demand": 17.0
        },
        "c58": {
            "x": 48.599998,
            "y": 86.099998,
            "demand": 20.0
        },
        "c59": {
            "x": 78.400002,
            "y": 65.400002,
            "demand": 14.0
        },
        "c60": {
            "x": 40.0,
            "y": 51.5,
            "demand": 15.0
        },
        "c61": {
            "x": 41.299999,
            "y": 46.5,
            "demand": 19.0
        },
        "c62": {
            "x": 13.7,
            "y": 70.699997,
            "demand": 19.0
        },
        "c63": {
            "x": 27.0,
            "y": 49.0,
            "demand": 18.0
        },
        "c64": {
            "x": 82.5,
            "y": 68.699997,
            "demand": 12.0
        },
        "c65": {
            "x": 91.599998,
            "y": 9.9,
            "demand": 13.0
        },
        "c66": {
            "x": 15.8,
            "y": 47.099998,
            "demand": 18.0
        },
        "c67": {
            "x": 53.5,
            "y": 84.199997,
            "demand": 13.0
        },
        "c68": {
            "x": 70.0,
            "y": 74.599998,
            "demand": 18.0
        },
        "c69": {
            "x": 2.7,
            "y": 99.199997,
            "demand": 17.0
        },
        "c70": {
            "x": 12.0,
            "y": 91.300003,
            "demand": 19.0
        },
        "c71": {
            "x": 43.900002,
            "y": 39.5,
            "demand": 14.0
        },
        "c72": {
            "x": 47.599998,
            "y": 66.599998,
            "demand": 10.0
        },
        "c73": {
            "x": 26.0,
            "y": 33.400002,
            "demand": 15.0
        },
        "c74": {
            "x": 72.300003,
            "y": 83.800003,
            "demand": 13.0
        },
        "c75": {
            "x": 79.099998,
            "y": 9.3,
            "demand": 14.0
        },
        "c76": {
            "x": 72.300003,
            "y": 91.400002,
            "demand": 11.0
        },
        "c77": {
            "x": 63.400002,
            "y": 3.5,
            "demand": 10.0
        },
        "c78": {
            "x": 82.699997,
            "y": 25.5,
            "demand": 10.0
        },
        "c79": {
            "x": 0.7,
            "y": 66.5,
            "demand": 16.0
        },
        "c80": {
            "x": 85.400002,
            "y": 22.6,
            "demand": 13.0
        },
        "c81": {
            "x": 53.400002,
            "y": 59.299999,
            "demand": 10.0
        },
        "c82": {
            "x": 81.0,
            "y": 43.700001,
            "demand": 13.0
        },
        "c83": {
            "x": 81.699997,
            "y": 8.8,
            "demand": 13.0
        },
        "c84": {
            "x": 60.900002,
            "y": 32.400002,
            "demand": 10.0
        },
        "c85": {
            "x": 48.700001,
            "y": 12.7,
            "demand": 17.0
        },
        "c86": {
            "x": 50.200001,
            "y": 44.900002,
            "demand": 12.0
        },
        "c87": {
            "x": 67.800003,
            "y": 90.599998,
            "demand": 17.0
        },
        "c88": {
            "x": 91.800003,
            "y": 69.699997,
            "demand": 18.0
        },
        "c89": {
            "x": 14.1,
            "y": 51.299999,
            "demand": 10.0
        },
        "c90": {
            "x": 95.5,
            "y": 87.300003,
            "demand": 14.0
        },
        "c91": {
            "x": 48.799999,
            "y": 25.4,
            "demand": 13.0
        },
        "c92": {
            "x": 83.0,
            "y": 85.300003,
            "demand": 16.0
        },
        "c93": {
            "x": 99.0,
            "y": 70.699997,
            "demand": 17.0
        },
        "c94": {
            "x": 27.299999,
            "y": 25.6,
            "demand": 19.0
        },
        "c95": {
            "x": 32.200001,
            "y": 10.1,
            "demand": 14.0
        },
        "c96": {
            "x": 61.299999,
            "y": 29.799999,
            "demand": 11.0
        },
        "c97": {
            "x": 68.699997,
            "y": 88.099998,
            "demand": 10.0
        },
        "c98": {
            "x": 44.299999,
            "y": 18.5,
            "demand": 19.0
        },
        "c99": {
            "x": 33.299999,
            "y": 56.200001,
            "demand": 19.0
        },
        "c100": {
            "x": 85.5,
            "y": 41.400002,
            "demand": 14.0
        },
        "c101": {
            "x": 64.300003,
            "y": 94.900002,
            "demand": 13.0
        },
        "c102": {
            "x": 57.099998,
            "y": 78.900002,
            "demand": 17.0
        },
        "c103": {
            "x": 75.099998,
            "y": 16.200001,
            "demand": 17.0
        },
        "c104": {
            "x": 17.5,
            "y": 25.1,
            "demand": 11.0
        },
        "c105": {
            "x": 30.299999,
            "y": 94.800003,
            "demand": 10.0
        },
        "c106": {
            "x": 39.299999,
            "y": 97.699997,
            "demand": 18.0
        },
        "c107": {
            "x": 88.699997,
            "y": 64.300003,
            "demand": 13.0
        },
        "c108": {
            "x": 91.5,
            "y": 91.400002,
            "demand": 11.0
        },
        "c109": {
            "x": 81.5,
            "y": 61.200001,
            "demand": 11.0
        },
        "c110": {
            "x": 18.799999,
            "y": 18.700001,
            "demand": 11.0
        },
        "c111": {
            "x": 96.5,
            "y": 20.0,
            "demand": 14.0
        },
        "c112": {
            "x": 87.0,
            "y": 97.199997,
            "demand": 12.0
        },
        "c113": {
            "x": 64.599998,
            "y": 72.5,
            "demand": 13.0
        },
        "c114": {
            "x": 36.5,
            "y": 69.5,
            "demand": 15.0
        },
        "c115": {
            "x": 69.0,
            "y": 45.200001,
            "demand": 12.0
        },
        "c116": {
            "x": 30.0,
            "y": 24.799999,
            "demand": 10.0
        },
        "c117": {
            "x": 44.200001,
            "y": 1.4,
            "demand": 13.0
        },
        "c118": {
            "x": 5.2,
            "y": 69.300003,
            "demand": 13.0
        },
        "c119": {
            "x": 16.299999,
            "y": 54.799999,
            "demand": 13.0
        },
        "c120": {
            "x": 70.300003,
            "y": 51.799999,
            "demand": 10.0
        },
        "c121": {
            "x": 5.5,
            "y": 40.0,
            "demand": 17.0
        },
        "c122": {
            "x": 64.5,
            "y": 50.599998,
            "demand": 16.0
        },
        "c123": {
            "x": 36.5,
            "y": 86.300003,
            "demand": 20.0
        },
        "c124": {
            "x": 20.5,
            "y": 82.400002,
            "demand": 14.0
        },
        "c125": {
            "x": 57.799999,
            "y": 41.599998,
            "demand": 10.0
        },
        "c126": {
            "x": 18.299999,
            "y": 91.599998,
            "demand": 11.0
        },
        "c127": {
            "x": 15.7,
            "y": 17.4,
            "demand": 17.0
        },
        "c128": {
            "x": 92.699997,
            "y": 57.0,
            "demand": 11.0
        },
        "c129": {
            "x": 69.699997,
            "y": 7.9,
            "demand": 16.0
        },
        "c130": {
            "x": 73.199997,
            "y": 0.2,
            "demand": 11.0
        },
        "c131": {
            "x": 42.400002,
            "y": 93.599998,
            "demand": 16.0
        },
        "c132": {
            "x": 67.599998,
            "y": 31.5,
            "demand": 14.0
        },
        "c133": {
            "x": 46.700001,
            "y": 65.0,
            "demand": 14.0
        },
        "c134": {
            "x": 54.900002,
            "y": 87.800003,
            "demand": 16.0
        },
        "c135": {
            "x": 56.400002,
            "y": 42.200001,
            "demand": 19.0
        },
        "c136": {
            "x": 50.5,
            "y": 20.799999,
            "demand": 20.0
        },
        "c137": {
            "x": 64.400002,
            "y": 32.5,
            "demand": 13.0
        },
        "c138": {
            "x": 78.800003,
            "y": 50.099998,
            "demand": 11.0
        },
        "c139": {
            "x": 27.200001,
            "y": 86.599998,
            "demand": 12.0
        },
        "c140": {
            "x": 4.2,
            "y": 39.900002,
            "demand": 14.0
        },
        "c141": {
            "x": 43.700001,
            "y": 80.400002,
            "demand": 20.0
        },
        "c142": {
            "x": 2.5,
            "y": 61.900002,
            "demand": 13.0
        },
        "c143": {
            "x": 66.800003,
            "y": 69.800003,
            "demand": 10.0
        },
        "c144": {
            "x": 33.200001,
            "y": 38.799999,
            "demand": 16.0
        },
        "c145": {
            "x": 80.800003,
            "y": 4.7,
            "demand": 14.0
        },
        "c146": {
            "x": 53.700001,
            "y": 38.599998,
            "demand": 19.0
        },
        "c147": {
            "x": 43.200001,
            "y": 83.0,
            "demand": 19.0
        },
        "c148": {
            "x": 82.5,
            "y": 86.5,
            "demand": 17.0
        },
        "c149": {
            "x": 72.800003,
            "y": 96.300003,
            "demand": 12.0
        },
        "c150": {
            "x": 67.699997,
            "y": 73.199997,
            "demand": 17.0
        },
        "c151": {
            "x": 87.199997,
            "y": 33.099998,
            "demand": 20.0
        },
        "c152": {
            "x": 3.6,
            "y": 95.0,
            "demand": 11.0
        },
        "c153": {
            "x": 81.699997,
            "y": 91.300003,
            "demand": 16.0
        },
        "c154": {
            "x": 56.200001,
            "y": 95.699997,
            "demand": 16.0
        },
        "c155": {
            "x": 38.200001,
            "y": 56.400002,
            "demand": 12.0
        },
        "c156": {
            "x": 36.400002,
            "y": 49.0,
            "demand": 11.0
        },
        "c157": {
            "x": 75.300003,
            "y": 60.900002,
            "demand": 11.0
        },
        "c158": {
            "x": 47.099998,
            "y": 40.900002,
            "demand": 17.0
        },
        "c159": {
            "x": 51.5,
            "y": 29.700001,
            "demand": 15.0
        },
        "c160": {
            "x": 43.400002,
            "y": 22.6,
            "demand": 18.0
        },
        "c161": {
            "x": 63.599998,
            "y": 56.099998,
            "demand": 17.0
        },
        "c162": {
            "x": 73.099998,
            "y": 85.199997,
            "demand": 10.0
        },
        "c163": {
            "x": 73.699997,
            "y": 5.1,
            "demand": 20.0
        },
        "c164": {
            "x": 46.700001,
            "y": 63.299999,
            "demand": 20.0
        },
        "c165": {
            "x": 72.099998,
            "y": 39.099998,
            "demand": 11.0
        },
        "c166": {
            "x": 49.5,
            "y": 93.5,
            "demand": 16.0
        },
        "c167": {
            "x": 51.099998,
            "y": 56.5,
            "demand": 15.0
        },
        "c168": {
            "x": 59.299999,
            "y": 78.599998,
            "demand": 17.0
        },
        "c169": {
            "x": 7.7,
            "y": 33.599998,
            "demand": 14.0
        },
        "c170": {
            "x": 19.1,
            "y": 72.699997,
            "demand": 13.0
        },
        "c171": {
            "x": 93.199997,
            "y": 78.699997,
            "demand": 17.0
        },
        "c172": {
            "x": 25.5,
            "y": 14.8,
            "demand": 12.0
        },
        "c173": {
            "x": 5.5,
            "y": 24.6,
            "demand": 11.0
        },
        "c174": {
            "x": 19.299999,
            "y": 12.4,
            "demand": 14.0
        },
        "c175": {
            "x": 74.300003,
            "y": 48.299999,
            "demand": 17.0
        },
        "c176": {
            "x": 25.9,
            "y": 3.6,
            "demand": 18.0
        },
        "c177": {
            "x": 11.4,
            "y": 56.599998,
            "demand": 18.0
        },
        "c178": {
            "x": 78.800003,
            "y": 42.599998,
            "demand": 16.0
        },
        "c179": {
            "x": 42.799999,
            "y": 92.400002,
            "demand": 16.0
        },
        "c180": {
            "x": 93.800003,
            "y": 5.8,
            "demand": 12.0
        },
        "c181": {
            "x": 6.3,
            "y": 17.4,
            "demand": 10.0
        },
        "c182": {
            "x": 99.800003,
            "y": 64.800003,
            "demand": 20.0
        },
        "c183": {
            "x": 14.2,
            "y": 77.0,
            "demand": 13.0
        },
        "c184": {
            "x": 37.599998,
            "y": 17.6,
            "demand": 18.0
        },
        "c185": {
            "x": 52.5,
            "y": 55.200001,
            "demand": 12.0
        },
        "c186": {
            "x": 73.900002,
            "y": 49.900002,
            "demand": 19.0
        },
        "c187": {
            "x": 76.199997,
            "y": 79.0,
            "demand": 18.0
        },
        "c188": {
            "x": 93.199997,
            "y": 73.900002,
            "demand": 14.0
        },
        "c189": {
            "x": 53.700001,
            "y": 18.4,
            "demand": 19.0
        },
        "c190": {
            "x": 26.1,
            "y": 48.400002,
            "demand": 10.0
        },
        "c191": {
            "x": 41.0,
            "y": 72.300003,
            "demand": 20.0
        },
        "c192": {
            "x": 99.900002,
            "y": 77.400002,
            "demand": 16.0
        },
        "c193": {
            "x": 47.0,
            "y": 17.299999,
            "demand": 11.0
        },
        "c194": {
            "x": 68.699997,
            "y": 97.699997,
            "demand": 11.0
        },
        "c195": {
            "x": 88.0,
            "y": 11.1,
            "demand": 12.0
        },
        "c196": {
            "x": 92.0,
            "y": 8.7,
            "demand": 18.0
        },
        "c197": {
            "x": 42.099998,
            "y": 21.5,
            "demand": 12.0
        },
        "c198": {
            "x": 13.1,
            "y": 36.700001,
            "demand": 18.0
        },
        "c199": {
            "x": 15.0,
            "y": 51.599998,
            "demand": 12.0
        }
    },
    "depots": {
        "d0": {
            "x": 86.800003,
            "y": 41.5,
            "capacity": 5922.0,
            "opening_cost": 100.0
        },
        "d1": {
            "x": 85.099998,
            "y": 65.099998,
            "capacity": 5922.0,
            "opening_cost": 100.0
        },
        "d2": {
            "x": 91.099998,
            "y": 3.3,
            "capacity": 5922.0,
            "opening_cost": 100.0
        },
        "d3": {
            "x": 28.700001,
            "y": 28.799999,
            "capacity": 5922.0,
            "opening_cost": 100.0
        },
        "d4": {
            "x": 42.099998,
            "y": 28.0,
            "capacity": 5922.0,
            "opening_cost": 100.0
        },
        "d5": {
            "x": 67.800003,
            "y": 81.699997,
            "capacity": 5922.0,
            "opening_cost": 100.0
        },
        "d6": {
            "x": 1.2,
            "y": 76.5,
            "capacity": 5922.0,
            "opening_cost": 100.0
        },
        "d7": {
            "x": 38.099998,
            "y": 38.299999,
            "capacity": 5922.0,
            "opening_cost": 100.0
        },
        "d8": {
            "x": 78.599998,
            "y": 12.9,
            "capacity": 5922.0,
            "opening_cost": 100.0
        },
        "d9": {
            "x": 82.0,
            "y": 65.199997,
            "capacity": 5922.0,
            "opening_cost": 100.0
        }
    },
    "meta_data": {
        "nb_customers": 200,
        "nb_depots": 10,
        "vehicle_cap": 150.0,
        "vehicle_cost": 10.0,
        "cost_type": 1.0
    }
}