{
    "customers": {
        "c0": {
            "x": 34.400002,
            "y": 42.0,
            "demand": 14.0
        },
        "c1": {
            "x": 44.400002,
            "y": 53.799999,
            "demand": 20.0
        },
        "c2": {
            "x": 37.0,
            "y": 53.400002,
            "demand": 10.0
        },
        "c3": {
            "x": 40.200001,
            "y": 57.700001,
            "demand": 13.0
        },
        "c4": {
            "x": 43.5,
            "y": 56.299999,
            "demand": 14.0
        },
        "c5": {
            "x": 34.5,
            "y": 54.700001,
            "demand": 20.0
        },
        "c6": {
            "x": 37.599998,
            "y": 52.700001,
            "demand": 12.0
        },
        "c7": {
            "x": 36.599998,
            "y": 52.0,
            "demand": 11.0
        },
        "c8": {
            "x": 35.700001,
            "y": 51.700001,
            "demand": 14.0
        },
        "c9": {
            "x": 47.200001,
            "y": 42.0,
            "demand": 13.0
        },
        "c10": {
            "x": 44.099998,
            "y": 56.700001,
            "demand": 13.0
        },
        "c11": {
            "x": 45.900002,
            "y": 52.200001,
            "demand": 19.0
        },
        "c12": {
            "x": 31.799999,
            "y": 57.799999,
            "demand": 18.0
        },
        "c13": {
            "x": 32.299999,
            "y": 55.400002,
            "demand": 12.0
        },
        "c14": {
            "x": 42.5,
            "y": 42.400002,
            "demand": 15.0
        },
        "c15": {
            "x": 34.700001,
            "y": 51.299999,
            "demand": 12.0
        },
        "c16": {
            "x": 34.200001,
            "y": 50.099998,
            "demand": 16.0
        },
        "c17": {
            "x": 42.400002,
            "y": 48.599998,
            "demand": 19.0
        },
        "c18": {
            "x": 35.799999,
            "y": 42.5,
            "demand": 14.0
        },
        "c19": {
            "x": 37.599998,
            "y": 48.5,
            "demand": 16.0
        },
        "c20": {
            "x": 36.0,
            "y": 42.0,
            "demand": 11.0
        },
        "c21": {
            "x": 33.5,
            "y": 48.299999,
            "demand": 18.0
        },
        "c22": {
            "x": 32.099998,
            "y": 48.099998,
            "demand": 18.0
        },
        "c23": {
            "x": 45.599998,
            "y": 48.5,
            "demand": 16.0
        },
        "c24": {
            "x": 45.0,
            "y": 44.400002,
            "demand": 11.0
        },
        "c25": {
            "x": 35.200001,
            "y": 53.799999,
            "demand": 11.0
        },
        "c26": {
            "x": 44.099998,
            "y": 55.200001,
            "demand": 16.0
        },
        "c27": {
            "x": 43.5,
            "y": 44.700001,
            "demand": 17.0
        },
        "c28": {
            "x": 43.099998,
            "y": 50.299999,
            "demand": 17.0
        },
        "c29": {
            "x": 32.799999,
            "y": 51.700001,
            "demand": 19.0
        },
        "c30": {
            "x": 38.0,
            "y": 47.700001,
            "demand": 18.0
        },
        "c31": {
            "x": 42.400002,
            "y": 54.200001,
            "demand": 15.0
        },
        "c32": {
            "x": 44.5,
            "y": 55.400002,
            "demand": 16.0
        },
        "c33": {
            "x": 32.900002,
            "y": 47.5,
            "demand": 10.0
        },
        "c34": {
            "x": 41.599998,
            "y": 75.599998,
            "demand": 17.0
        },
        "c35": {
            "x": 48.200001,
            "y": 68.900002,
            "demand": 13.0
        },
        "c36": {
            "x": 35.900002,
            "y": 81.300003,
            "demand": 19.0
        },
        "c37": {
            "x": 38.0,
            "y": 71.800003,
            "demand": 15.0
        },
        "c38": {
            "x": 45.0,
            "y": 71.5,
            "demand": 20.0
        },
        "c39": {
            "x": 42.599998,
            "y": 68.800003,
            "demand": 15.0
        },
        "c40": {
            "x": 36.900002,
            "y": 83.599998,
            "demand": 10.0
        },
        "c41": {
            "x": 46.400002,
            "y": 70.900002,
            "demand": 16.0
        },
        "c42": {
            "x": 43.700001,
            "y": 73.0,
            "demand": 17.0
        },
        "c43": {
            "x": 38.200001,
            "y": 67.900002,
            "demand": 15.0
        },
        "c44": {
            "x": 43.5,
            "y": 78.099998,
            "demand": 13.0
        },
        "c45": {
            "x": 35.900002,
            "y": 77.800003,
            "demand": 11.0
        },
        "c46": {
            "x": 40.599998,
            "y": 78.5,
            "demand": 11.0
        },
        "c47": {
            "x": 42.200001,
            "y": 74.5,
            "demand": 18.0
        },
        "c48": {
            "x": 34.200001,
            "y": 80.800003,
            "demand": 16.0
        },
        "c49": {
            "x": 37.099998,
            "y": 73.5,
            "demand": 11.0
        },
        "c50": {
            "x": 47.400002,
            "y": 73.5,
            "demand": 12.0
        },
        "c51": {
            "x": 43.5,
            "y": 67.800003,
            "demand": 12.0
        },
        "c52": {
            "x": 33.700001,
            "y": 72.400002,
            "demand": 11.0
        },
        "c53": {
            "x": 34.700001,
            "y": 73.0,
            "demand": 18.0
        },
        "c54": {
            "x": 39.700001,
            "y": 82.0,
            "demand": 13.0
        },
        "c55": {
            "x": 38.299999,
            "y": 79.699997,
            "demand": 14.0
        },
        "c56": {
            "x": 38.0,
            "y": 73.099998,
            "demand": 11.0
        },
        "c57": {
            "x": 46.400002,
            "y": 79.199997,
            "demand": 17.0
        },
        "c58": {
            "x": 37.299999,
            "y": 79.900002,
            "demand": 16.0
        },
        "c59": {
            "x": 39.900002,
            "y": 68.0,
            "demand": 17.0
        },
        "c60": {
            "x": 39.799999,
            "y": 72.0,
            "demand": 14.0
        },
        "c61": {
            "x": 46.900002,
            "y": 78.199997,
            "demand": 17.0
        },
        "c62": {
            "x": 40.599998,
            "y": 74.5,
            "demand": 17.0
        },
        "c63": {
            "x": 41.099998,
            "y": 77.599998,
            "demand": 15.0
        },
        "c64": {
            "x": 49.099998,
            "y": 73.599998,
            "demand": 17.0
        },
        "c65": {
            "x": 45.400002,
            "y": 74.5,
            "demand": 13.0
        },
        "c66": {
            "x": 49.099998,
            "y": 78.099998,
            "demand": 19.0
        },
        "c67": {
            "x": 39.0,
            "y": 67.0,
            "demand": 10.0
        },
        "c68": {
            "x": 42.400002,
            "y": 67.400002,
            "demand": 20.0
        },
        "c69": {
            "x": 40.0,
            "y": 81.099998,
            "demand": 10.0
        },
        "c70": {
            "x": 99.5,
            "y": 89.5,
            "demand": 17.0
        },
        "c71": {
            "x": 99.900002,
            "y": 90.900002,
            "demand": 10.0
        },
        "c72": {
            "x": 97.0,
            "y": 92.0,
            "demand": 17.0
        },
        "c73": {
            "x": 99.900002,
            "y": 99.900002,
            "demand": 20.0
        },
        "c74": {
            "x": 94.900002,
            "y": 99.900002,
            "demand": 19.0
        },
        "c75": {
            "x": 99.900002,
            "y": 91.900002,
            "demand": 20.0
        },
        "c76": {
            "x": 90.699997,
            "y": 96.199997,
            "demand": 18.0
        },
        "c77": {
            "x": 92.400002,
            "y": 90.699997,
            "demand": 17.0
        },
        "c78": {
            "x": 99.900002,
            "y": 88.900002,
            "demand": 18.0
        },
        "c79": {
            "x": 99.900002,
            "y": 97.099998,
            "demand": 10.0
        },
        "c80": {
            "x": 90.099998,
            "y": 98.400002,
            "demand": 11.0
        },
        "c81": {
            "x": 96.5,
            "y": 95.800003,
            "demand": 11.0
        },
        "c82": {
            "x": 91.300003,
            "y": 97.0,
            "demand": 16.0
        },
        "c83": {
            "x": 99.900002,
            "y": 99.900002,
            "demand": 16.0
        },
        "c84": {
            "x": 94.599998,
            "y": 99.900002,
            "demand": 11.0
        },
        "c85": {
            "x": 99.900002,
            "y": 97.199997,
            "demand": 19.0
        },
        "c86": {
            "x": 90.800003,
            "y": 95.599998,
            "demand": 19.0
        },
        "c87": {
            "x": 99.900002,
            "y": 99.900002,
            "demand": 18.0
        },
        "c88": {
            "x": 91.199997,
            "y": 94.800003,
            "demand": 19.0
        },
        "c89": {
            "x": 99.900002,
            "y": 90.099998,
            "demand": 15.0
        },
        "c90": {
            "x": 92.099998,
            "y": 96.699997,
            "demand": 13.0
        },
        "c91": {
            "x": 93.300003,
            "y": 98.699997,
            "demand": 16.0
        },
        "c92": {
            "x": 91.0,
            "y": 99.900002,
            "demand": 19.0
        },
        "c93": {
            "x": 94.400002,
            "y": 98.800003,
            "demand": 17.0
        },
        "c94": {
            "x": 99.400002,
            "y": 89.0,
            "demand": 17.0
        },
        "c95": {
            "x": 92.0,
            "y": 91.900002,
            "demand": 11.0
        },
        "c96": {
            "x": 93.0,
            "y": 93.699997,
            "demand": 12.0
        },
        "c97": {
            "x": 99.300003,
            "y": 93.099998,
            "demand": 10.0
        },
        "c98": {
            "x": 92.599998,
            "y": 99.900002,
            "demand": 18.0
        },
        "c99": {
            "x": 95.300003,
            "y": 97.099998,
            "demand": 14.0
        }
    },
    "depots": {
        "d0": {
            "x": 38.799999,
            "y": 85.300003,
            "capacity": 3012.0,
            "opening_cost": 100.0
        },
        "d1": {
            "x": 0.0,
            "y": 0.3,
            "capacity": 3012.0,
            "opening_cost": 100.0
        },
        "d2": {
            "x": 76.599998,
            "y": 49.700001,
            "capacity": 3012.0,
            "opening_cost": 100.0
        },
        "d3": {
            "x": 41.400002,
            "y": 69.699997,
            "capacity": 3012.0,
            "opening_cost": 100.0
        },
        "d4": {
            "x": 19.9,
            "y": 52.900002,
            "capacity": 3012.0,
            "opening_cost": 100.0
        },
        "d5": {
            "x": 41.0,
            "y": 90.800003,
            "capacity": 3012.0,
            "opening_cost": 100.0
        },
        "d6": {
            "x": 34.200001,
            "y": 63.299999,
            "capacity": 3012.0,
            "opening_cost": 100.0
        },
        "d7": {
            "x": 81.599998,
            "y": 82.800003,
            "capacity": 3012.0,
            "opening_cost": 100.0
        },
        "d8": {
            "x": 42.200001,
            "y": 52.299999,
            "capacity": 3012.0,
            "opening_cost": 100.0
        },
        "d9": {
            "x": 3.6,
            "y": 13.1,
            "capacity": 3012.0,
            "opening_cost": 100.0
        }
    },
    "meta_data": {
        "nb_customers": 100,
        "nb_depots": 10,
        "vehicle_cap": 150.0,
        "vehicle_cost": 10.0,
        "cost_type": 1.0
    }
}