{
    "customers": {
        "c0": {
            "x": 53.099998,
            "y": 82.699997,
            "demand": 10.0
        },
        "c1": {
            "x": 31.299999,
            "y": 2.3,
            "demand": 14.0
        },
        "c2": {
            "x": 12.0,
            "y": 88.900002,
            "demand": 13.0
        },
        "c3": {
            "x": 8.0,
            "y": 91.300003,
            "demand": 14.0
        },
        "c4": {
            "x": 57.900002,
            "y": 78.5,
            "demand": 12.0
        },
        "c5": {
            "x": 86.900002,
            "y": 63.299999,
            "demand": 16.0
        },
        "c6": {
            "x": 85.0,
            "y": 48.400002,
            "demand": 17.0
        },
        "c7": {
            "x": 39.599998,
            "y": 66.099998,
            "demand": 16.0
        },
        "c8": {
            "x": 0.9,
            "y": 11.9,
            "demand": 18.0
        },
        "c9": {
            "x": 68.0,
            "y": 37.799999,
            "demand": 11.0
        },
        "c10": {
            "x": 57.299999,
            "y": 33.599998,
            "demand": 10.0
        },
        "c11": {
            "x": 24.9,
            "y": 74.300003,
            "demand": 15.0
        },
        "c12": {
            "x": 38.799999,
            "y": 82.199997,
            "demand": 16.0
        },
        "c13": {
            "x": 11.0,
            "y": 52.700001,
            "demand": 15.0
        },
        "c14": {
            "x": 4.1,
            "y": 22.200001,
            "demand": 17.0
        },
        "c15": {
            "x": 62.5,
            "y": 94.0,
            "demand": 20.0
        },
        "c16": {
            "x": 50.599998,
            "y": 35.900002,
            "demand": 13.0
        },
        "c17": {
            "x": 33.099998,
            "y": 21.0,
            "demand": 12.0
        },
        "c18": {
            "x": 99.599998,
            "y": 18.299999,
            "demand": 19.0
        },
        "c19": {
            "x": 1.8,
            "y": 12.5,
            "demand": 16.0
        },
        "c20": {
            "x": 9.5,
            "y": 34.099998,
            "demand": 15.0
        },
        "c21": {
            "x": 49.0,
            "y": 66.0,
            "demand": 11.0
        },
        "c22": {
            "x": 93.800003,
            "y": 4.1,
            "demand": 14.0
        },
        "c23": {
            "x": 23.5,
            "y": 68.699997,
            "demand": 15.0
        },
        "c24": {
            "x": 92.900002,
            "y": 16.1,
            "demand": 12.0
        },
        "c25": {
            "x": 14.8,
            "y": 12.6,
            "demand": 15.0
        },
        "c26": {
            "x": 32.400002,
            "y": 63.799999,
            "demand": 14.0
        },
        "c27": {
            "x": 81.400002,
            "y": 38.700001,
            "demand": 10.0
        },
        "c28": {
            "x": 65.800003,
            "y": 36.0,
            "demand": 19.0
        },
        "c29": {
            "x": 65.300003,
            "y": 17.700001,
            "demand": 11.0
        },
        "c30": {
            "x": 75.0,
            "y": 8.3,
            "demand": 12.0
        },
        "c31": {
            "x": 56.599998,
            "y": 81.199997,
            "demand": 10.0
        },
        "c32": {
            "x": 78.5,
            "y": 91.0,
            "demand": 17.0
        },
        "c33": {
            "x": 82.099998,
            "y": 81.900002,
            "demand": 11.0
        },
        "c34": {
            "x": 45.0,
            "y": 76.400002,
            "demand": 11.0
        },
        "c35": {
            "x": 4.6,
            "y": 35.299999,
            "demand": 20.0
        },
        "c36": {
            "x": 4.3,
            "y": 57.400002,
            "demand": 13.0
        },
        "c37": {
            "x": 48.299999,
            "y": 17.0,
            "demand": 17.0
        },
        "c38": {
            "x": 13.0,
            "y": 18.200001,
            "demand": 14.0
        },
        "c39": {
            "x": 80.699997,
            "y": 65.699997,
            "demand": 10.0
        },
        "c40": {
            "x": 25.799999,
            "y": 68.400002,
            "demand": 13.0
        },
        "c41": {
            "x": 25.6,
            "y": 33.599998,
            "demand": 14.0
        },
        "c42": {
            "x": 16.299999,
            "y": 60.200001,
            "demand": 18.0
        },
        "c43": {
            "x": 95.300003,
            "y": 47.599998,
            "demand": 10.0
        },
        "c44": {
            "x": 67.699997,
            "y": 55.700001,
            "demand": 11.0
        },
        "c45": {
            "x": 82.599998,
            "y": 96.400002,
            "demand": 13.0
        },
        "c46": {
            "x": 93.0,
            "y": 38.700001,
            "demand": 16.0
        },
        "c47": {
            "x": 67.800003,
            "y": 95.400002,
            "demand": 18.0
        },
        "c48": {
            "x": 63.700001,
            "y": 66.0,
            "demand": 15.0
        },
        "c49": {
            "x": 93.400002,
            "y": 27.6,
            "demand": 15.0
        },
        "c50": {
            "x": 73.800003,
            "y": 27.299999,
            "demand": 12.0
        },
        "c51": {
            "x": 23.200001,
            "y": 96.300003,
            "demand": 10.0
        },
        "c52": {
            "x": 61.900002,
            "y": 71.599998,
            "demand": 11.0
        },
        "c53": {
            "x": 41.700001,
            "y": 29.5,
            "demand": 19.0
        },
        "c54": {
            "x": 18.1,
            "y": 57.099998,
            "demand": 10.0
        },
        "c55": {
            "x": 83.0,
            "y": 93.800003,
            "demand": 13.0
        },
        "c56": {
            "x": 13.0,
            "y": 14.1,
            "demand": 10.0
        },
        "c57": {
            "x": 61.900002,
            "y": 68.900002,
            "demand": 12.0
        },
        "c58": {
            "x": 29.200001,
            "y": 31.6,
            "demand": 12.0
        },
        "c59": {
            "x": 87.099998,
            "y": 99.199997,
            "demand": 16.0
        },
        "c60": {
            "x": 24.0,
            "y": 70.900002,
            "demand": 11.0
        },
        "c61": {
            "x": 84.800003,
            "y": 87.900002,
            "demand": 14.0
        },
        "c62": {
            "x": 88.199997,
            "y": 62.400002,
            "demand": 14.0
        },
        "c63": {
            "x": 76.199997,
            "y": 69.400002,
            "demand": 11.0
        },
        "c64": {
            "x": 49.5,
            "y": 81.199997,
            "demand": 14.0
        },
        "c65": {
            "x": 94.900002,
            "y": 65.900002,
            "demand": 14.0
        },
        "c66": {
            "x": 69.5,
            "y": 68.300003,
            "demand": 10.0
        },
        "c67": {
            "x": 92.099998,
            "y": 30.5,
            "demand": 10.0
        },
        "c68": {
            "x": 42.0,
            "y": 4.7,
            "demand": 19.0
        },
        "c69": {
            "x": 61.599998,
            "y": 99.5,
            "demand": 19.0
        },
        "c70": {
            "x": 87.199997,
            "y": 34.799999,
            "demand": 20.0
        },
        "c71": {
            "x": 86.400002,
            "y": 43.700001,
            "demand": 20.0
        },
        "c72": {
            "x": 88.599998,
            "y": 40.0,
            "demand": 17.0
        },
        "c73": {
            "x": 55.599998,
            "y": 60.0,
            "demand": 11.0
        },
        "c74": {
            "x": 43.400002,
            "y": 10.3,
            "demand": 12.0
        },
        "c75": {
            "x": 7.4,
            "y": 65.599998,
            "demand": 17.0
        },
        "c76": {
            "x": 83.400002,
            "y": 74.800003,
            "demand": 20.0
        },
        "c77": {
            "x": 58.0,
            "y": 2.1,
            "demand": 19.0
        },
        "c78": {
            "x": 69.599998,
            "y": 95.300003,
            "demand": 20.0
        },
        "c79": {
            "x": 40.400002,
            "y": 59.900002,
            "demand": 15.0
        },
        "c80": {
            "x": 11.2,
            "y": 13.5,
            "demand": 13.0
        },
        "c81": {
            "x": 32.0,
            "y": 75.599998,
            "demand": 19.0
        },
        "c82": {
            "x": 28.6,
            "y": 6.2,
            "demand": 14.0
        },
        "c83": {
            "x": 89.0,
            "y": 45.299999,
            "demand": 19.0
        },
        "c84": {
            "x": 36.5,
            "y": 79.400002,
            "demand": 18.0
        },
        "c85": {
            "x": 89.199997,
            "y": 87.599998,
            "demand": 10.0
        },
        "c86": {
            "x": 30.1,
            "y": 47.0,
            "demand": 15.0
        },
        "c87": {
            "x": 20.700001,
            "y": 34.400002,
            "demand": 19.0
        },
        "c88": {
            "x": 95.099998,
            "y": 1.8,
            "demand": 14.0
        },
        "c89": {
            "x": 8.4,
            "y": 90.800003,
            "demand": 14.0
        },
        "c90": {
            "x": 37.299999,
            "y": 52.400002,
            "demand": 15.0
        },
        "c91": {
            "x": 29.299999,
            "y": 55.200001,
            "demand": 12.0
        },
        "c92": {
            "x": 69.800003,
            "y": 31.200001,
            "demand": 18.0
        },
        "c93": {
            "x": 79.400002,
            "y": 82.400002,
            "demand": 14.0
        },
        "c94": {
            "x": 56.400002,
            "y": 35.400002,
            "demand": 12.0
        },
        "c95": {
            "x": 19.299999,
            "y": 26.1,
            "demand": 15.0
        },
        "c96": {
            "x": 36.799999,
            "y": 37.900002,
            "demand": 15.0
        },
        "c97": {
            "x": 81.199997,
            "y": 92.900002,
            "demand": 12.0
        },
        "c98": {
            "x": 6.6,
            "y": 71.099998,
            "demand": 13.0
        },
        "c99": {
            "x": 20.0,
            "y": 73.699997,
            "demand": 20.0
        },
        "c100": {
            "x": 11.3,
            "y": 24.799999,
            "demand": 18.0
        },
        "c101": {
            "x": 58.599998,
            "y": 16.9,
            "demand": 18.0
        },
        "c102": {
            "x": 94.199997,
            "y": 7.3,
            "demand": 20.0
        },
        "c103": {
            "x": 45.0,
            "y": 89.699997,
            "demand": 18.0
        },
        "c104": {
            "x": 90.5,
            "y": 75.099998,
            "demand": 12.0
        },
        "c105": {
            "x": 18.200001,
            "y": 76.900002,
            "demand": 20.0
        },
        "c106": {
            "x": 23.6,
            "y": 78.599998,
            "demand": 10.0
        },
        "c107": {
            "x": 13.2,
            "y": 58.5,
            "demand": 16.0
        },
        "c108": {
            "x": 14.9,
            "y": 34.900002,
            "demand": 10.0
        },
        "c109": {
            "x": 8.9,
            "y": 96.699997,
            "demand": 13.0
        },
        "c110": {
            "x": 71.300003,
            "y": 71.199997,
            "demand": 14.0
        },
        "c111": {
            "x": 57.900002,
            "y": 72.0,
            "demand": 13.0
        },
        "c112": {
            "x": 32.200001,
            "y": 18.299999,
            "demand": 18.0
        },
        "c113": {
            "x": 98.800003,
            "y": 23.5,
            "demand": 15.0
        },
        "c114": {
            "x": 61.900002,
            "y": 61.700001,
            "demand": 14.0
        },
        "c115": {
            "x": 21.4,
            "y": 87.099998,
            "demand": 10.0
        },
        "c116": {
            "x": 18.0,
            "y": 34.900002,
            "demand": 10.0
        },
        "c117": {
            "x": 6.5,
            "y": 60.799999,
            "demand": 16.0
        },
        "c118": {
            "x": 23.1,
            "y": 81.599998,
            "demand": 15.0
        },
        "c119": {
            "x": 69.800003,
            "y": 32.900002,
            "demand": 12.0
        },
        "c120": {
            "x": 62.200001,
            "y": 31.1,
            "demand": 14.0
        },
        "c121": {
            "x": 63.299999,
            "y": 84.0,
            "demand": 19.0
        },
        "c122": {
            "x": 18.700001,
            "y": 90.400002,
            "demand": 18.0
        },
        "c123": {
            "x": 41.900002,
            "y": 91.800003,
            "demand": 17.0
        },
        "c124": {
            "x": 52.299999,
            "y": 9.4,
            "demand": 16.0
        },
        "c125": {
            "x": 14.7,
            "y": 85.0,
            "demand": 20.0
        },
        "c126": {
            "x": 31.0,
            "y": 35.0,
            "demand": 11.0
        },
        "c127": {
            "x": 29.4,
            "y": 90.400002,
            "demand": 20.0
        },
        "c128": {
            "x": 55.599998,
            "y": 54.200001,
            "demand": 19.0
        },
        "c129": {
            "x": 41.799999,
            "y": 64.800003,
            "demand": 10.0
        },
        "c130": {
            "x": 3.9,
            "y": 80.099998,
            "demand": 19.0
        },
        "c131": {
            "x": 45.400002,
            "y": 76.199997,
            "demand": 16.0
        },
        "c132": {
            "x": 60.5,
            "y": 58.900002,
            "demand": 19.0
        },
        "c133": {
            "x": 88.0,
            "y": 19.0,
            "demand": 14.0
        },
        "c134": {
            "x": 52.900002,
            "y": 52.700001,
            "demand": 19.0
        },
        "c135": {
            "x": 93.900002,
            "y": 25.299999,
            "demand": 17.0
        },
        "c136": {
            "x": 70.300003,
            "y": 52.5,
            "demand": 15.0
        },
        "c137": {
            "x": 58.700001,
            "y": 39.5,
            "demand": 15.0
        },
        "c138": {
            "x": 47.299999,
            "y": 90.099998,
            "demand": 14.0
        },
        "c139": {
            "x": 76.300003,
            "y": 92.0,
            "demand": 18.0
        },
        "c140": {
            "x": 2.5,
            "y": 64.0,
            "demand": 11.0
        },
        "c141": {
            "x": 26.200001,
            "y": 68.199997,
            "demand": 20.0
        },
        "c142": {
            "x": 81.5,
            "y": 57.099998,
            "demand": 18.0
        },
        "c143": {
            "x": 0.1,
            "y": 21.9,
            "demand": 14.0
        },
        "c144": {
            "x": 99.900002,
            "y": 83.300003,
            "demand": 10.0
        },
        "c145": {
            "x": 48.5,
            "y": 62.799999,
            "demand": 19.0
        },
        "c146": {
            "x": 72.199997,
            "y": 83.199997,
            "demand": 11.0
        },
        "c147": {
            "x": 25.9,
            "y": 9.8,
            "demand": 16.0
        },
        "c148": {
            "x": 89.5,
            "y": 51.900002,
            "demand": 12.0
        },
        "c149": {
            "x": 23.700001,
            "y": 97.800003,
            "demand": 13.0
        }
    },
    "depots": {
        "d0": {
            "x": 12.9,
            "y": 85.400002,
            "capacity": 4414.0,
            "opening_cost": 100.0
        },
        "d1": {
            "x": 30.799999,
            "y": 90.900002,
            "capacity": 4414.0,
            "opening_cost": 100.0
        },
        "d2": {
            "x": 53.0,
            "y": 74.199997,
            "capacity": 4414.0,
            "opening_cost": 100.0
        },
        "d3": {
            "x": 17.200001,
            "y": 58.799999,
            "capacity": 4414.0,
            "opening_cost": 100.0
        },
        "d4": {
            "x": 77.400002,
            "y": 45.599998,
            "capacity": 4414.0,
            "opening_cost": 100.0
        },
        "d5": {
            "x": 11.0,
            "y": 69.800003,
            "capacity": 4414.0,
            "opening_cost": 100.0
        },
        "d6": {
            "x": 32.200001,
            "y": 9.1,
            "capacity": 4414.0,
            "opening_cost": 100.0
        },
        "d7": {
            "x": 31.6,
            "y": 80.599998,
            "capacity": 4414.0,
            "opening_cost": 100.0
        },
        "d8": {
            "x": 44.599998,
            "y": 79.0,
            "capacity": 4414.0,
            "opening_cost": 100.0
        },
        "d9": {
            "x": 84.599998,
            "y": 59.900002,
            "capacity": 4414.0,
            "opening_cost": 100.0
        },
        "d10": {
            "x": 10.2,
            "y": 83.900002,
            "capacity": 4414.0,
            "opening_cost": 100.0
        },
        "d11": {
            "x": 82.800003,
            "y": 51.400002,
            "capacity": 4414.0,
            "opening_cost": 100.0
        },
        "d12": {
            "x": 19.4,
            "y": 46.599998,
            "capacity": 4414.0,
            "opening_cost": 100.0
        },
        "d13": {
            "x": 30.5,
            "y": 22.200001,
            "capacity": 4414.0,
            "opening_cost": 100.0
        },
        "d14": {
            "x": 64.199997,
            "y": 76.800003,
            "capacity": 4414.0,
            "opening_cost": 100.0
        },
        "d15": {
            "x": 99.300003,
            "y": 42.799999,
            "capacity": 4414.0,
            "opening_cost": 100.0
        },
        "d16": {
            "x": 81.800003,
            "y": 20.4,
            "capacity": 4414.0,
            "opening_cost": 100.0
        },
        "d17": {
            "x": 63.900002,
            "y": 23.5,
            "capacity": 4414.0,
            "opening_cost": 100.0
        },
        "d18": {
            "x": 55.700001,
            "y": 83.599998,
            "capacity": 4414.0,
            "opening_cost": 100.0
        },
        "d19": {
            "x": 26.1,
            "y": 42.200001,
            "capacity": 4414.0,
            "opening_cost": 100.0
        }
    },
    "meta_data": {
        "nb_customers": 150,
        "nb_depots": 20,
        "vehicle_cap": 150.0,
        "vehicle_cost": 10.0,
        "cost_type": 1.0
    }
}