{
    "customers": {
        "c0": {
            "x": 66.699997,
            "y": 52.299999,
            "demand": 17.0
        },
        "c1": {
            "x": 69.199997,
            "y": 59.799999,
            "demand": 16.0
        },
        "c2": {
            "x": 73.199997,
            "y": 59.099998,
            "demand": 10.0
        },
        "c3": {
            "x": 63.799999,
            "y": 55.700001,
            "demand": 18.0
        },
        "c4": {
            "x": 66.800003,
            "y": 50.700001,
            "demand": 10.0
        },
        "c5": {
            "x": 73.099998,
            "y": 57.400002,
            "demand": 20.0
        },
        "c6": {
            "x": 75.599998,
            "y": 53.799999,
            "demand": 14.0
        },
        "c7": {
            "x": 70.300003,
            "y": 54.5,
            "demand": 12.0
        },
        "c8": {
            "x": 70.400002,
            "y": 52.299999,
            "demand": 20.0
        },
        "c9": {
            "x": 67.800003,
            "y": 57.099998,
            "demand": 16.0
        },
        "c10": {
            "x": 67.5,
            "y": 59.099998,
            "demand": 13.0
        },
        "c11": {
            "x": 74.300003,
            "y": 58.799999,
            "demand": 16.0
        },
        "c12": {
            "x": 62.400002,
            "y": 52.099998,
            "demand": 19.0
        },
        "c13": {
            "x": 68.699997,
            "y": 58.5,
            "demand": 11.0
        },
        "c14": {
            "x": 70.800003,
            "y": 58.200001,
            "demand": 10.0
        },
        "c15": {
            "x": 70.300003,
            "y": 51.299999,
            "demand": 12.0
        },
        "c16": {
            "x": 68.400002,
            "y": 51.599998,
            "demand": 18.0
        },
        "c17": {
            "x": 70.400002,
            "y": 51.400002,
            "demand": 20.0
        },
        "c18": {
            "x": 68.0,
            "y": 54.200001,
            "demand": 10.0
        },
        "c19": {
            "x": 67.199997,
            "y": 50.599998,
            "demand": 12.0
        },
        "c20": {
            "x": 64.5,
            "y": 63.0,
            "demand": 19.0
        },
        "c21": {
            "x": 62.5,
            "y": 63.099998,
            "demand": 10.0
        },
        "c22": {
            "x": 74.099998,
            "y": 56.299999,
            "demand": 16.0
        },
        "c23": {
            "x": 68.400002,
            "y": 58.0,
            "demand": 18.0
        },
        "c24": {
            "x": 72.900002,
            "y": 59.900002,
            "demand": 12.0
        },
        "c25": {
            "x": 67.099998,
            "y": 62.599998,
            "demand": 13.0
        },
        "c26": {
            "x": 64.900002,
            "y": 50.700001,
            "demand": 19.0
        },
        "c27": {
            "x": 70.400002,
            "y": 50.799999,
            "demand": 14.0
        },
        "c28": {
            "x": 74.599998,
            "y": 58.200001,
            "demand": 13.0
        },
        "c29": {
            "x": 64.199997,
            "y": 54.799999,
            "demand": 11.0
        },
        "c30": {
            "x": 69.400002,
            "y": 60.0,
            "demand": 19.0
        },
        "c31": {
            "x": 74.0,
            "y": 51.400002,
            "demand": 18.0
        },
        "c32": {
            "x": 53.5,
            "y": 31.200001,
            "demand": 13.0
        },
        "c33": {
            "x": 47.799999,
            "y": 34.599998,
            "demand": 12.0
        },
        "c34": {
            "x": 50.5,
            "y": 41.799999,
            "demand": 12.0
        },
        "c35": {
            "x": 60.0,
            "y": 33.799999,
            "demand": 17.0
        },
        "c36": {
            "x": 54.400002,
            "y": 30.1,
            "demand": 20.0
        },
        "c37": {
            "x": 59.900002,
            "y": 35.700001,
            "demand": 17.0
        },
        "c38": {
            "x": 55.200001,
            "y": 38.900002,
            "demand": 15.0
        },
        "c39": {
            "x": 56.099998,
            "y": 39.400002,
            "demand": 18.0
        },
        "c40": {
            "x": 54.0,
            "y": 36.099998,
            "demand": 19.0
        },
        "c41": {
            "x": 50.799999,
            "y": 42.599998,
            "demand": 11.0
        },
        "c42": {
            "x": 51.099998,
            "y": 42.200001,
            "demand": 11.0
        },
        "c43": {
            "x": 55.0,
            "y": 34.5,
            "demand": 12.0
        },
        "c44": {
            "x": 46.599998,
            "y": 33.299999,
            "demand": 17.0
        },
        "c45": {
            "x": 53.099998,
            "y": 33.599998,
            "demand": 10.0
        },
        "c46": {
            "x": 55.900002,
            "y": 30.9,
            "demand": 18.0
        },
        "c47": {
            "x": 56.0,
            "y": 39.900002,
            "demand": 20.0
        },
        "c48": {
            "x": 52.099998,
            "y": 39.299999,
            "demand": 18.0
        },
        "c49": {
            "x": 46.900002,
            "y": 29.9,
            "demand": 10.0
        },
        "c50": {
            "x": 53.0,
            "y": 35.0,
            "demand": 15.0
        },
        "c51": {
            "x": 51.099998,
            "y": 33.400002,
            "demand": 14.0
        },
        "c52": {
            "x": 58.200001,
            "y": 34.599998,
            "demand": 18.0
        },
        "c53": {
            "x": 48.400002,
            "y": 38.900002,
            "demand": 10.0
        },
        "c54": {
            "x": 48.200001,
            "y": 33.299999,
            "demand": 10.0
        },
        "c55": {
            "x": 53.299999,
            "y": 41.599998,
            "demand": 18.0
        },
        "c56": {
            "x": 55.700001,
            "y": 37.299999,
            "demand": 10.0
        },
        "c57": {
            "x": 58.5,
            "y": 42.5,
            "demand": 13.0
        },
        "c58": {
            "x": 54.400002,
            "y": 32.0,
            "demand": 13.0
        },
        "c59": {
            "x": 52.900002,
            "y": 30.6,
            "demand": 12.0
        },
        "c60": {
            "x": 25.200001,
            "y": 33.299999,
            "demand": 16.0
        },
        "c61": {
            "x": 21.1,
            "y": 30.299999,
            "demand": 10.0
        },
        "c62": {
            "x": 33.400002,
            "y": 23.200001,
            "demand": 13.0
        },
        "c63": {
            "x": 31.4,
            "y": 25.700001,
            "demand": 19.0
        },
        "c64": {
            "x": 34.400002,
            "y": 27.700001,
            "demand": 17.0
        },
        "c65": {
            "x": 23.299999,
            "y": 25.5,
            "demand": 14.0
        },
        "c66": {
            "x": 27.799999,
            "y": 26.0,
            "demand": 20.0
        },
        "c67": {
            "x": 28.700001,
            "y": 29.799999,
            "demand": 19.0
        },
        "c68": {
            "x": 23.200001,
            "y": 27.1,
            "demand": 14.0
        },
        "c69": {
            "x": 23.9,
            "y": 28.299999,
            "demand": 19.0
        },
        "c70": {
            "x": 26.299999,
            "y": 35.099998,
            "demand": 17.0
        },
        "c71": {
            "x": 30.1,
            "y": 28.299999,
            "demand": 11.0
        },
        "c72": {
            "x": 33.700001,
            "y": 26.799999,
            "demand": 13.0
        },
        "c73": {
            "x": 31.6,
            "y": 35.5,
            "demand": 12.0
        },
        "c74": {
            "x": 24.799999,
            "y": 23.0,
            "demand": 20.0
        },
        "c75": {
            "x": 29.799999,
            "y": 22.5,
            "demand": 18.0
        },
        "c76": {
            "x": 26.200001,
            "y": 35.599998,
            "demand": 16.0
        },
        "c77": {
            "x": 23.9,
            "y": 35.0,
            "demand": 11.0
        },
        "c78": {
            "x": 26.5,
            "y": 23.299999,
            "demand": 20.0
        },
        "c79": {
            "x": 30.200001,
            "y": 29.700001,
            "demand": 13.0
        },
        "c80": {
            "x": 31.299999,
            "y": 35.5,
            "demand": 12.0
        },
        "c81": {
            "x": 24.799999,
            "y": 30.5,
            "demand": 19.0
        },
        "c82": {
            "x": 33.0,
            "y": 33.700001,
            "demand": 17.0
        },
        "c83": {
            "x": 34.5,
            "y": 22.799999,
            "demand": 14.0
        },
        "c84": {
            "x": 28.700001,
            "y": 32.400002,
            "demand": 19.0
        },
        "c85": {
            "x": 27.4,
            "y": 35.400002,
            "demand": 17.0
        },
        "c86": {
            "x": 28.4,
            "y": 34.200001,
            "demand": 20.0
        },
        "c87": {
            "x": 27.5,
            "y": 25.0,
            "demand": 13.0
        },
        "c88": {
            "x": 32.400002,
            "y": 25.1,
            "demand": 16.0
        },
        "c89": {
            "x": 23.799999,
            "y": 34.700001,
            "demand": 12.0
        },
        "c90": {
            "x": 23.200001,
            "y": 30.700001,
            "demand": 10.0
        },
        "c91": {
            "x": 30.4,
            "y": 32.299999,
            "demand": 16.0
        },
        "c92": {
            "x": 6.4,
            "y": 0.0,
            "demand": 20.0
        },
        "c93": {
            "x": 6.1,
            "y": 0.0,
            "demand": 13.0
        },
        "c94": {
            "x": 12.2,
            "y": 9.8,
            "demand": 11.0
        },
        "c95": {
            "x": 11.5,
            "y": 2.4,
            "demand": 10.0
        },
        "c96": {
            "x": 14.5,
            "y": 0.3,
            "demand": 19.0
        },
        "c97": {
            "x": 4.7,
            "y": 1.3,
            "demand": 19.0
        },
        "c98": {
            "x": 5.9,
            "y": 4.9,
            "demand": 10.0
        },
        "c99": {
            "x": 8.3,
            "y": 1.1,
            "demand": 18.0
        },
        "c100": {
            "x": 3.8,
            "y": 2.4,
            "demand": 15.0
        },
        "c101": {
            "x": 7.2,
            "y": 3.9,
            "demand": 15.0
        },
        "c102": {
            "x": 3.5,
            "y": 4.0,
            "demand": 12.0
        },
        "c103": {
            "x": 7.6,
            "y": 0.0,
            "demand": 18.0
        },
        "c104": {
            "x": 7.6,
            "y": 0.0,
            "demand": 20.0
        },
        "c105": {
            "x": 12.7,
            "y": 0.0,
            "demand": 16.0
        },
        "c106": {
            "x": 11.8,
            "y": 6.9,
            "demand": 12.0
        },
        "c107": {
            "x": 8.7,
            "y": 2.7,
            "demand": 20.0
        },
        "c108": {
            "x": 6.6,
            "y": 0.0,
            "demand": 17.0
        },
        "c109": {
            "x": 9.5,
            "y": 2.5,
            "demand": 16.0
        },
        "c110": {
            "x": 3.9,
            "y": 0.7,
            "demand": 18.0
        },
        "c111": {
            "x": 5.6,
            "y": 7.9,
            "demand": 19.0
        },
        "c112": {
            "x": 3.9,
            "y": 9.9,
            "demand": 15.0
        },
        "c113": {
            "x": 10.1,
            "y": 4.4,
            "demand": 11.0
        },
        "c114": {
            "x": 8.5,
            "y": 3.8,
            "demand": 15.0
        },
        "c115": {
            "x": 8.9,
            "y": 3.0,
            "demand": 12.0
        },
        "c116": {
            "x": 4.0,
            "y": 9.1,
            "demand": 20.0
        },
        "c117": {
            "x": 7.1,
            "y": 8.2,
            "demand": 20.0
        },
        "c118": {
            "x": 13.7,
            "y": 4.7,
            "demand": 12.0
        },
        "c119": {
            "x": 1.7,
            "y": 0.9,
            "demand": 10.0
        },
        "c120": {
            "x": 10.9,
            "y": 50.200001,
            "demand": 15.0
        },
        "c121": {
            "x": 9.4,
            "y": 57.700001,
            "demand": 16.0
        },
        "c122": {
            "x": 16.700001,
            "y": 57.400002,
            "demand": 12.0
        },
        "c123": {
            "x": 15.1,
            "y": 55.700001,
            "demand": 14.0
        },
        "c124": {
            "x": 20.700001,
            "y": 62.400002,
            "demand": 10.0
        },
        "c125": {
            "x": 8.9,
            "y": 54.599998,
            "demand": 17.0
        },
        "c126": {
            "x": 17.700001,
            "y": 51.599998,
            "demand": 20.0
        },
        "c127": {
            "x": 18.5,
            "y": 49.700001,
            "demand": 16.0
        },
        "c128": {
            "x": 8.3,
            "y": 51.799999,
            "demand": 10.0
        },
        "c129": {
            "x": 19.200001,
            "y": 55.799999,
            "demand": 13.0
        },
        "c130": {
            "x": 17.1,
            "y": 51.299999,
            "demand": 19.0
        },
        "c131": {
            "x": 11.2,
            "y": 52.0,
            "demand": 20.0
        },
        "c132": {
            "x": 11.5,
            "y": 62.099998,
            "demand": 10.0
        },
        "c133": {
            "x": 18.6,
            "y": 50.0,
            "demand": 20.0
        },
        "c134": {
            "x": 11.5,
            "y": 57.799999,
            "demand": 19.0
        },
        "c135": {
            "x": 19.0,
            "y": 53.299999,
            "demand": 18.0
        },
        "c136": {
            "x": 12.9,
            "y": 50.5,
            "demand": 11.0
        },
        "c137": {
            "x": 9.8,
            "y": 57.5,
            "demand": 16.0
        },
        "c138": {
            "x": 18.700001,
            "y": 59.400002,
            "demand": 19.0
        },
        "c139": {
            "x": 21.1,
            "y": 50.599998,
            "demand": 10.0
        },
        "c140": {
            "x": 9.0,
            "y": 62.0,
            "demand": 16.0
        },
        "c141": {
            "x": 12.2,
            "y": 62.5,
            "demand": 18.0
        },
        "c142": {
            "x": 16.9,
            "y": 57.5,
            "demand": 19.0
        },
        "c143": {
            "x": 11.6,
            "y": 51.700001,
            "demand": 18.0
        },
        "c144": {
            "x": 9.5,
            "y": 57.599998,
            "demand": 10.0
        },
        "c145": {
            "x": 8.0,
            "y": 57.0,
            "demand": 20.0
        },
        "c146": {
            "x": 18.6,
            "y": 49.5,
            "demand": 10.0
        },
        "c147": {
            "x": 19.299999,
            "y": 51.5,
            "demand": 18.0
        },
        "c148": {
            "x": 11.6,
            "y": 57.700001,
            "demand": 20.0
        },
        "c149": {
            "x": 10.4,
            "y": 53.0,
            "demand": 14.0
        }
    },
    "depots": {
        "d0": {
            "x": 26.9,
            "y": 31.299999,
            "capacity": 4554.0,
            "opening_cost": 100.0
        },
        "d1": {
            "x": 1.3,
            "y": 82.300003,
            "capacity": 4554.0,
            "opening_cost": 100.0
        },
        "d2": {
            "x": 39.700001,
            "y": 83.900002,
            "capacity": 4554.0,
            "opening_cost": 100.0
        },
        "d3": {
            "x": 82.099998,
            "y": 98.300003,
            "capacity": 4554.0,
            "opening_cost": 100.0
        },
        "d4": {
            "x": 19.9,
            "y": 63.799999,
            "capacity": 4554.0,
            "opening_cost": 100.0
        },
        "d5": {
            "x": 91.0,
            "y": 82.400002,
            "capacity": 4554.0,
            "opening_cost": 100.0
        },
        "d6": {
            "x": 58.5,
            "y": 94.699997,
            "capacity": 4554.0,
            "opening_cost": 100.0
        },
        "d7": {
            "x": 17.700001,
            "y": 74.400002,
            "capacity": 4554.0,
            "opening_cost": 100.0
        },
        "d8": {
            "x": 55.200001,
            "y": 57.099998,
            "capacity": 4554.0,
            "opening_cost": 100.0
        },
        "d9": {
            "x": 98.400002,
            "y": 39.099998,
            "capacity": 4554.0,
            "opening_cost": 100.0
        }
    },
    "meta_data": {
        "nb_customers": 150,
        "nb_depots": 10,
        "vehicle_cap": 150.0,
        "vehicle_cost": 10.0,
        "cost_type": 1.0
    }
}