{
    "customers": {
        "c0": {
            "x": 46.799999,
            "y": 83.800003,
            "demand": 14.0
        },
        "c1": {
            "x": 65.699997,
            "y": 23.4,
            "demand": 16.0
        },
        "c2": {
            "x": 32.5,
            "y": 77.400002,
            "demand": 17.0
        },
        "c3": {
            "x": 43.900002,
            "y": 28.200001,
            "demand": 14.0
        },
        "c4": {
            "x": 21.1,
            "y": 25.299999,
            "demand": 11.0
        },
        "c5": {
            "x": 60.400002,
            "y": 32.200001,
            "demand": 14.0
        },
        "c6": {
            "x": 16.200001,
            "y": 39.400002,
            "demand": 13.0
        },
        "c7": {
            "x": 25.1,
            "y": 13.6,
            "demand": 14.0
        },
        "c8": {
            "x": 43.299999,
            "y": 2.1,
            "demand": 17.0
        },
        "c9": {
            "x": 70.0,
            "y": 71.800003,
            "demand": 15.0
        },
        "c10": {
            "x": 90.199997,
            "y": 1.3,
            "demand": 12.0
        },
        "c11": {
            "x": 81.0,
            "y": 33.400002,
            "demand": 17.0
        },
        "c12": {
            "x": 84.900002,
            "y": 16.6,
            "demand": 12.0
        },
        "c13": {
            "x": 19.4,
            "y": 40.400002,
            "demand": 16.0
        },
        "c14": {
            "x": 52.400002,
            "y": 26.9,
            "demand": 15.0
        },
        "c15": {
            "x": 19.299999,
            "y": 21.6,
            "demand": 10.0
        },
        "c16": {
            "x": 41.5,
            "y": 91.300003,
            "demand": 18.0
        },
        "c17": {
            "x": 43.200001,
            "y": 86.400002,
            "demand": 17.0
        },
        "c18": {
            "x": 48.099998,
            "y": 83.900002,
            "demand": 10.0
        },
        "c19": {
            "x": 86.599998,
            "y": 93.599998,
            "demand": 11.0
        },
        "c20": {
            "x": 66.5,
            "y": 1.8,
            "demand": 17.0
        },
        "c21": {
            "x": 97.5,
            "y": 40.799999,
            "demand": 10.0
        },
        "c22": {
            "x": 45.700001,
            "y": 28.1,
            "demand": 13.0
        },
        "c23": {
            "x": 97.900002,
            "y": 19.1,
            "demand": 11.0
        },
        "c24": {
            "x": 78.199997,
            "y": 18.200001,
            "demand": 13.0
        },
        "c25": {
            "x": 74.5,
            "y": 87.599998,
            "demand": 14.0
        },
        "c26": {
            "x": 30.5,
            "y": 23.5,
            "demand": 10.0
        },
        "c27": {
            "x": 70.400002,
            "y": 75.699997,
            "demand": 12.0
        },
        "c28": {
            "x": 64.800003,
            "y": 21.700001,
            "demand": 17.0
        },
        "c29": {
            "x": 61.299999,
            "y": 31.799999,
            "demand": 18.0
        },
        "c30": {
            "x": 28.1,
            "y": 86.599998,
            "demand": 13.0
        },
        "c31": {
            "x": 92.599998,
            "y": 36.799999,
            "demand": 20.0
        },
        "c32": {
            "x": 52.599998,
            "y": 73.400002,
            "demand": 17.0
        },
        "c33": {
            "x": 31.6,
            "y": 86.0,
            "demand": 10.0
        },
        "c34": {
            "x": 69.5,
            "y": 74.800003,
            "demand": 10.0
        },
        "c35": {
            "x": 46.799999,
            "y": 75.599998,
            "demand": 20.0
        },
        "c36": {
            "x": 28.299999,
            "y": 29.6,
            "demand": 14.0
        },
        "c37": {
            "x": 39.299999,
            "y": 3.9,
            "demand": 12.0
        },
        "c38": {
            "x": 66.800003,
            "y": 59.5,
            "demand": 17.0
        },
        "c39": {
            "x": 36.400002,
            "y": 46.599998,
            "demand": 19.0
        },
        "c40": {
            "x": 39.299999,
            "y": 12.8,
            "demand": 13.0
        },
        "c41": {
            "x": 57.400002,
            "y": 52.700001,
            "demand": 16.0
        },
        "c42": {
            "x": 12.3,
            "y": 59.599998,
            "demand": 15.0
        },
        "c43": {
            "x": 56.200001,
            "y": 87.199997,
            "demand": 19.0
        },
        "c44": {
            "x": 24.200001,
            "y": 13.0,
            "demand": 11.0
        },
        "c45": {
            "x": 1.8,
            "y": 5.7,
            "demand": 16.0
        },
        "c46": {
            "x": 78.300003,
            "y": 39.400002,
            "demand": 10.0
        },
        "c47": {
            "x": 21.299999,
            "y": 71.400002,
            "demand": 16.0
        },
        "c48": {
            "x": 96.199997,
            "y": 46.900002,
            "demand": 12.0
        },
        "c49": {
            "x": 2.9,
            "y": 53.200001,
            "demand": 11.0
        },
        "c50": {
            "x": 8.7,
            "y": 49.900002,
            "demand": 17.0
        },
        "c51": {
            "x": 82.400002,
            "y": 57.099998,
            "demand": 12.0
        },
        "c52": {
            "x": 88.5,
            "y": 18.799999,
            "demand": 16.0
        },
        "c53": {
            "x": 8.8,
            "y": 76.199997,
            "demand": 10.0
        },
        "c54": {
            "x": 77.599998,
            "y": 86.900002,
            "demand": 17.0
        },
        "c55": {
            "x": 74.900002,
            "y": 88.099998,
            "demand": 11.0
        },
        "c56": {
            "x": 39.5,
            "y": 46.599998,
            "demand": 11.0
        },
        "c57": {
            "x": 37.0,
            "y": 76.800003,
            "demand": 15.0
        },
        "c58": {
            "x": 9.2,
            "y": 63.099998,
            "demand": 19.0
        },
        "c59": {
            "x": 24.200001,
            "y": 20.5,
            "demand": 18.0
        },
        "c60": {
            "x": 86.199997,
            "y": 100.0,
            "demand": 20.0
        },
        "c61": {
            "x": 88.699997,
            "y": 73.5,
            "demand": 17.0
        },
        "c62": {
            "x": 58.599998,
            "y": 34.400002,
            "demand": 10.0
        },
        "c63": {
            "x": 98.900002,
            "y": 44.0,
            "demand": 16.0
        },
        "c64": {
            "x": 55.599998,
            "y": 46.0,
            "demand": 13.0
        },
        "c65": {
            "x": 4.3,
            "y": 71.0,
            "demand": 10.0
        },
        "c66": {
            "x": 10.7,
            "y": 6.6,
            "demand": 13.0
        },
        "c67": {
            "x": 68.300003,
            "y": 7.5,
            "demand": 10.0
        },
        "c68": {
            "x": 75.800003,
            "y": 80.199997,
            "demand": 18.0
        },
        "c69": {
            "x": 67.0,
            "y": 99.5,
            "demand": 12.0
        },
        "c70": {
            "x": 94.0,
            "y": 66.0,
            "demand": 17.0
        },
        "c71": {
            "x": 81.099998,
            "y": 71.400002,
            "demand": 18.0
        },
        "c72": {
            "x": 83.199997,
            "y": 37.599998,
            "demand": 14.0
        },
        "c73": {
            "x": 12.9,
            "y": 80.599998,
            "demand": 15.0
        },
        "c74": {
            "x": 58.900002,
            "y": 94.5,
            "demand": 17.0
        },
        "c75": {
            "x": 73.699997,
            "y": 97.900002,
            "demand": 16.0
        },
        "c76": {
            "x": 38.900002,
            "y": 18.799999,
            "demand": 16.0
        },
        "c77": {
            "x": 3.0,
            "y": 74.699997,
            "demand": 12.0
        },
        "c78": {
            "x": 32.099998,
            "y": 83.400002,
            "demand": 20.0
        },
        "c79": {
            "x": 89.5,
            "y": 50.200001,
            "demand": 17.0
        },
        "c80": {
            "x": 40.799999,
            "y": 49.099998,
            "demand": 10.0
        },
        "c81": {
            "x": 93.699997,
            "y": 95.199997,
            "demand": 13.0
        },
        "c82": {
            "x": 32.900002,
            "y": 75.5,
            "demand": 17.0
        },
        "c83": {
            "x": 17.0,
            "y": 3.1,
            "demand": 20.0
        },
        "c84": {
            "x": 97.900002,
            "y": 38.200001,
            "demand": 14.0
        },
        "c85": {
            "x": 65.599998,
            "y": 3.5,
            "demand": 19.0
        },
        "c86": {
            "x": 91.900002,
            "y": 92.599998,
            "demand": 11.0
        },
        "c87": {
            "x": 43.700001,
            "y": 83.800003,
            "demand": 13.0
        },
        "c88": {
            "x": 68.099998,
            "y": 59.299999,
            "demand": 20.0
        },
        "c89": {
            "x": 80.699997,
            "y": 67.099998,
            "demand": 10.0
        },
        "c90": {
            "x": 32.0,
            "y": 67.400002,
            "demand": 13.0
        },
        "c91": {
            "x": 91.099998,
            "y": 12.5,
            "demand": 13.0
        },
        "c92": {
            "x": 95.900002,
            "y": 71.699997,
            "demand": 11.0
        },
        "c93": {
            "x": 59.400002,
            "y": 10.7,
            "demand": 10.0
        },
        "c94": {
            "x": 4.5,
            "y": 9.0,
            "demand": 10.0
        },
        "c95": {
            "x": 9.1,
            "y": 27.5,
            "demand": 19.0
        },
        "c96": {
            "x": 61.799999,
            "y": 47.700001,
            "demand": 12.0
        },
        "c97": {
            "x": 82.400002,
            "y": 47.900002,
            "demand": 14.0
        },
        "c98": {
            "x": 21.299999,
            "y": 75.900002,
            "demand": 19.0
        },
        "c99": {
            "x": 91.5,
            "y": 93.5,
            "demand": 15.0
        }
    },
    "depots": {
        "d0": {
            "x": 49.099998,
            "y": 95.800003,
            "capacity": 2878.0,
            "opening_cost": 100.0
        },
        "d1": {
            "x": 54.599998,
            "y": 31.4,
            "capacity": 2878.0,
            "opening_cost": 100.0
        },
        "d2": {
            "x": 23.799999,
            "y": 35.400002,
            "capacity": 2878.0,
            "opening_cost": 100.0
        },
        "d3": {
            "x": 22.4,
            "y": 15.1,
            "capacity": 2878.0,
            "opening_cost": 100.0
        },
        "d4": {
            "x": 84.400002,
            "y": 10.3,
            "capacity": 2878.0,
            "opening_cost": 100.0
        },
        "d5": {
            "x": 8.8,
            "y": 71.800003,
            "capacity": 2878.0,
            "opening_cost": 100.0
        },
        "d6": {
            "x": 82.300003,
            "y": 40.299999,
            "capacity": 2878.0,
            "opening_cost": 100.0
        },
        "d7": {
            "x": 37.0,
            "y": 81.599998,
            "capacity": 2878.0,
            "opening_cost": 100.0
        },
        "d8": {
            "x": 81.099998,
            "y": 59.400002,
            "capacity": 2878.0,
            "opening_cost": 100.0
        },
        "d9": {
            "x": 3.6,
            "y": 96.699997,
            "capacity": 2878.0,
            "opening_cost": 100.0
        }
    },
    "meta_data": {
        "nb_customers": 100,
        "nb_depots": 10,
        "vehicle_cap": 150.0,
        "vehicle_cost": 10.0,
        "cost_type": 1.0
    }
}