{
    "customers": {
        "c0": {
            "x": 34.400002,
            "y": 42.0,
            "demand": 14.0
        },
        "c1": {
            "x": 44.400002,
            "y": 53.799999,
            "demand": 19.0
        },
        "c2": {
            "x": 37.0,
            "y": 53.400002,
            "demand": 10.0
        },
        "c3": {
            "x": 40.200001,
            "y": 57.700001,
            "demand": 10.0
        },
        "c4": {
            "x": 43.5,
            "y": 56.299999,
            "demand": 18.0
        },
        "c5": {
            "x": 34.5,
            "y": 54.700001,
            "demand": 15.0
        },
        "c6": {
            "x": 37.599998,
            "y": 52.700001,
            "demand": 14.0
        },
        "c7": {
            "x": 36.599998,
            "y": 52.0,
            "demand": 17.0
        },
        "c8": {
            "x": 35.700001,
            "y": 51.700001,
            "demand": 12.0
        },
        "c9": {
            "x": 47.200001,
            "y": 42.0,
            "demand": 15.0
        },
        "c10": {
            "x": 44.099998,
            "y": 56.700001,
            "demand": 14.0
        },
        "c11": {
            "x": 45.900002,
            "y": 52.200001,
            "demand": 19.0
        },
        "c12": {
            "x": 31.799999,
            "y": 57.799999,
            "demand": 13.0
        },
        "c13": {
            "x": 32.299999,
            "y": 55.400002,
            "demand": 16.0
        },
        "c14": {
            "x": 42.5,
            "y": 42.400002,
            "demand": 18.0
        },
        "c15": {
            "x": 34.700001,
            "y": 51.299999,
            "demand": 19.0
        },
        "c16": {
            "x": 34.200001,
            "y": 50.099998,
            "demand": 14.0
        },
        "c17": {
            "x": 42.400002,
            "y": 48.599998,
            "demand": 15.0
        },
        "c18": {
            "x": 35.799999,
            "y": 42.5,
            "demand": 10.0
        },
        "c19": {
            "x": 37.599998,
            "y": 48.5,
            "demand": 11.0
        },
        "c20": {
            "x": 36.0,
            "y": 42.0,
            "demand": 14.0
        },
        "c21": {
            "x": 33.5,
            "y": 48.299999,
            "demand": 13.0
        },
        "c22": {
            "x": 32.099998,
            "y": 48.099998,
            "demand": 15.0
        },
        "c23": {
            "x": 45.599998,
            "y": 48.5,
            "demand": 20.0
        },
        "c24": {
            "x": 45.0,
            "y": 44.400002,
            "demand": 20.0
        },
        "c25": {
            "x": 35.200001,
            "y": 53.799999,
            "demand": 16.0
        },
        "c26": {
            "x": 44.099998,
            "y": 55.200001,
            "demand": 11.0
        },
        "c27": {
            "x": 43.5,
            "y": 44.700001,
            "demand": 16.0
        },
        "c28": {
            "x": 43.099998,
            "y": 50.299999,
            "demand": 19.0
        },
        "c29": {
            "x": 32.799999,
            "y": 51.700001,
            "demand": 11.0
        },
        "c30": {
            "x": 38.0,
            "y": 47.700001,
            "demand": 18.0
        },
        "c31": {
            "x": 42.400002,
            "y": 54.200001,
            "demand": 13.0
        },
        "c32": {
            "x": 44.5,
            "y": 55.400002,
            "demand": 19.0
        },
        "c33": {
            "x": 32.900002,
            "y": 47.5,
            "demand": 20.0
        },
        "c34": {
            "x": 37.400002,
            "y": 54.900002,
            "demand": 13.0
        },
        "c35": {
            "x": 40.200001,
            "y": 50.900002,
            "demand": 11.0
        },
        "c36": {
            "x": 46.700001,
            "y": 44.200001,
            "demand": 15.0
        },
        "c37": {
            "x": 34.400002,
            "y": 56.599998,
            "demand": 11.0
        },
        "c38": {
            "x": 36.5,
            "y": 47.099998,
            "demand": 20.0
        },
        "c39": {
            "x": 43.599998,
            "y": 46.799999,
            "demand": 13.0
        },
        "c40": {
            "x": 41.200001,
            "y": 44.099998,
            "demand": 14.0
        },
        "c41": {
            "x": 35.400002,
            "y": 58.900002,
            "demand": 19.0
        },
        "c42": {
            "x": 45.0,
            "y": 46.200001,
            "demand": 13.0
        },
        "c43": {
            "x": 42.299999,
            "y": 48.299999,
            "demand": 16.0
        },
        "c44": {
            "x": 36.799999,
            "y": 43.200001,
            "demand": 16.0
        },
        "c45": {
            "x": 42.099998,
            "y": 53.400002,
            "demand": 10.0
        },
        "c46": {
            "x": 34.5,
            "y": 53.099998,
            "demand": 11.0
        },
        "c47": {
            "x": 39.200001,
            "y": 53.799999,
            "demand": 18.0
        },
        "c48": {
            "x": 40.700001,
            "y": 49.799999,
            "demand": 11.0
        },
        "c49": {
            "x": 32.799999,
            "y": 56.099998,
            "demand": 20.0
        },
        "c50": {
            "x": 35.599998,
            "y": 48.799999,
            "demand": 16.0
        },
        "c51": {
            "x": 45.900002,
            "y": 48.700001,
            "demand": 14.0
        },
        "c52": {
            "x": 60.700001,
            "y": 4.3,
            "demand": 18.0
        },
        "c53": {
            "x": 61.700001,
            "y": 4.9,
            "demand": 12.0
        },
        "c54": {
            "x": 66.599998,
            "y": 13.9,
            "demand": 19.0
        },
        "c55": {
            "x": 65.300003,
            "y": 11.6,
            "demand": 16.0
        },
        "c56": {
            "x": 64.900002,
            "y": 5.0,
            "demand": 10.0
        },
        "c57": {
            "x": 73.300003,
            "y": 11.2,
            "demand": 11.0
        },
        "c58": {
            "x": 64.199997,
            "y": 11.9,
            "demand": 15.0
        },
        "c59": {
            "x": 66.800003,
            "y": 0.0,
            "demand": 11.0
        },
        "c60": {
            "x": 66.699997,
            "y": 3.9,
            "demand": 12.0
        },
        "c61": {
            "x": 73.800003,
            "y": 10.1,
            "demand": 15.0
        },
        "c62": {
            "x": 67.599998,
            "y": 6.5,
            "demand": 10.0
        },
        "c63": {
            "x": 68.0,
            "y": 9.5,
            "demand": 12.0
        },
        "c64": {
            "x": 76.099998,
            "y": 5.6,
            "demand": 11.0
        },
        "c65": {
            "x": 72.400002,
            "y": 6.4,
            "demand": 13.0
        },
        "c66": {
            "x": 76.0,
            "y": 10.1,
            "demand": 11.0
        },
        "c67": {
            "x": 65.900002,
            "y": 0.0,
            "demand": 19.0
        },
        "c68": {
            "x": 69.300003,
            "y": 0.0,
            "demand": 18.0
        },
        "c69": {
            "x": 67.0,
            "y": 13.1,
            "demand": 15.0
        },
        "c70": {
            "x": 75.800003,
            "y": 15.3,
            "demand": 19.0
        },
        "c71": {
            "x": 68.800003,
            "y": 0.1,
            "demand": 12.0
        },
        "c72": {
            "x": 70.599998,
            "y": 1.4,
            "demand": 17.0
        },
        "c73": {
            "x": 66.199997,
            "y": 2.5,
            "demand": 12.0
        },
        "c74": {
            "x": 73.400002,
            "y": 12.8,
            "demand": 19.0
        },
        "c75": {
            "x": 64.099998,
            "y": 14.7,
            "demand": 14.0
        },
        "c76": {
            "x": 74.199997,
            "y": 2.4,
            "demand": 14.0
        },
        "c77": {
            "x": 60.0,
            "y": 6.7,
            "demand": 16.0
        },
        "c78": {
            "x": 61.700001,
            "y": 1.2,
            "demand": 15.0
        },
        "c79": {
            "x": 75.800003,
            "y": 0.0,
            "demand": 10.0
        },
        "c80": {
            "x": 71.199997,
            "y": 7.6,
            "demand": 14.0
        },
        "c81": {
            "x": 59.299999,
            "y": 8.9,
            "demand": 19.0
        },
        "c82": {
            "x": 65.699997,
            "y": 6.3,
            "demand": 19.0
        },
        "c83": {
            "x": 60.5,
            "y": 7.5,
            "demand": 18.0
        },
        "c84": {
            "x": 73.699997,
            "y": 11.7,
            "demand": 17.0
        },
        "c85": {
            "x": 63.900002,
            "y": 14.4,
            "demand": 14.0
        },
        "c86": {
            "x": 69.5,
            "y": 7.7,
            "demand": 11.0
        },
        "c87": {
            "x": 60.099998,
            "y": 6.1,
            "demand": 12.0
        },
        "c88": {
            "x": 73.199997,
            "y": 14.4,
            "demand": 12.0
        },
        "c89": {
            "x": 60.400002,
            "y": 5.3,
            "demand": 12.0
        },
        "c90": {
            "x": 75.699997,
            "y": 0.6,
            "demand": 13.0
        },
        "c91": {
            "x": 61.299999,
            "y": 7.2,
            "demand": 19.0
        },
        "c92": {
            "x": 62.5,
            "y": 9.2,
            "demand": 19.0
        },
        "c93": {
            "x": 60.200001,
            "y": 12.0,
            "demand": 13.0
        },
        "c94": {
            "x": 63.599998,
            "y": 9.3,
            "demand": 20.0
        },
        "c95": {
            "x": 68.599998,
            "y": 0.0,
            "demand": 12.0
        },
        "c96": {
            "x": 61.299999,
            "y": 2.4,
            "demand": 18.0
        },
        "c97": {
            "x": 62.299999,
            "y": 4.2,
            "demand": 12.0
        },
        "c98": {
            "x": 68.599998,
            "y": 3.6,
            "demand": 16.0
        },
        "c99": {
            "x": 61.900002,
            "y": 12.5,
            "demand": 10.0
        },
        "c100": {
            "x": 64.5,
            "y": 7.6,
            "demand": 14.0
        },
        "c101": {
            "x": 66.300003,
            "y": 14.9,
            "demand": 18.0
        },
        "c102": {
            "x": 60.400002,
            "y": 3.4,
            "demand": 17.0
        },
        "c103": {
            "x": 65.400002,
            "y": 15.4,
            "demand": 17.0
        },
        "c104": {
            "x": 62.900002,
            "y": 1.6,
            "demand": 17.0
        },
        "c105": {
            "x": 65.900002,
            "y": 3.5,
            "demand": 14.0
        },
        "c106": {
            "x": 36.900002,
            "y": 79.599998,
            "demand": 13.0
        },
        "c107": {
            "x": 32.299999,
            "y": 79.099998,
            "demand": 19.0
        },
        "c108": {
            "x": 33.900002,
            "y": 91.099998,
            "demand": 20.0
        },
        "c109": {
            "x": 30.200001,
            "y": 85.099998,
            "demand": 11.0
        },
        "c110": {
            "x": 25.5,
            "y": 89.400002,
            "demand": 16.0
        },
        "c111": {
            "x": 37.0,
            "y": 85.599998,
            "demand": 14.0
        },
        "c112": {
            "x": 26.299999,
            "y": 78.5,
            "demand": 19.0
        },
        "c113": {
            "x": 34.700001,
            "y": 86.599998,
            "demand": 17.0
        },
        "c114": {
            "x": 35.799999,
            "y": 89.900002,
            "demand": 12.0
        },
        "c115": {
            "x": 36.900002,
            "y": 83.599998,
            "demand": 15.0
        },
        "c116": {
            "x": 33.400002,
            "y": 76.0,
            "demand": 12.0
        },
        "c117": {
            "x": 36.299999,
            "y": 81.0,
            "demand": 11.0
        },
        "c118": {
            "x": 39.200001,
            "y": 84.199997,
            "demand": 18.0
        },
        "c119": {
            "x": 41.099998,
            "y": 84.699997,
            "demand": 20.0
        },
        "c120": {
            "x": 24.200001,
            "y": 86.5,
            "demand": 16.0
        },
        "c121": {
            "x": 35.0,
            "y": 83.5,
            "demand": 11.0
        },
        "c122": {
            "x": 29.4,
            "y": 78.5,
            "demand": 14.0
        },
        "c123": {
            "x": 26.6,
            "y": 88.599998,
            "demand": 12.0
        },
        "c124": {
            "x": 33.400002,
            "y": 77.900002,
            "demand": 11.0
        },
        "c125": {
            "x": 27.700001,
            "y": 79.599998,
            "demand": 11.0
        },
        "c126": {
            "x": 26.1,
            "y": 89.599998,
            "demand": 18.0
        },
        "c127": {
            "x": 30.0,
            "y": 83.300003,
            "demand": 18.0
        },
        "c128": {
            "x": 26.5,
            "y": 87.300003,
            "demand": 10.0
        },
        "c129": {
            "x": 34.0,
            "y": 88.0,
            "demand": 16.0
        },
        "c130": {
            "x": 31.5,
            "y": 86.900002,
            "demand": 17.0
        },
        "c131": {
            "x": 35.299999,
            "y": 83.699997,
            "demand": 13.0
        },
        "c132": {
            "x": 36.200001,
            "y": 81.300003,
            "demand": 12.0
        },
        "c133": {
            "x": 38.200001,
            "y": 75.800003,
            "demand": 16.0
        },
        "c134": {
            "x": 40.700001,
            "y": 77.099998,
            "demand": 17.0
        },
        "c135": {
            "x": 36.400002,
            "y": 76.099998,
            "demand": 18.0
        },
        "c136": {
            "x": 35.400002,
            "y": 92.0,
            "demand": 11.0
        },
        "c137": {
            "x": 39.400002,
            "y": 92.300003,
            "demand": 19.0
        },
        "c138": {
            "x": 37.099998,
            "y": 86.599998,
            "demand": 16.0
        },
        "c139": {
            "x": 37.799999,
            "y": 77.199997,
            "demand": 13.0
        },
        "c140": {
            "x": 26.700001,
            "y": 77.699997,
            "demand": 20.0
        },
        "c141": {
            "x": 33.599998,
            "y": 85.699997,
            "demand": 10.0
        },
        "c142": {
            "x": 26.700001,
            "y": 90.400002,
            "demand": 18.0
        },
        "c143": {
            "x": 38.5,
            "y": 89.199997,
            "demand": 20.0
        },
        "c144": {
            "x": 39.200001,
            "y": 83.599998,
            "demand": 20.0
        },
        "c145": {
            "x": 29.700001,
            "y": 85.199997,
            "demand": 11.0
        },
        "c146": {
            "x": 39.099998,
            "y": 86.900002,
            "demand": 15.0
        },
        "c147": {
            "x": 35.200001,
            "y": 78.599998,
            "demand": 20.0
        },
        "c148": {
            "x": 27.700001,
            "y": 77.099998,
            "demand": 15.0
        },
        "c149": {
            "x": 36.700001,
            "y": 82.800003,
            "demand": 10.0
        }
    },
    "depots": {
        "d0": {
            "x": 35.700001,
            "y": 94.900002,
            "capacity": 4474.0,
            "opening_cost": 100.0
        },
        "d1": {
            "x": 46.099998,
            "y": 28.9,
            "capacity": 4474.0,
            "opening_cost": 100.0
        },
        "d2": {
            "x": 83.400002,
            "y": 91.900002,
            "capacity": 4474.0,
            "opening_cost": 100.0
        },
        "d3": {
            "x": 86.099998,
            "y": 89.0,
            "capacity": 4474.0,
            "opening_cost": 100.0
        },
        "d4": {
            "x": 38.799999,
            "y": 81.900002,
            "capacity": 4474.0,
            "opening_cost": 100.0
        },
        "d5": {
            "x": 34.400002,
            "y": 3.0,
            "capacity": 4474.0,
            "opening_cost": 100.0
        },
        "d6": {
            "x": 62.700001,
            "y": 52.400002,
            "capacity": 4474.0,
            "opening_cost": 100.0
        },
        "d7": {
            "x": 42.599998,
            "y": 41.099998,
            "capacity": 4474.0,
            "opening_cost": 100.0
        },
        "d8": {
            "x": 9.6,
            "y": 45.099998,
            "capacity": 4474.0,
            "opening_cost": 100.0
        },
        "d9": {
            "x": 98.900002,
            "y": 57.700001,
            "capacity": 4474.0,
            "opening_cost": 100.0
        }
    },
    "meta_data": {
        "nb_customers": 150,
        "nb_depots": 10,
        "vehicle_cap": 150.0,
        "vehicle_cost": 10.0,
        "cost_type": 1.0
    }
}