{
    "customers": {
        "c0": {
            "x": 28.299999,
            "y": 45.700001,
            "demand": 20.0
        },
        "c1": {
            "x": 37.700001,
            "y": 41.599998,
            "demand": 16.0
        },
        "c2": {
            "x": 11.8,
            "y": 36.900002,
            "demand": 18.0
        },
        "c3": {
            "x": 70.699997,
            "y": 31.1,
            "demand": 12.0
        },
        "c4": {
            "x": 67.800003,
            "y": 79.300003,
            "demand": 20.0
        },
        "c5": {
            "x": 65.300003,
            "y": 28.299999,
            "demand": 13.0
        },
        "c6": {
            "x": 48.400002,
            "y": 50.200001,
            "demand": 16.0
        },
        "c7": {
            "x": 39.5,
            "y": 42.799999,
            "demand": 12.0
        },
        "c8": {
            "x": 94.800003,
            "y": 29.700001,
            "demand": 16.0
        },
        "c9": {
            "x": 54.0,
            "y": 96.0,
            "demand": 16.0
        },
        "c10": {
            "x": 5.5,
            "y": 39.0,
            "demand": 19.0
        },
        "c11": {
            "x": 34.799999,
            "y": 1.4,
            "demand": 20.0
        },
        "c12": {
            "x": 12.4,
            "y": 77.099998,
            "demand": 18.0
        },
        "c13": {
            "x": 60.799999,
            "y": 23.799999,
            "demand": 16.0
        },
        "c14": {
            "x": 34.700001,
            "y": 69.300003,
            "demand": 12.0
        },
        "c15": {
            "x": 15.6,
            "y": 1.7,
            "demand": 16.0
        },
        "c16": {
            "x": 70.800003,
            "y": 69.0,
            "demand": 10.0
        },
        "c17": {
            "x": 66.099998,
            "y": 0.3,
            "demand": 16.0
        },
        "c18": {
            "x": 58.799999,
            "y": 68.599998,
            "demand": 19.0
        },
        "c19": {
            "x": 55.0,
            "y": 17.799999,
            "demand": 19.0
        },
        "c20": {
            "x": 93.800003,
            "y": 19.200001,
            "demand": 10.0
        },
        "c21": {
            "x": 92.199997,
            "y": 57.200001,
            "demand": 13.0
        },
        "c22": {
            "x": 13.8,
            "y": 84.300003,
            "demand": 19.0
        },
        "c23": {
            "x": 89.5,
            "y": 38.599998,
            "demand": 17.0
        },
        "c24": {
            "x": 37.799999,
            "y": 58.0,
            "demand": 11.0
        },
        "c25": {
            "x": 86.699997,
            "y": 24.4,
            "demand": 13.0
        },
        "c26": {
            "x": 57.0,
            "y": 78.199997,
            "demand": 19.0
        },
        "c27": {
            "x": 21.9,
            "y": 16.700001,
            "demand": 14.0
        },
        "c28": {
            "x": 34.799999,
            "y": 85.699997,
            "demand": 16.0
        },
        "c29": {
            "x": 90.599998,
            "y": 89.099998,
            "demand": 14.0
        },
        "c30": {
            "x": 57.200001,
            "y": 16.200001,
            "demand": 13.0
        },
        "c31": {
            "x": 20.299999,
            "y": 37.599998,
            "demand": 17.0
        },
        "c32": {
            "x": 28.200001,
            "y": 25.9,
            "demand": 15.0
        },
        "c33": {
            "x": 97.099998,
            "y": 56.700001,
            "demand": 15.0
        },
        "c34": {
            "x": 11.6,
            "y": 92.5,
            "demand": 19.0
        },
        "c35": {
            "x": 17.700001,
            "y": 65.099998,
            "demand": 15.0
        },
        "c36": {
            "x": 88.0,
            "y": 14.2,
            "demand": 20.0
        },
        "c37": {
            "x": 81.099998,
            "y": 56.299999,
            "demand": 10.0
        },
        "c38": {
            "x": 14.5,
            "y": 49.099998,
            "demand": 12.0
        },
        "c39": {
            "x": 92.0,
            "y": 12.4,
            "demand": 15.0
        },
        "c40": {
            "x": 84.199997,
            "y": 68.599998,
            "demand": 12.0
        },
        "c41": {
            "x": 68.300003,
            "y": 3.7,
            "demand": 15.0
        },
        "c42": {
            "x": 27.0,
            "y": 30.1,
            "demand": 17.0
        },
        "c43": {
            "x": 38.0,
            "y": 39.099998,
            "demand": 20.0
        },
        "c44": {
            "x": 30.1,
            "y": 37.0,
            "demand": 12.0
        },
        "c45": {
            "x": 26.200001,
            "y": 31.6,
            "demand": 17.0
        },
        "c46": {
            "x": 27.6,
            "y": 36.599998,
            "demand": 14.0
        },
        "c47": {
            "x": 41.400002,
            "y": 27.9,
            "demand": 15.0
        },
        "c48": {
            "x": 30.799999,
            "y": 33.700001,
            "demand": 20.0
        },
        "c49": {
            "x": 25.9,
            "y": 27.299999,
            "demand": 14.0
        },
        "c50": {
            "x": 35.099998,
            "y": 36.299999,
            "demand": 17.0
        },
        "c51": {
            "x": 28.9,
            "y": 32.099998,
            "demand": 14.0
        },
        "c52": {
            "x": 36.900002,
            "y": 39.599998,
            "demand": 17.0
        },
        "c53": {
            "x": 36.700001,
            "y": 36.299999,
            "demand": 15.0
        },
        "c54": {
            "x": 40.900002,
            "y": 39.400002,
            "demand": 13.0
        },
        "c55": {
            "x": 36.299999,
            "y": 39.799999,
            "demand": 12.0
        },
        "c56": {
            "x": 29.0,
            "y": 25.1,
            "demand": 17.0
        },
        "c57": {
            "x": 28.9,
            "y": 27.1,
            "demand": 17.0
        },
        "c58": {
            "x": 41.200001,
            "y": 30.200001,
            "demand": 10.0
        },
        "c59": {
            "x": 38.0,
            "y": 37.099998,
            "demand": 17.0
        },
        "c60": {
            "x": 29.6,
            "y": 38.599998,
            "demand": 15.0
        },
        "c61": {
            "x": 42.299999,
            "y": 36.599998,
            "demand": 18.0
        },
        "c62": {
            "x": 31.799999,
            "y": 37.0,
            "demand": 16.0
        },
        "c63": {
            "x": 42.200001,
            "y": 30.200001,
            "demand": 11.0
        },
        "c64": {
            "x": 37.200001,
            "y": 24.6,
            "demand": 18.0
        },
        "c65": {
            "x": 30.200001,
            "y": 24.799999,
            "demand": 18.0
        },
        "c66": {
            "x": 29.1,
            "y": 40.400002,
            "demand": 15.0
        },
        "c67": {
            "x": 42.099998,
            "y": 41.5,
            "demand": 16.0
        },
        "c68": {
            "x": 30.0,
            "y": 33.900002,
            "demand": 16.0
        },
        "c69": {
            "x": 39.599998,
            "y": 34.5,
            "demand": 17.0
        },
        "c70": {
            "x": 37.400002,
            "y": 26.4,
            "demand": 12.0
        },
        "c71": {
            "x": 40.900002,
            "y": 31.6,
            "demand": 16.0
        },
        "c72": {
            "x": 27.6,
            "y": 32.5,
            "demand": 11.0
        },
        "c73": {
            "x": 32.700001,
            "y": 35.0,
            "demand": 16.0
        },
        "c74": {
            "x": 25.6,
            "y": 37.200001,
            "demand": 20.0
        },
        "c75": {
            "x": 35.099998,
            "y": 34.400002,
            "demand": 18.0
        },
        "c76": {
            "x": 33.5,
            "y": 24.9,
            "demand": 16.0
        },
        "c77": {
            "x": 39.799999,
            "y": 29.0,
            "demand": 15.0
        },
        "c78": {
            "x": 33.900002,
            "y": 29.6,
            "demand": 18.0
        },
        "c79": {
            "x": 28.4,
            "y": 37.0,
            "demand": 17.0
        },
        "c80": {
            "x": 25.799999,
            "y": 28.9,
            "demand": 20.0
        },
        "c81": {
            "x": 41.099998,
            "y": 31.0,
            "demand": 17.0
        },
        "c82": {
            "x": 27.5,
            "y": 41.0,
            "demand": 17.0
        },
        "c83": {
            "x": 39.0,
            "y": 29.0,
            "demand": 16.0
        },
        "c84": {
            "x": 34.299999,
            "y": 28.200001,
            "demand": 10.0
        },
        "c85": {
            "x": 40.900002,
            "y": 32.400002,
            "demand": 15.0
        },
        "c86": {
            "x": 34.5,
            "y": 36.5,
            "demand": 14.0
        },
        "c87": {
            "x": 42.099998,
            "y": 25.5,
            "demand": 19.0
        },
        "c88": {
            "x": 34.900002,
            "y": 28.799999,
            "demand": 16.0
        },
        "c89": {
            "x": 2.9,
            "y": 28.9,
            "demand": 20.0
        },
        "c90": {
            "x": 4.6,
            "y": 27.6,
            "demand": 12.0
        },
        "c91": {
            "x": 15.8,
            "y": 31.299999,
            "demand": 17.0
        },
        "c92": {
            "x": 3.4,
            "y": 24.1,
            "demand": 16.0
        },
        "c93": {
            "x": 3.9,
            "y": 33.700001,
            "demand": 19.0
        },
        "c94": {
            "x": 15.7,
            "y": 24.700001,
            "demand": 17.0
        },
        "c95": {
            "x": 3.7,
            "y": 37.799999,
            "demand": 20.0
        },
        "c96": {
            "x": 5.1,
            "y": 26.700001,
            "demand": 15.0
        },
        "c97": {
            "x": 14.6,
            "y": 30.299999,
            "demand": 17.0
        },
        "c98": {
            "x": 11.6,
            "y": 24.6,
            "demand": 12.0
        },
        "c99": {
            "x": 5.5,
            "y": 39.299999,
            "demand": 16.0
        },
        "c100": {
            "x": 4.2,
            "y": 32.299999,
            "demand": 13.0
        },
        "c101": {
            "x": 14.4,
            "y": 24.700001,
            "demand": 20.0
        },
        "c102": {
            "x": 5.0,
            "y": 29.5,
            "demand": 17.0
        },
        "c103": {
            "x": 8.7,
            "y": 24.200001,
            "demand": 13.0
        },
        "c104": {
            "x": 15.1,
            "y": 32.5,
            "demand": 14.0
        },
        "c105": {
            "x": 7.2,
            "y": 38.599998,
            "demand": 18.0
        },
        "c106": {
            "x": 5.4,
            "y": 26.9,
            "demand": 14.0
        },
        "c107": {
            "x": 11.7,
            "y": 29.1,
            "demand": 18.0
        },
        "c108": {
            "x": 8.7,
            "y": 35.799999,
            "demand": 10.0
        },
        "c109": {
            "x": 12.1,
            "y": 32.299999,
            "demand": 14.0
        },
        "c110": {
            "x": 16.299999,
            "y": 27.700001,
            "demand": 16.0
        },
        "c111": {
            "x": 8.2,
            "y": 29.299999,
            "demand": 12.0
        },
        "c112": {
            "x": 8.7,
            "y": 26.200001,
            "demand": 14.0
        },
        "c113": {
            "x": 15.6,
            "y": 31.0,
            "demand": 16.0
        },
        "c114": {
            "x": 8.4,
            "y": 33.5,
            "demand": 12.0
        },
        "c115": {
            "x": 18.5,
            "y": 26.5,
            "demand": 19.0
        },
        "c116": {
            "x": 10.8,
            "y": 26.700001,
            "demand": 10.0
        },
        "c117": {
            "x": 2.4,
            "y": 27.6,
            "demand": 12.0
        },
        "c118": {
            "x": 7.7,
            "y": 34.799999,
            "demand": 10.0
        },
        "c119": {
            "x": 5.0,
            "y": 23.6,
            "demand": 10.0
        },
        "c120": {
            "x": 12.2,
            "y": 37.299999,
            "demand": 15.0
        },
        "c121": {
            "x": 15.6,
            "y": 32.0,
            "demand": 19.0
        },
        "c122": {
            "x": 12.8,
            "y": 32.799999,
            "demand": 14.0
        },
        "c123": {
            "x": 12.0,
            "y": 29.200001,
            "demand": 11.0
        },
        "c124": {
            "x": 13.9,
            "y": 34.700001,
            "demand": 12.0
        },
        "c125": {
            "x": 12.2,
            "y": 36.700001,
            "demand": 13.0
        },
        "c126": {
            "x": 15.9,
            "y": 37.0,
            "demand": 11.0
        },
        "c127": {
            "x": 6.0,
            "y": 27.799999,
            "demand": 11.0
        },
        "c128": {
            "x": 7.9,
            "y": 26.200001,
            "demand": 20.0
        },
        "c129": {
            "x": 8.4,
            "y": 33.700001,
            "demand": 10.0
        },
        "c130": {
            "x": 18.0,
            "y": 22.299999,
            "demand": 14.0
        },
        "c131": {
            "x": 10.6,
            "y": 22.9,
            "demand": 20.0
        },
        "c132": {
            "x": 8.5,
            "y": 22.4,
            "demand": 19.0
        },
        "c133": {
            "x": 8.0,
            "y": 30.4,
            "demand": 14.0
        },
        "c134": {
            "x": 18.6,
            "y": 30.5,
            "demand": 15.0
        },
        "c135": {
            "x": 17.5,
            "y": 36.299999,
            "demand": 12.0
        },
        "c136": {
            "x": 9.2,
            "y": 22.9,
            "demand": 13.0
        },
        "c137": {
            "x": 3.6,
            "y": 31.9,
            "demand": 19.0
        },
        "c138": {
            "x": 7.0,
            "y": 35.900002,
            "demand": 19.0
        },
        "c139": {
            "x": 3.6,
            "y": 29.5,
            "demand": 16.0
        },
        "c140": {
            "x": 9.5,
            "y": 29.0,
            "demand": 19.0
        },
        "c141": {
            "x": 18.5,
            "y": 26.200001,
            "demand": 11.0
        },
        "c142": {
            "x": 13.8,
            "y": 35.599998,
            "demand": 11.0
        },
        "c143": {
            "x": 91.099998,
            "y": 75.599998,
            "demand": 10.0
        },
        "c144": {
            "x": 87.400002,
            "y": 83.5,
            "demand": 10.0
        },
        "c145": {
            "x": 99.900002,
            "y": 86.300003,
            "demand": 14.0
        },
        "c146": {
            "x": 97.5,
            "y": 81.5,
            "demand": 13.0
        },
        "c147": {
            "x": 94.099998,
            "y": 74.099998,
            "demand": 19.0
        },
        "c148": {
            "x": 92.099998,
            "y": 87.0,
            "demand": 17.0
        },
        "c149": {
            "x": 97.699997,
            "y": 80.099998,
            "demand": 10.0
        },
        "c150": {
            "x": 87.199997,
            "y": 78.699997,
            "demand": 10.0
        },
        "c151": {
            "x": 89.0,
            "y": 90.599998,
            "demand": 15.0
        },
        "c152": {
            "x": 97.099998,
            "y": 79.599998,
            "demand": 10.0
        },
        "c153": {
            "x": 99.900002,
            "y": 81.199997,
            "demand": 11.0
        },
        "c154": {
            "x": 97.800003,
            "y": 78.599998,
            "demand": 10.0
        },
        "c155": {
            "x": 94.400002,
            "y": 75.199997,
            "demand": 20.0
        },
        "c156": {
            "x": 97.5,
            "y": 76.5,
            "demand": 10.0
        },
        "c157": {
            "x": 98.400002,
            "y": 82.0,
            "demand": 18.0
        },
        "c158": {
            "x": 93.400002,
            "y": 87.800003,
            "demand": 10.0
        },
        "c159": {
            "x": 86.400002,
            "y": 79.300003,
            "demand": 17.0
        },
        "c160": {
            "x": 93.099998,
            "y": 75.5,
            "demand": 15.0
        },
        "c161": {
            "x": 91.800003,
            "y": 85.199997,
            "demand": 18.0
        },
        "c162": {
            "x": 93.099998,
            "y": 82.599998,
            "demand": 16.0
        },
        "c163": {
            "x": 97.199997,
            "y": 75.599998,
            "demand": 18.0
        },
        "c164": {
            "x": 90.0,
            "y": 83.699997,
            "demand": 17.0
        },
        "c165": {
            "x": 93.900002,
            "y": 77.0,
            "demand": 14.0
        },
        "c166": {
            "x": 97.400002,
            "y": 81.300003,
            "demand": 15.0
        },
        "c167": {
            "x": 96.599998,
            "y": 78.800003,
            "demand": 17.0
        },
        "c168": {
            "x": 90.699997,
            "y": 74.800003,
            "demand": 11.0
        },
        "c169": {
            "x": 86.599998,
            "y": 81.099998,
            "demand": 11.0
        },
        "c170": {
            "x": 86.5,
            "y": 82.199997,
            "demand": 18.0
        },
        "c171": {
            "x": 90.300003,
            "y": 77.300003,
            "demand": 16.0
        },
        "c172": {
            "x": 99.900002,
            "y": 76.199997,
            "demand": 18.0
        },
        "c173": {
            "x": 92.800003,
            "y": 78.900002,
            "demand": 17.0
        },
        "c174": {
            "x": 85.5,
            "y": 83.599998,
            "demand": 13.0
        },
        "c175": {
            "x": 90.0,
            "y": 75.400002,
            "demand": 17.0
        },
        "c176": {
            "x": 96.300003,
            "y": 78.699997,
            "demand": 15.0
        },
        "c177": {
            "x": 85.5,
            "y": 75.900002,
            "demand": 10.0
        },
        "c178": {
            "x": 86.5,
            "y": 76.699997,
            "demand": 16.0
        },
        "c179": {
            "x": 86.800003,
            "y": 90.199997,
            "demand": 17.0
        },
        "c180": {
            "x": 92.5,
            "y": 78.800003,
            "demand": 17.0
        },
        "c181": {
            "x": 99.900002,
            "y": 76.199997,
            "demand": 17.0
        },
        "c182": {
            "x": 99.900002,
            "y": 76.300003,
            "demand": 15.0
        },
        "c183": {
            "x": 93.199997,
            "y": 77.5,
            "demand": 16.0
        },
        "c184": {
            "x": 97.900002,
            "y": 79.0,
            "demand": 11.0
        },
        "c185": {
            "x": 98.599998,
            "y": 83.0,
            "demand": 19.0
        },
        "c186": {
            "x": 97.300003,
            "y": 90.5,
            "demand": 18.0
        },
        "c187": {
            "x": 92.900002,
            "y": 81.0,
            "demand": 20.0
        },
        "c188": {
            "x": 91.699997,
            "y": 77.400002,
            "demand": 17.0
        },
        "c189": {
            "x": 95.599998,
            "y": 75.800003,
            "demand": 13.0
        },
        "c190": {
            "x": 96.400002,
            "y": 76.300003,
            "demand": 18.0
        },
        "c191": {
            "x": 88.5,
            "y": 90.5,
            "demand": 15.0
        },
        "c192": {
            "x": 99.900002,
            "y": 77.199997,
            "demand": 20.0
        },
        "c193": {
            "x": 99.900002,
            "y": 84.699997,
            "demand": 17.0
        },
        "c194": {
            "x": 92.300003,
            "y": 76.199997,
            "demand": 14.0
        },
        "c195": {
            "x": 99.5,
            "y": 74.599998,
            "demand": 14.0
        },
        "c196": {
            "x": 97.699997,
            "y": 89.599998,
            "demand": 17.0
        },
        "c197": {
            "x": 91.800003,
            "y": 80.0,
            "demand": 14.0
        },
        "c198": {
            "x": 99.900002,
            "y": 77.900002,
            "demand": 15.0
        },
        "c199": {
            "x": 97.199997,
            "y": 81.400002,
            "demand": 18.0
        }
    },
    "depots": {
        "d0": {
            "x": 37.299999,
            "y": 52.700001,
            "capacity": 6096.0,
            "opening_cost": 100.0
        },
        "d1": {
            "x": 5.8,
            "y": 5.0,
            "capacity": 6096.0,
            "opening_cost": 100.0
        },
        "d2": {
            "x": 11.2,
            "y": 0.9,
            "capacity": 6096.0,
            "opening_cost": 100.0
        },
        "d3": {
            "x": 99.300003,
            "y": 35.299999,
            "capacity": 6096.0,
            "opening_cost": 100.0
        },
        "d4": {
            "x": 97.400002,
            "y": 26.1,
            "capacity": 6096.0,
            "opening_cost": 100.0
        },
        "d5": {
            "x": 53.5,
            "y": 89.400002,
            "capacity": 6096.0,
            "opening_cost": 100.0
        },
        "d6": {
            "x": 18.4,
            "y": 20.6,
            "capacity": 6096.0,
            "opening_cost": 100.0
        },
        "d7": {
            "x": 23.4,
            "y": 45.099998,
            "capacity": 6096.0,
            "opening_cost": 100.0
        },
        "d8": {
            "x": 10.2,
            "y": 84.199997,
            "capacity": 6096.0,
            "opening_cost": 100.0
        },
        "d9": {
            "x": 59.400002,
            "y": 1.2,
            "capacity": 6096.0,
            "opening_cost": 100.0
        }
    },
    "meta_data": {
        "nb_customers": 200,
        "nb_depots": 10,
        "vehicle_cap": 150.0,
        "vehicle_cost": 10.0,
        "cost_type": 1.0
    }
}