{
    "customers": {
        "c0": {
            "x": 86.199997,
            "y": 4.7,
            "demand": 14.0
        },
        "c1": {
            "x": 60.599998,
            "y": 69.800003,
            "demand": 15.0
        },
        "c2": {
            "x": 38.0,
            "y": 10.6,
            "demand": 14.0
        },
        "c3": {
            "x": 77.199997,
            "y": 84.099998,
            "demand": 17.0
        },
        "c4": {
            "x": 30.0,
            "y": 16.9,
            "demand": 15.0
        },
        "c5": {
            "x": 83.300003,
            "y": 57.400002,
            "demand": 11.0
        },
        "c6": {
            "x": 55.0,
            "y": 63.5,
            "demand": 11.0
        },
        "c7": {
            "x": 49.400002,
            "y": 67.900002,
            "demand": 17.0
        },
        "c8": {
            "x": 48.0,
            "y": 71.300003,
            "demand": 11.0
        },
        "c9": {
            "x": 59.900002,
            "y": 64.900002,
            "demand": 13.0
        },
        "c10": {
            "x": 56.200001,
            "y": 71.400002,
            "demand": 18.0
        },
        "c11": {
            "x": 51.200001,
            "y": 70.699997,
            "demand": 11.0
        },
        "c12": {
            "x": 53.700001,
            "y": 58.5,
            "demand": 16.0
        },
        "c13": {
            "x": 58.5,
            "y": 71.900002,
            "demand": 12.0
        },
        "c14": {
            "x": 45.599998,
            "y": 70.900002,
            "demand": 12.0
        },
        "c15": {
            "x": 51.700001,
            "y": 69.300003,
            "demand": 12.0
        },
        "c16": {
            "x": 50.799999,
            "y": 62.099998,
            "demand": 10.0
        },
        "c17": {
            "x": 61.5,
            "y": 66.199997,
            "demand": 13.0
        },
        "c18": {
            "x": 48.200001,
            "y": 60.400002,
            "demand": 18.0
        },
        "c19": {
            "x": 52.400002,
            "y": 59.400002,
            "demand": 15.0
        },
        "c20": {
            "x": 52.400002,
            "y": 58.299999,
            "demand": 18.0
        },
        "c21": {
            "x": 47.0,
            "y": 59.200001,
            "demand": 16.0
        },
        "c22": {
            "x": 59.5,
            "y": 60.099998,
            "demand": 20.0
        },
        "c23": {
            "x": 60.0,
            "y": 67.5,
            "demand": 15.0
        },
        "c24": {
            "x": 56.400002,
            "y": 64.800003,
            "demand": 19.0
        },
        "c25": {
            "x": 59.099998,
            "y": 70.699997,
            "demand": 19.0
        },
        "c26": {
            "x": 53.5,
            "y": 61.0,
            "demand": 13.0
        },
        "c27": {
            "x": 45.900002,
            "y": 70.599998,
            "demand": 12.0
        },
        "c28": {
            "x": 50.599998,
            "y": 59.799999,
            "demand": 12.0
        },
        "c29": {
            "x": 52.700001,
            "y": 68.599998,
            "demand": 11.0
        },
        "c30": {
            "x": 54.400002,
            "y": 63.400002,
            "demand": 13.0
        },
        "c31": {
            "x": 48.200001,
            "y": 70.099998,
            "demand": 17.0
        },
        "c32": {
            "x": 44.799999,
            "y": 69.300003,
            "demand": 11.0
        },
        "c33": {
            "x": 50.099998,
            "y": 64.5,
            "demand": 17.0
        },
        "c34": {
            "x": 57.400002,
            "y": 71.199997,
            "demand": 11.0
        },
        "c35": {
            "x": 47.200001,
            "y": 57.900002,
            "demand": 20.0
        },
        "c36": {
            "x": 61.799999,
            "y": 64.599998,
            "demand": 16.0
        },
        "c37": {
            "x": 53.900002,
            "y": 60.599998,
            "demand": 15.0
        },
        "c38": {
            "x": 45.299999,
            "y": 65.199997,
            "demand": 13.0
        },
        "c39": {
            "x": 52.700001,
            "y": 70.099998,
            "demand": 18.0
        },
        "c40": {
            "x": 56.799999,
            "y": 71.0,
            "demand": 12.0
        },
        "c41": {
            "x": 54.200001,
            "y": 60.299999,
            "demand": 18.0
        },
        "c42": {
            "x": 61.599998,
            "y": 73.099998,
            "demand": 13.0
        },
        "c43": {
            "x": 54.599998,
            "y": 59.200001,
            "demand": 18.0
        },
        "c44": {
            "x": 49.700001,
            "y": 68.199997,
            "demand": 16.0
        },
        "c45": {
            "x": 54.299999,
            "y": 70.0,
            "demand": 20.0
        },
        "c46": {
            "x": 54.0,
            "y": 65.599998,
            "demand": 12.0
        },
        "c47": {
            "x": 52.299999,
            "y": 65.400002,
            "demand": 20.0
        },
        "c48": {
            "x": 60.099998,
            "y": 62.900002,
            "demand": 20.0
        },
        "c49": {
            "x": 59.299999,
            "y": 67.800003,
            "demand": 13.0
        },
        "c50": {
            "x": 55.799999,
            "y": 62.700001,
            "demand": 15.0
        },
        "c51": {
            "x": 49.799999,
            "y": 61.200001,
            "demand": 11.0
        },
        "c52": {
            "x": 46.299999,
            "y": 57.5,
            "demand": 18.0
        },
        "c53": {
            "x": 58.5,
            "y": 59.5,
            "demand": 13.0
        },
        "c54": {
            "x": 49.400002,
            "y": 63.099998,
            "demand": 10.0
        },
        "c55": {
            "x": 53.400002,
            "y": 61.700001,
            "demand": 17.0
        },
        "c56": {
            "x": 55.200001,
            "y": 61.900002,
            "demand": 18.0
        },
        "c57": {
            "x": 58.700001,
            "y": 72.599998,
            "demand": 17.0
        },
        "c58": {
            "x": 50.900002,
            "y": 61.200001,
            "demand": 13.0
        },
        "c59": {
            "x": 45.5,
            "y": 62.299999,
            "demand": 18.0
        },
        "c60": {
            "x": 59.099998,
            "y": 63.099998,
            "demand": 18.0
        },
        "c61": {
            "x": 53.5,
            "y": 66.800003,
            "demand": 13.0
        },
        "c62": {
            "x": 46.400002,
            "y": 66.099998,
            "demand": 10.0
        },
        "c63": {
            "x": 60.299999,
            "y": 65.599998,
            "demand": 13.0
        },
        "c64": {
            "x": 61.0,
            "y": 65.199997,
            "demand": 16.0
        },
        "c65": {
            "x": 58.0,
            "y": 62.799999,
            "demand": 10.0
        },
        "c66": {
            "x": 57.299999,
            "y": 70.900002,
            "demand": 10.0
        },
        "c67": {
            "x": 61.900002,
            "y": 71.400002,
            "demand": 13.0
        },
        "c68": {
            "x": 56.299999,
            "y": 68.0,
            "demand": 19.0
        },
        "c69": {
            "x": 49.799999,
            "y": 68.800003,
            "demand": 18.0
        },
        "c70": {
            "x": 58.0,
            "y": 73.599998,
            "demand": 12.0
        },
        "c71": {
            "x": 53.599998,
            "y": 58.5,
            "demand": 18.0
        },
        "c72": {
            "x": 52.099998,
            "y": 14.2,
            "demand": 15.0
        },
        "c73": {
            "x": 41.0,
            "y": 20.0,
            "demand": 15.0
        },
        "c74": {
            "x": 40.5,
            "y": 11.2,
            "demand": 15.0
        },
        "c75": {
            "x": 50.900002,
            "y": 6.3,
            "demand": 17.0
        },
        "c76": {
            "x": 39.200001,
            "y": 17.1,
            "demand": 19.0
        },
        "c77": {
            "x": 52.200001,
            "y": 6.7,
            "demand": 16.0
        },
        "c78": {
            "x": 52.200001,
            "y": 16.6,
            "demand": 19.0
        },
        "c79": {
            "x": 49.799999,
            "y": 17.700001,
            "demand": 10.0
        },
        "c80": {
            "x": 51.700001,
            "y": 8.2,
            "demand": 10.0
        },
        "c81": {
            "x": 55.099998,
            "y": 13.0,
            "demand": 16.0
        },
        "c82": {
            "x": 46.799999,
            "y": 6.0,
            "demand": 14.0
        },
        "c83": {
            "x": 49.099998,
            "y": 18.700001,
            "demand": 12.0
        },
        "c84": {
            "x": 54.400002,
            "y": 22.799999,
            "demand": 13.0
        },
        "c85": {
            "x": 45.200001,
            "y": 9.9,
            "demand": 16.0
        },
        "c86": {
            "x": 46.299999,
            "y": 8.4,
            "demand": 11.0
        },
        "c87": {
            "x": 43.0,
            "y": 5.8,
            "demand": 11.0
        },
        "c88": {
            "x": 55.0,
            "y": 19.200001,
            "demand": 17.0
        },
        "c89": {
            "x": 42.299999,
            "y": 19.200001,
            "demand": 20.0
        },
        "c90": {
            "x": 48.200001,
            "y": 11.6,
            "demand": 19.0
        },
        "c91": {
            "x": 43.700001,
            "y": 18.200001,
            "demand": 10.0
        },
        "c92": {
            "x": 39.0,
            "y": 16.1,
            "demand": 17.0
        },
        "c93": {
            "x": 53.900002,
            "y": 16.6,
            "demand": 19.0
        },
        "c94": {
            "x": 50.099998,
            "y": 20.299999,
            "demand": 20.0
        },
        "c95": {
            "x": 55.5,
            "y": 13.7,
            "demand": 17.0
        },
        "c96": {
            "x": 51.599998,
            "y": 17.1,
            "demand": 12.0
        },
        "c97": {
            "x": 38.599998,
            "y": 10.7,
            "demand": 10.0
        },
        "c98": {
            "x": 40.700001,
            "y": 17.799999,
            "demand": 16.0
        },
        "c99": {
            "x": 48.599998,
            "y": 9.4,
            "demand": 18.0
        },
        "c100": {
            "x": 39.599998,
            "y": 5.5,
            "demand": 19.0
        },
        "c101": {
            "x": 41.099998,
            "y": 22.6,
            "demand": 14.0
        },
        "c102": {
            "x": 44.799999,
            "y": 13.3,
            "demand": 15.0
        },
        "c103": {
            "x": 51.700001,
            "y": 11.5,
            "demand": 10.0
        },
        "c104": {
            "x": 52.900002,
            "y": 10.5,
            "demand": 15.0
        },
        "c105": {
            "x": 49.799999,
            "y": 6.9,
            "demand": 15.0
        },
        "c106": {
            "x": 51.400002,
            "y": 11.8,
            "demand": 17.0
        },
        "c107": {
            "x": 54.0,
            "y": 20.0,
            "demand": 15.0
        },
        "c108": {
            "x": 47.900002,
            "y": 17.799999,
            "demand": 19.0
        },
        "c109": {
            "x": 41.200001,
            "y": 14.6,
            "demand": 13.0
        },
        "c110": {
            "x": 53.900002,
            "y": 10.3,
            "demand": 11.0
        },
        "c111": {
            "x": 55.5,
            "y": 7.9,
            "demand": 16.0
        },
        "c112": {
            "x": 43.5,
            "y": 8.3,
            "demand": 16.0
        },
        "c113": {
            "x": 43.5,
            "y": 15.6,
            "demand": 13.0
        },
        "c114": {
            "x": 50.5,
            "y": 10.0,
            "demand": 10.0
        },
        "c115": {
            "x": 41.599998,
            "y": 11.3,
            "demand": 13.0
        },
        "c116": {
            "x": 46.0,
            "y": 19.799999,
            "demand": 14.0
        },
        "c117": {
            "x": 47.0,
            "y": 15.5,
            "demand": 10.0
        },
        "c118": {
            "x": 42.400002,
            "y": 19.6,
            "demand": 14.0
        },
        "c119": {
            "x": 52.400002,
            "y": 19.4,
            "demand": 16.0
        },
        "c120": {
            "x": 43.400002,
            "y": 14.9,
            "demand": 11.0
        },
        "c121": {
            "x": 50.799999,
            "y": 15.1,
            "demand": 18.0
        },
        "c122": {
            "x": 52.200001,
            "y": 6.3,
            "demand": 11.0
        },
        "c123": {
            "x": 42.0,
            "y": 16.799999,
            "demand": 11.0
        },
        "c124": {
            "x": 41.400002,
            "y": 14.5,
            "demand": 13.0
        },
        "c125": {
            "x": 48.299999,
            "y": 22.5,
            "demand": 13.0
        },
        "c126": {
            "x": 47.099998,
            "y": 22.6,
            "demand": 15.0
        },
        "c127": {
            "x": 45.900002,
            "y": 9.5,
            "demand": 19.0
        },
        "c128": {
            "x": 50.900002,
            "y": 19.299999,
            "demand": 15.0
        },
        "c129": {
            "x": 45.200001,
            "y": 20.5,
            "demand": 15.0
        },
        "c130": {
            "x": 41.400002,
            "y": 13.6,
            "demand": 17.0
        },
        "c131": {
            "x": 39.900002,
            "y": 14.5,
            "demand": 16.0
        },
        "c132": {
            "x": 43.5,
            "y": 14.6,
            "demand": 20.0
        },
        "c133": {
            "x": 46.200001,
            "y": 10.8,
            "demand": 18.0
        },
        "c134": {
            "x": 48.200001,
            "y": 8.6,
            "demand": 11.0
        },
        "c135": {
            "x": 42.900002,
            "y": 11.9,
            "demand": 18.0
        },
        "c136": {
            "x": 54.5,
            "y": 6.4,
            "demand": 20.0
        },
        "c137": {
            "x": 51.599998,
            "y": 17.299999,
            "demand": 16.0
        },
        "c138": {
            "x": 51.400002,
            "y": 15.2,
            "demand": 15.0
        },
        "c139": {
            "x": 47.700001,
            "y": 8.7,
            "demand": 16.0
        },
        "c140": {
            "x": 40.799999,
            "y": 13.4,
            "demand": 14.0
        },
        "c141": {
            "x": 46.900002,
            "y": 16.799999,
            "demand": 20.0
        },
        "c142": {
            "x": 43.299999,
            "y": 5.8,
            "demand": 15.0
        },
        "c143": {
            "x": 79.800003,
            "y": 32.099998,
            "demand": 11.0
        },
        "c144": {
            "x": 87.099998,
            "y": 38.700001,
            "demand": 14.0
        },
        "c145": {
            "x": 85.0,
            "y": 42.900002,
            "demand": 15.0
        },
        "c146": {
            "x": 85.199997,
            "y": 42.599998,
            "demand": 13.0
        },
        "c147": {
            "x": 87.800003,
            "y": 37.700001,
            "demand": 14.0
        },
        "c148": {
            "x": 82.300003,
            "y": 28.200001,
            "demand": 16.0
        },
        "c149": {
            "x": 77.800003,
            "y": 28.4,
            "demand": 11.0
        },
        "c150": {
            "x": 88.300003,
            "y": 35.299999,
            "demand": 14.0
        },
        "c151": {
            "x": 88.400002,
            "y": 41.099998,
            "demand": 12.0
        },
        "c152": {
            "x": 77.199997,
            "y": 32.099998,
            "demand": 11.0
        },
        "c153": {
            "x": 73.900002,
            "y": 26.0,
            "demand": 10.0
        },
        "c154": {
            "x": 86.5,
            "y": 38.0,
            "demand": 20.0
        },
        "c155": {
            "x": 76.5,
            "y": 36.900002,
            "demand": 19.0
        },
        "c156": {
            "x": 89.800003,
            "y": 29.1,
            "demand": 17.0
        },
        "c157": {
            "x": 74.800003,
            "y": 40.5,
            "demand": 16.0
        },
        "c158": {
            "x": 74.699997,
            "y": 28.200001,
            "demand": 16.0
        },
        "c159": {
            "x": 78.0,
            "y": 33.599998,
            "demand": 13.0
        },
        "c160": {
            "x": 79.5,
            "y": 39.5,
            "demand": 15.0
        },
        "c161": {
            "x": 90.0,
            "y": 34.099998,
            "demand": 13.0
        },
        "c162": {
            "x": 87.400002,
            "y": 36.099998,
            "demand": 12.0
        },
        "c163": {
            "x": 86.400002,
            "y": 26.5,
            "demand": 14.0
        },
        "c164": {
            "x": 84.699997,
            "y": 28.4,
            "demand": 14.0
        },
        "c165": {
            "x": 84.900002,
            "y": 41.5,
            "demand": 16.0
        },
        "c166": {
            "x": 82.300003,
            "y": 30.9,
            "demand": 16.0
        },
        "c167": {
            "x": 81.599998,
            "y": 26.299999,
            "demand": 16.0
        },
        "c168": {
            "x": 88.900002,
            "y": 36.599998,
            "demand": 19.0
        },
        "c169": {
            "x": 90.900002,
            "y": 29.299999,
            "demand": 10.0
        },
        "c170": {
            "x": 75.0,
            "y": 27.9,
            "demand": 14.0
        },
        "c171": {
            "x": 86.599998,
            "y": 28.1,
            "demand": 15.0
        },
        "c172": {
            "x": 78.599998,
            "y": 39.299999,
            "demand": 14.0
        },
        "c173": {
            "x": 83.699997,
            "y": 37.5,
            "demand": 15.0
        },
        "c174": {
            "x": 84.099998,
            "y": 29.700001,
            "demand": 18.0
        },
        "c175": {
            "x": 77.0,
            "y": 34.099998,
            "demand": 12.0
        },
        "c176": {
            "x": 88.099998,
            "y": 29.6,
            "demand": 14.0
        },
        "c177": {
            "x": 81.800003,
            "y": 28.700001,
            "demand": 10.0
        },
        "c178": {
            "x": 80.400002,
            "y": 34.299999,
            "demand": 15.0
        },
        "c179": {
            "x": 84.699997,
            "y": 26.200001,
            "demand": 14.0
        },
        "c180": {
            "x": 79.199997,
            "y": 34.599998,
            "demand": 10.0
        },
        "c181": {
            "x": 76.900002,
            "y": 34.400002,
            "demand": 17.0
        },
        "c182": {
            "x": 75.5,
            "y": 34.0,
            "demand": 11.0
        },
        "c183": {
            "x": 85.800003,
            "y": 26.4,
            "demand": 16.0
        },
        "c184": {
            "x": 79.5,
            "y": 39.200001,
            "demand": 13.0
        },
        "c185": {
            "x": 88.900002,
            "y": 34.299999,
            "demand": 10.0
        },
        "c186": {
            "x": 76.0,
            "y": 39.700001,
            "demand": 11.0
        },
        "c187": {
            "x": 89.900002,
            "y": 41.799999,
            "demand": 20.0
        },
        "c188": {
            "x": 90.900002,
            "y": 34.799999,
            "demand": 13.0
        },
        "c189": {
            "x": 78.5,
            "y": 32.299999,
            "demand": 12.0
        },
        "c190": {
            "x": 77.699997,
            "y": 42.900002,
            "demand": 15.0
        },
        "c191": {
            "x": 87.0,
            "y": 42.099998,
            "demand": 14.0
        },
        "c192": {
            "x": 86.400002,
            "y": 27.5,
            "demand": 12.0
        },
        "c193": {
            "x": 80.900002,
            "y": 27.6,
            "demand": 20.0
        },
        "c194": {
            "x": 75.400002,
            "y": 33.799999,
            "demand": 13.0
        },
        "c195": {
            "x": 75.0,
            "y": 39.900002,
            "demand": 16.0
        },
        "c196": {
            "x": 88.300003,
            "y": 32.200001,
            "demand": 17.0
        },
        "c197": {
            "x": 74.300003,
            "y": 26.200001,
            "demand": 11.0
        },
        "c198": {
            "x": 85.599998,
            "y": 27.6,
            "demand": 15.0
        },
        "c199": {
            "x": 85.400002,
            "y": 34.900002,
            "demand": 14.0
        }
    },
    "depots": {
        "d0": {
            "x": 30.0,
            "y": 8.7,
            "capacity": 5874.0,
            "opening_cost": 100.0
        },
        "d1": {
            "x": 45.799999,
            "y": 63.700001,
            "capacity": 5874.0,
            "opening_cost": 100.0
        },
        "d2": {
            "x": 60.200001,
            "y": 91.900002,
            "capacity": 5874.0,
            "opening_cost": 100.0
        },
        "d3": {
            "x": 82.0,
            "y": 70.300003,
            "capacity": 5874.0,
            "opening_cost": 100.0
        },
        "d4": {
            "x": 41.900002,
            "y": 85.300003,
            "capacity": 5874.0,
            "opening_cost": 100.0
        },
        "d5": {
            "x": 97.599998,
            "y": 64.400002,
            "capacity": 5874.0,
            "opening_cost": 100.0
        },
        "d6": {
            "x": 28.4,
            "y": 60.099998,
            "capacity": 5874.0,
            "opening_cost": 100.0
        },
        "d7": {
            "x": 53.299999,
            "y": 30.6,
            "capacity": 5874.0,
            "opening_cost": 100.0
        },
        "d8": {
            "x": 49.799999,
            "y": 65.699997,
            "capacity": 5874.0,
            "opening_cost": 100.0
        },
        "d9": {
            "x": 5.6,
            "y": 51.299999,
            "capacity": 5874.0,
            "opening_cost": 100.0
        }
    },
    "meta_data": {
        "nb_customers": 200,
        "nb_depots": 10,
        "vehicle_cap": 150.0,
        "vehicle_cost": 10.0,
        "cost_type": 1.0
    }
}