{
    "customers": {
        "c0": {
            "x": 11.8,
            "y": 27.4,
            "demand": 18.0
        },
        "c1": {
            "x": 11.8,
            "y": 31.700001,
            "demand": 13.0
        },
        "c2": {
            "x": 7.0,
            "y": 31.9,
            "demand": 13.0
        },
        "c3": {
            "x": 2.2,
            "y": 21.700001,
            "demand": 14.0
        },
        "c4": {
            "x": 8.2,
            "y": 32.5,
            "demand": 16.0
        },
        "c5": {
            "x": 12.9,
            "y": 23.799999,
            "demand": 17.0
        },
        "c6": {
            "x": 11.8,
            "y": 23.9,
            "demand": 15.0
        },
        "c7": {
            "x": 6.1,
            "y": 27.6,
            "demand": 10.0
        },
        "c8": {
            "x": 6.5,
            "y": 27.9,
            "demand": 11.0
        },
        "c9": {
            "x": 3.5,
            "y": 26.4,
            "demand": 20.0
        },
        "c10": {
            "x": 11.2,
            "y": 31.299999,
            "demand": 15.0
        },
        "c11": {
            "x": 4.0,
            "y": 30.700001,
            "demand": 13.0
        },
        "c12": {
            "x": 8.9,
            "y": 22.799999,
            "demand": 15.0
        },
        "c13": {
            "x": 10.8,
            "y": 25.1,
            "demand": 20.0
        },
        "c14": {
            "x": 10.2,
            "y": 30.1,
            "demand": 20.0
        },
        "c15": {
            "x": 9.4,
            "y": 31.9,
            "demand": 20.0
        },
        "c16": {
            "x": 9.4,
            "y": 23.200001,
            "demand": 17.0
        },
        "c17": {
            "x": 6.3,
            "y": 23.200001,
            "demand": 18.0
        },
        "c18": {
            "x": 5.7,
            "y": 20.6,
            "demand": 10.0
        },
        "c19": {
            "x": 6.1,
            "y": 21.1,
            "demand": 10.0
        },
        "c20": {
            "x": 1.2,
            "y": 29.299999,
            "demand": 20.0
        },
        "c21": {
            "x": 10.0,
            "y": 30.4,
            "demand": 11.0
        },
        "c22": {
            "x": 11.4,
            "y": 29.0,
            "demand": 16.0
        },
        "c23": {
            "x": 3.4,
            "y": 31.700001,
            "demand": 20.0
        },
        "c24": {
            "x": 4.3,
            "y": 30.9,
            "demand": 15.0
        },
        "c25": {
            "x": 0.7,
            "y": 25.0,
            "demand": 16.0
        },
        "c26": {
            "x": 6.4,
            "y": 28.6,
            "demand": 13.0
        },
        "c27": {
            "x": 2.5,
            "y": 29.4,
            "demand": 16.0
        },
        "c28": {
            "x": 2.8,
            "y": 29.200001,
            "demand": 15.0
        },
        "c29": {
            "x": 3.2,
            "y": 25.0,
            "demand": 14.0
        },
        "c30": {
            "x": 0.1,
            "y": 30.1,
            "demand": 14.0
        },
        "c31": {
            "x": 0.6,
            "y": 20.1,
            "demand": 13.0
        },
        "c32": {
            "x": 9.0,
            "y": 26.1,
            "demand": 14.0
        },
        "c33": {
            "x": 10.9,
            "y": 22.1,
            "demand": 20.0
        },
        "c34": {
            "x": 8.6,
            "y": 31.9,
            "demand": 20.0
        },
        "c35": {
            "x": 4.1,
            "y": 22.5,
            "demand": 20.0
        },
        "c36": {
            "x": 3.6,
            "y": 28.700001,
            "demand": 18.0
        },
        "c37": {
            "x": 3.1,
            "y": 22.5,
            "demand": 19.0
        },
        "c38": {
            "x": 8.9,
            "y": 32.0,
            "demand": 15.0
        },
        "c39": {
            "x": 9.3,
            "y": 24.700001,
            "demand": 10.0
        },
        "c40": {
            "x": 12.6,
            "y": 32.200001,
            "demand": 12.0
        },
        "c41": {
            "x": 8.8,
            "y": 21.9,
            "demand": 14.0
        },
        "c42": {
            "x": 2.3,
            "y": 29.4,
            "demand": 18.0
        },
        "c43": {
            "x": 25.799999,
            "y": 51.5,
            "demand": 15.0
        },
        "c44": {
            "x": 23.0,
            "y": 47.099998,
            "demand": 19.0
        },
        "c45": {
            "x": 24.5,
            "y": 46.700001,
            "demand": 16.0
        },
        "c46": {
            "x": 32.099998,
            "y": 58.5,
            "demand": 12.0
        },
        "c47": {
            "x": 24.4,
            "y": 53.0,
            "demand": 17.0
        },
        "c48": {
            "x": 29.1,
            "y": 54.099998,
            "demand": 20.0
        },
        "c49": {
            "x": 24.700001,
            "y": 57.0,
            "demand": 17.0
        },
        "c50": {
            "x": 31.0,
            "y": 50.200001,
            "demand": 11.0
        },
        "c51": {
            "x": 19.200001,
            "y": 46.599998,
            "demand": 16.0
        },
        "c52": {
            "x": 32.0,
            "y": 50.200001,
            "demand": 16.0
        },
        "c53": {
            "x": 21.4,
            "y": 46.400002,
            "demand": 12.0
        },
        "c54": {
            "x": 23.6,
            "y": 56.200001,
            "demand": 18.0
        },
        "c55": {
            "x": 31.799999,
            "y": 51.0,
            "demand": 19.0
        },
        "c56": {
            "x": 21.6,
            "y": 46.599998,
            "demand": 10.0
        },
        "c57": {
            "x": 27.299999,
            "y": 52.099998,
            "demand": 16.0
        },
        "c58": {
            "x": 31.700001,
            "y": 51.400002,
            "demand": 10.0
        },
        "c59": {
            "x": 26.0,
            "y": 49.799999,
            "demand": 13.0
        },
        "c60": {
            "x": 25.700001,
            "y": 47.5,
            "demand": 15.0
        },
        "c61": {
            "x": 28.200001,
            "y": 56.799999,
            "demand": 11.0
        },
        "c62": {
            "x": 24.4,
            "y": 51.200001,
            "demand": 16.0
        },
        "c63": {
            "x": 28.200001,
            "y": 58.599998,
            "demand": 20.0
        },
        "c64": {
            "x": 28.5,
            "y": 53.299999,
            "demand": 13.0
        },
        "c65": {
            "x": 32.200001,
            "y": 53.0,
            "demand": 11.0
        },
        "c66": {
            "x": 24.5,
            "y": 56.799999,
            "demand": 10.0
        },
        "c67": {
            "x": 21.4,
            "y": 57.5,
            "demand": 14.0
        },
        "c68": {
            "x": 30.5,
            "y": 54.400002,
            "demand": 18.0
        },
        "c69": {
            "x": 28.200001,
            "y": 51.700001,
            "demand": 17.0
        },
        "c70": {
            "x": 20.299999,
            "y": 51.900002,
            "demand": 18.0
        },
        "c71": {
            "x": 25.700001,
            "y": 49.0,
            "demand": 16.0
        },
        "c72": {
            "x": 24.299999,
            "y": 45.799999,
            "demand": 11.0
        },
        "c73": {
            "x": 22.0,
            "y": 56.5,
            "demand": 17.0
        },
        "c74": {
            "x": 21.700001,
            "y": 46.400002,
            "demand": 12.0
        },
        "c75": {
            "x": 24.9,
            "y": 51.799999,
            "demand": 20.0
        },
        "c76": {
            "x": 24.1,
            "y": 53.299999,
            "demand": 12.0
        },
        "c77": {
            "x": 19.200001,
            "y": 51.5,
            "demand": 13.0
        },
        "c78": {
            "x": 30.9,
            "y": 53.099998,
            "demand": 14.0
        },
        "c79": {
            "x": 25.1,
            "y": 54.599998,
            "demand": 16.0
        },
        "c80": {
            "x": 27.299999,
            "y": 50.299999,
            "demand": 15.0
        },
        "c81": {
            "x": 30.4,
            "y": 52.799999,
            "demand": 13.0
        },
        "c82": {
            "x": 29.700001,
            "y": 56.599998,
            "demand": 16.0
        },
        "c83": {
            "x": 31.700001,
            "y": 46.299999,
            "demand": 15.0
        },
        "c84": {
            "x": 20.299999,
            "y": 50.200001,
            "demand": 19.0
        },
        "c85": {
            "x": 24.4,
            "y": 50.400002,
            "demand": 15.0
        },
        "c86": {
            "x": 69.5,
            "y": 57.099998,
            "demand": 10.0
        },
        "c87": {
            "x": 68.699997,
            "y": 55.0,
            "demand": 20.0
        },
        "c88": {
            "x": 66.400002,
            "y": 52.900002,
            "demand": 10.0
        },
        "c89": {
            "x": 65.400002,
            "y": 49.099998,
            "demand": 15.0
        },
        "c90": {
            "x": 73.699997,
            "y": 55.299999,
            "demand": 14.0
        },
        "c91": {
            "x": 67.400002,
            "y": 55.200001,
            "demand": 15.0
        },
        "c92": {
            "x": 67.0,
            "y": 50.700001,
            "demand": 17.0
        },
        "c93": {
            "x": 71.300003,
            "y": 55.400002,
            "demand": 16.0
        },
        "c94": {
            "x": 73.599998,
            "y": 53.700001,
            "demand": 19.0
        },
        "c95": {
            "x": 68.900002,
            "y": 60.0,
            "demand": 19.0
        },
        "c96": {
            "x": 65.0,
            "y": 58.5,
            "demand": 20.0
        },
        "c97": {
            "x": 65.900002,
            "y": 56.5,
            "demand": 17.0
        },
        "c98": {
            "x": 73.800003,
            "y": 58.299999,
            "demand": 13.0
        },
        "c99": {
            "x": 61.400002,
            "y": 56.099998,
            "demand": 15.0
        },
        "c100": {
            "x": 71.300003,
            "y": 54.0,
            "demand": 16.0
        },
        "c101": {
            "x": 68.199997,
            "y": 57.900002,
            "demand": 16.0
        },
        "c102": {
            "x": 61.099998,
            "y": 55.900002,
            "demand": 11.0
        },
        "c103": {
            "x": 66.099998,
            "y": 51.799999,
            "demand": 12.0
        },
        "c104": {
            "x": 72.599998,
            "y": 54.299999,
            "demand": 10.0
        },
        "c105": {
            "x": 68.900002,
            "y": 56.599998,
            "demand": 15.0
        },
        "c106": {
            "x": 72.800003,
            "y": 54.400002,
            "demand": 11.0
        },
        "c107": {
            "x": 65.400002,
            "y": 52.5,
            "demand": 19.0
        },
        "c108": {
            "x": 61.599998,
            "y": 49.599998,
            "demand": 13.0
        },
        "c109": {
            "x": 64.5,
            "y": 55.0,
            "demand": 10.0
        },
        "c110": {
            "x": 62.5,
            "y": 47.5,
            "demand": 17.0
        },
        "c111": {
            "x": 65.300003,
            "y": 56.799999,
            "demand": 12.0
        },
        "c112": {
            "x": 65.900002,
            "y": 53.400002,
            "demand": 18.0
        },
        "c113": {
            "x": 69.800003,
            "y": 53.900002,
            "demand": 17.0
        },
        "c114": {
            "x": 65.099998,
            "y": 59.799999,
            "demand": 18.0
        },
        "c115": {
            "x": 67.0,
            "y": 48.400002,
            "demand": 17.0
        },
        "c116": {
            "x": 61.599998,
            "y": 60.299999,
            "demand": 17.0
        },
        "c117": {
            "x": 62.200001,
            "y": 50.299999,
            "demand": 16.0
        },
        "c118": {
            "x": 70.300003,
            "y": 59.0,
            "demand": 18.0
        },
        "c119": {
            "x": 68.900002,
            "y": 54.200001,
            "demand": 16.0
        },
        "c120": {
            "x": 63.099998,
            "y": 59.400002,
            "demand": 15.0
        },
        "c121": {
            "x": 67.300003,
            "y": 49.200001,
            "demand": 19.0
        },
        "c122": {
            "x": 63.0,
            "y": 48.599998,
            "demand": 19.0
        },
        "c123": {
            "x": 68.400002,
            "y": 50.700001,
            "demand": 20.0
        },
        "c124": {
            "x": 73.099998,
            "y": 50.299999,
            "demand": 20.0
        },
        "c125": {
            "x": 72.199997,
            "y": 47.700001,
            "demand": 17.0
        },
        "c126": {
            "x": 67.400002,
            "y": 59.400002,
            "demand": 20.0
        },
        "c127": {
            "x": 66.900002,
            "y": 50.599998,
            "demand": 14.0
        },
        "c128": {
            "x": 70.0,
            "y": 52.299999,
            "demand": 18.0
        },
        "c129": {
            "x": 64.699997,
            "y": 53.5,
            "demand": 15.0
        },
        "c130": {
            "x": 62.900002,
            "y": 54.5,
            "demand": 19.0
        },
        "c131": {
            "x": 74.800003,
            "y": 96.699997,
            "demand": 19.0
        },
        "c132": {
            "x": 64.199997,
            "y": 95.400002,
            "demand": 15.0
        },
        "c133": {
            "x": 63.900002,
            "y": 89.900002,
            "demand": 16.0
        },
        "c134": {
            "x": 65.599998,
            "y": 99.900002,
            "demand": 16.0
        },
        "c135": {
            "x": 73.300003,
            "y": 90.400002,
            "demand": 20.0
        },
        "c136": {
            "x": 70.099998,
            "y": 98.599998,
            "demand": 15.0
        },
        "c137": {
            "x": 71.800003,
            "y": 96.900002,
            "demand": 10.0
        },
        "c138": {
            "x": 72.0,
            "y": 95.900002,
            "demand": 17.0
        },
        "c139": {
            "x": 71.0,
            "y": 95.800003,
            "demand": 15.0
        },
        "c140": {
            "x": 72.0,
            "y": 89.400002,
            "demand": 12.0
        },
        "c141": {
            "x": 74.800003,
            "y": 99.900002,
            "demand": 13.0
        },
        "c142": {
            "x": 75.099998,
            "y": 99.900002,
            "demand": 13.0
        },
        "c143": {
            "x": 71.699997,
            "y": 99.900002,
            "demand": 12.0
        },
        "c144": {
            "x": 71.599998,
            "y": 90.400002,
            "demand": 18.0
        },
        "c145": {
            "x": 63.900002,
            "y": 99.900002,
            "demand": 11.0
        },
        "c146": {
            "x": 72.900002,
            "y": 96.5,
            "demand": 18.0
        },
        "c147": {
            "x": 65.0,
            "y": 98.699997,
            "demand": 15.0
        },
        "c148": {
            "x": 70.900002,
            "y": 99.900002,
            "demand": 18.0
        },
        "c149": {
            "x": 65.5,
            "y": 98.900002,
            "demand": 13.0
        },
        "c150": {
            "x": 66.699997,
            "y": 89.300003,
            "demand": 12.0
        },
        "c151": {
            "x": 74.599998,
            "y": 92.5,
            "demand": 14.0
        },
        "c152": {
            "x": 72.099998,
            "y": 95.900002,
            "demand": 13.0
        },
        "c153": {
            "x": 66.300003,
            "y": 99.900002,
            "demand": 13.0
        },
        "c154": {
            "x": 65.300003,
            "y": 97.800003,
            "demand": 11.0
        },
        "c155": {
            "x": 67.900002,
            "y": 97.699997,
            "demand": 13.0
        },
        "c156": {
            "x": 67.599998,
            "y": 99.900002,
            "demand": 14.0
        },
        "c157": {
            "x": 64.699997,
            "y": 99.900002,
            "demand": 16.0
        },
        "c158": {
            "x": 75.5,
            "y": 91.400002,
            "demand": 11.0
        },
        "c159": {
            "x": 67.599998,
            "y": 90.199997,
            "demand": 19.0
        },
        "c160": {
            "x": 76.599998,
            "y": 95.099998,
            "demand": 17.0
        },
        "c161": {
            "x": 64.099998,
            "y": 97.0,
            "demand": 10.0
        },
        "c162": {
            "x": 73.0,
            "y": 99.900002,
            "demand": 15.0
        },
        "c163": {
            "x": 76.5,
            "y": 90.5,
            "demand": 12.0
        },
        "c164": {
            "x": 56.799999,
            "y": 6.9,
            "demand": 12.0
        },
        "c165": {
            "x": 54.200001,
            "y": 11.2,
            "demand": 15.0
        },
        "c166": {
            "x": 51.299999,
            "y": 0.1,
            "demand": 10.0
        },
        "c167": {
            "x": 45.099998,
            "y": 8.4,
            "demand": 16.0
        },
        "c168": {
            "x": 54.900002,
            "y": 10.4,
            "demand": 12.0
        },
        "c169": {
            "x": 48.900002,
            "y": 4.9,
            "demand": 17.0
        },
        "c170": {
            "x": 49.5,
            "y": 10.0,
            "demand": 11.0
        },
        "c171": {
            "x": 51.799999,
            "y": 4.0,
            "demand": 18.0
        },
        "c172": {
            "x": 49.0,
            "y": 0.6,
            "demand": 12.0
        },
        "c173": {
            "x": 45.299999,
            "y": 6.1,
            "demand": 11.0
        },
        "c174": {
            "x": 46.400002,
            "y": 5.0,
            "demand": 13.0
        },
        "c175": {
            "x": 46.400002,
            "y": 1.7,
            "demand": 12.0
        },
        "c176": {
            "x": 56.900002,
            "y": 1.1,
            "demand": 11.0
        },
        "c177": {
            "x": 50.700001,
            "y": 0.0,
            "demand": 11.0
        },
        "c178": {
            "x": 54.0,
            "y": 5.2,
            "demand": 15.0
        },
        "c179": {
            "x": 51.700001,
            "y": 1.9,
            "demand": 15.0
        },
        "c180": {
            "x": 48.799999,
            "y": 5.7,
            "demand": 16.0
        },
        "c181": {
            "x": 52.5,
            "y": 6.2,
            "demand": 10.0
        },
        "c182": {
            "x": 46.599998,
            "y": 3.1,
            "demand": 18.0
        },
        "c183": {
            "x": 56.099998,
            "y": 2.7,
            "demand": 20.0
        },
        "c184": {
            "x": 53.0,
            "y": 9.7,
            "demand": 17.0
        },
        "c185": {
            "x": 50.0,
            "y": 0.0,
            "demand": 19.0
        },
        "c186": {
            "x": 51.200001,
            "y": 4.2,
            "demand": 10.0
        },
        "c187": {
            "x": 48.599998,
            "y": 0.0,
            "demand": 18.0
        },
        "c188": {
            "x": 51.5,
            "y": 0.0,
            "demand": 17.0
        },
        "c189": {
            "x": 54.299999,
            "y": 2.3,
            "demand": 10.0
        },
        "c190": {
            "x": 56.099998,
            "y": 6.5,
            "demand": 18.0
        },
        "c191": {
            "x": 56.0,
            "y": 3.7,
            "demand": 11.0
        },
        "c192": {
            "x": 51.200001,
            "y": 6.3,
            "demand": 11.0
        },
        "c193": {
            "x": 54.599998,
            "y": 4.1,
            "demand": 19.0
        },
        "c194": {
            "x": 46.400002,
            "y": 3.9,
            "demand": 19.0
        },
        "c195": {
            "x": 53.599998,
            "y": 0.0,
            "demand": 10.0
        },
        "c196": {
            "x": 48.900002,
            "y": 4.5,
            "demand": 15.0
        },
        "c197": {
            "x": 47.799999,
            "y": 10.3,
            "demand": 16.0
        },
        "c198": {
            "x": 47.599998,
            "y": 9.6,
            "demand": 12.0
        },
        "c199": {
            "x": 54.5,
            "y": 10.9,
            "demand": 18.0
        }
    },
    "depots": {
        "d0": {
            "x": 56.0,
            "y": 52.0,
            "capacity": 6036.0,
            "opening_cost": 100.0
        },
        "d1": {
            "x": 38.299999,
            "y": 89.900002,
            "capacity": 6036.0,
            "opening_cost": 100.0
        },
        "d2": {
            "x": 39.400002,
            "y": 23.4,
            "capacity": 6036.0,
            "opening_cost": 100.0
        },
        "d3": {
            "x": 30.799999,
            "y": 94.599998,
            "capacity": 6036.0,
            "opening_cost": 100.0
        },
        "d4": {
            "x": 95.199997,
            "y": 21.299999,
            "capacity": 6036.0,
            "opening_cost": 100.0
        },
        "d5": {
            "x": 72.400002,
            "y": 25.9,
            "capacity": 6036.0,
            "opening_cost": 100.0
        },
        "d6": {
            "x": 96.099998,
            "y": 27.1,
            "capacity": 6036.0,
            "opening_cost": 100.0
        },
        "d7": {
            "x": 62.400002,
            "y": 68.300003,
            "capacity": 6036.0,
            "opening_cost": 100.0
        },
        "d8": {
            "x": 8.5,
            "y": 5.5,
            "capacity": 6036.0,
            "opening_cost": 100.0
        },
        "d9": {
            "x": 29.4,
            "y": 91.099998,
            "capacity": 6036.0,
            "opening_cost": 100.0
        }
    },
    "meta_data": {
        "nb_customers": 200,
        "nb_depots": 10,
        "vehicle_cap": 150.0,
        "vehicle_cost": 10.0,
        "cost_type": 1.0
    }
}