{
    "customers": {
        "c0": {
            "x": 9.3,
            "y": 73.300003,
            "demand": 11.0
        },
        "c1": {
            "x": 21.0,
            "y": 12.6,
            "demand": 20.0
        },
        "c2": {
            "x": 27.6,
            "y": 91.900002,
            "demand": 10.0
        },
        "c3": {
            "x": 85.099998,
            "y": 59.299999,
            "demand": 14.0
        },
        "c4": {
            "x": 89.5,
            "y": 57.700001,
            "demand": 13.0
        },
        "c5": {
            "x": 25.200001,
            "y": 43.299999,
            "demand": 14.0
        },
        "c6": {
            "x": 4.1,
            "y": 29.299999,
            "demand": 16.0
        },
        "c7": {
            "x": 70.300003,
            "y": 38.5,
            "demand": 17.0
        },
        "c8": {
            "x": 19.6,
            "y": 0.2,
            "demand": 10.0
        },
        "c9": {
            "x": 50.599998,
            "y": 31.1,
            "demand": 16.0
        },
        "c10": {
            "x": 61.299999,
            "y": 24.6,
            "demand": 17.0
        },
        "c11": {
            "x": 20.299999,
            "y": 42.099998,
            "demand": 16.0
        },
        "c12": {
            "x": 23.5,
            "y": 72.5,
            "demand": 16.0
        },
        "c13": {
            "x": 35.099998,
            "y": 63.299999,
            "demand": 10.0
        },
        "c14": {
            "x": 70.0,
            "y": 79.699997,
            "demand": 16.0
        },
        "c15": {
            "x": 51.099998,
            "y": 45.200001,
            "demand": 20.0
        },
        "c16": {
            "x": 32.799999,
            "y": 37.200001,
            "demand": 15.0
        },
        "c17": {
            "x": 42.099998,
            "y": 32.400002,
            "demand": 15.0
        },
        "c18": {
            "x": 63.099998,
            "y": 28.299999,
            "demand": 14.0
        },
        "c19": {
            "x": 39.200001,
            "y": 83.0,
            "demand": 14.0
        },
        "c20": {
            "x": 96.5,
            "y": 25.5,
            "demand": 13.0
        },
        "c21": {
            "x": 12.0,
            "y": 93.0,
            "demand": 18.0
        },
        "c22": {
            "x": 26.700001,
            "y": 88.199997,
            "demand": 14.0
        },
        "c23": {
            "x": 54.5,
            "y": 15.3,
            "demand": 14.0
        },
        "c24": {
            "x": 25.4,
            "y": 97.699997,
            "demand": 14.0
        },
        "c25": {
            "x": 77.400002,
            "y": 37.700001,
            "demand": 17.0
        },
        "c26": {
            "x": 50.099998,
            "y": 25.799999,
            "demand": 12.0
        },
        "c27": {
            "x": 80.400002,
            "y": 5.2,
            "demand": 14.0
        },
        "c28": {
            "x": 74.400002,
            "y": 64.699997,
            "demand": 11.0
        },
        "c29": {
            "x": 0.9,
            "y": 91.099998,
            "demand": 17.0
        },
        "c30": {
            "x": 97.800003,
            "y": 3.7,
            "demand": 19.0
        },
        "c31": {
            "x": 32.900002,
            "y": 80.0,
            "demand": 10.0
        },
        "c32": {
            "x": 12.3,
            "y": 49.700001,
            "demand": 19.0
        },
        "c33": {
            "x": 35.900002,
            "y": 44.799999,
            "demand": 15.0
        },
        "c34": {
            "x": 24.1,
            "y": 90.699997,
            "demand": 19.0
        },
        "c35": {
            "x": 25.299999,
            "y": 72.699997,
            "demand": 18.0
        },
        "c36": {
            "x": 88.400002,
            "y": 6.8,
            "demand": 13.0
        },
        "c37": {
            "x": 29.200001,
            "y": 35.400002,
            "demand": 11.0
        },
        "c38": {
            "x": 29.200001,
            "y": 46.299999,
            "demand": 19.0
        },
        "c39": {
            "x": 79.199997,
            "y": 38.0,
            "demand": 14.0
        },
        "c40": {
            "x": 3.4,
            "y": 69.400002,
            "demand": 17.0
        },
        "c41": {
            "x": 39.599998,
            "y": 61.0,
            "demand": 18.0
        },
        "c42": {
            "x": 52.5,
            "y": 65.800003,
            "demand": 11.0
        },
        "c43": {
            "x": 47.299999,
            "y": 91.800003,
            "demand": 14.0
        },
        "c44": {
            "x": 59.099998,
            "y": 40.700001,
            "demand": 12.0
        },
        "c45": {
            "x": 9.4,
            "y": 12.6,
            "demand": 17.0
        },
        "c46": {
            "x": 25.6,
            "y": 32.5,
            "demand": 14.0
        },
        "c47": {
            "x": 86.699997,
            "y": 11.0,
            "demand": 16.0
        },
        "c48": {
            "x": 71.199997,
            "y": 38.400002,
            "demand": 14.0
        },
        "c49": {
            "x": 8.0,
            "y": 97.099998,
            "demand": 11.0
        },
        "c50": {
            "x": 59.5,
            "y": 24.1,
            "demand": 20.0
        },
        "c51": {
            "x": 90.400002,
            "y": 48.799999,
            "demand": 15.0
        },
        "c52": {
            "x": 23.0,
            "y": 47.0,
            "demand": 14.0
        },
        "c53": {
            "x": 37.099998,
            "y": 9.3,
            "demand": 11.0
        },
        "c54": {
            "x": 82.5,
            "y": 88.199997,
            "demand": 15.0
        },
        "c55": {
            "x": 55.599998,
            "y": 45.0,
            "demand": 10.0
        },
        "c56": {
            "x": 74.699997,
            "y": 21.799999,
            "demand": 14.0
        },
        "c57": {
            "x": 86.599998,
            "y": 97.400002,
            "demand": 14.0
        },
        "c58": {
            "x": 8.7,
            "y": 48.900002,
            "demand": 15.0
        },
        "c59": {
            "x": 52.700001,
            "y": 7.9,
            "demand": 11.0
        },
        "c60": {
            "x": 64.300003,
            "y": 9.6,
            "demand": 16.0
        },
        "c61": {
            "x": 49.200001,
            "y": 17.700001,
            "demand": 20.0
        },
        "c62": {
            "x": 54.5,
            "y": 14.6,
            "demand": 12.0
        },
        "c63": {
            "x": 72.300003,
            "y": 98.199997,
            "demand": 13.0
        },
        "c64": {
            "x": 94.599998,
            "y": 98.300003,
            "demand": 11.0
        },
        "c65": {
            "x": 10.4,
            "y": 20.1,
            "demand": 20.0
        },
        "c66": {
            "x": 98.300003,
            "y": 23.700001,
            "demand": 18.0
        },
        "c67": {
            "x": 6.0,
            "y": 38.099998,
            "demand": 16.0
        },
        "c68": {
            "x": 37.599998,
            "y": 25.5,
            "demand": 18.0
        },
        "c69": {
            "x": 13.4,
            "y": 99.199997,
            "demand": 19.0
        },
        "c70": {
            "x": 25.700001,
            "y": 53.700001,
            "demand": 19.0
        },
        "c71": {
            "x": 33.5,
            "y": 94.800003,
            "demand": 12.0
        },
        "c72": {
            "x": 36.900002,
            "y": 61.799999,
            "demand": 20.0
        },
        "c73": {
            "x": 40.5,
            "y": 74.599998,
            "demand": 12.0
        },
        "c74": {
            "x": 3.4,
            "y": 52.299999,
            "demand": 19.0
        },
        "c75": {
            "x": 11.5,
            "y": 74.0,
            "demand": 13.0
        },
        "c76": {
            "x": 83.400002,
            "y": 79.300003,
            "demand": 18.0
        },
        "c77": {
            "x": 53.299999,
            "y": 48.700001,
            "demand": 15.0
        },
        "c78": {
            "x": 7.6,
            "y": 1.8,
            "demand": 14.0
        },
        "c79": {
            "x": 98.900002,
            "y": 47.099998,
            "demand": 10.0
        },
        "c80": {
            "x": 44.599998,
            "y": 93.599998,
            "demand": 10.0
        },
        "c81": {
            "x": 76.800003,
            "y": 98.599998,
            "demand": 20.0
        },
        "c82": {
            "x": 89.699997,
            "y": 82.300003,
            "demand": 11.0
        },
        "c83": {
            "x": 37.599998,
            "y": 24.5,
            "demand": 18.0
        },
        "c84": {
            "x": 83.699997,
            "y": 50.0,
            "demand": 13.0
        },
        "c85": {
            "x": 1.5,
            "y": 44.5,
            "demand": 18.0
        },
        "c86": {
            "x": 73.800003,
            "y": 36.200001,
            "demand": 10.0
        },
        "c87": {
            "x": 13.8,
            "y": 89.5,
            "demand": 17.0
        },
        "c88": {
            "x": 37.900002,
            "y": 84.599998,
            "demand": 19.0
        },
        "c89": {
            "x": 58.5,
            "y": 4.0,
            "demand": 11.0
        },
        "c90": {
            "x": 84.900002,
            "y": 17.299999,
            "demand": 10.0
        },
        "c91": {
            "x": 72.5,
            "y": 39.900002,
            "demand": 20.0
        },
        "c92": {
            "x": 35.099998,
            "y": 66.300003,
            "demand": 16.0
        },
        "c93": {
            "x": 59.099998,
            "y": 27.299999,
            "demand": 13.0
        },
        "c94": {
            "x": 23.5,
            "y": 72.800003,
            "demand": 11.0
        },
        "c95": {
            "x": 11.7,
            "y": 13.0,
            "demand": 15.0
        },
        "c96": {
            "x": 11.4,
            "y": 49.400002,
            "demand": 15.0
        },
        "c97": {
            "x": 71.0,
            "y": 98.099998,
            "demand": 15.0
        },
        "c98": {
            "x": 73.800003,
            "y": 28.0,
            "demand": 18.0
        },
        "c99": {
            "x": 76.300003,
            "y": 95.699997,
            "demand": 15.0
        },
        "c100": {
            "x": 44.700001,
            "y": 11.1,
            "demand": 10.0
        },
        "c101": {
            "x": 81.400002,
            "y": 35.299999,
            "demand": 10.0
        },
        "c102": {
            "x": 0.2,
            "y": 38.599998,
            "demand": 16.0
        },
        "c103": {
            "x": 51.400002,
            "y": 20.4,
            "demand": 17.0
        },
        "c104": {
            "x": 76.199997,
            "y": 79.699997,
            "demand": 13.0
        },
        "c105": {
            "x": 46.299999,
            "y": 73.400002,
            "demand": 16.0
        },
        "c106": {
            "x": 36.400002,
            "y": 57.900002,
            "demand": 18.0
        },
        "c107": {
            "x": 65.900002,
            "y": 54.099998,
            "demand": 13.0
        },
        "c108": {
            "x": 23.0,
            "y": 53.900002,
            "demand": 17.0
        },
        "c109": {
            "x": 68.300003,
            "y": 4.1,
            "demand": 19.0
        },
        "c110": {
            "x": 10.2,
            "y": 82.800003,
            "demand": 13.0
        },
        "c111": {
            "x": 53.099998,
            "y": 2.2,
            "demand": 11.0
        },
        "c112": {
            "x": 95.300003,
            "y": 37.400002,
            "demand": 11.0
        },
        "c113": {
            "x": 70.800003,
            "y": 63.599998,
            "demand": 12.0
        },
        "c114": {
            "x": 41.099998,
            "y": 4.5,
            "demand": 12.0
        },
        "c115": {
            "x": 96.699997,
            "y": 52.799999,
            "demand": 10.0
        },
        "c116": {
            "x": 36.900002,
            "y": 72.0,
            "demand": 13.0
        },
        "c117": {
            "x": 37.400002,
            "y": 66.699997,
            "demand": 17.0
        },
        "c118": {
            "x": 44.799999,
            "y": 44.200001,
            "demand": 12.0
        },
        "c119": {
            "x": 7.9,
            "y": 59.900002,
            "demand": 10.0
        },
        "c120": {
            "x": 14.3,
            "y": 2.6,
            "demand": 20.0
        },
        "c121": {
            "x": 79.699997,
            "y": 48.0,
            "demand": 20.0
        },
        "c122": {
            "x": 56.200001,
            "y": 85.099998,
            "demand": 16.0
        },
        "c123": {
            "x": 64.800003,
            "y": 14.5,
            "demand": 17.0
        },
        "c124": {
            "x": 53.5,
            "y": 87.300003,
            "demand": 20.0
        },
        "c125": {
            "x": 59.0,
            "y": 22.200001,
            "demand": 10.0
        },
        "c126": {
            "x": 75.099998,
            "y": 26.700001,
            "demand": 10.0
        },
        "c127": {
            "x": 90.900002,
            "y": 67.0,
            "demand": 13.0
        },
        "c128": {
            "x": 13.2,
            "y": 56.5,
            "demand": 12.0
        },
        "c129": {
            "x": 55.5,
            "y": 36.400002,
            "demand": 16.0
        },
        "c130": {
            "x": 60.599998,
            "y": 78.400002,
            "demand": 14.0
        },
        "c131": {
            "x": 52.0,
            "y": 54.099998,
            "demand": 19.0
        },
        "c132": {
            "x": 11.7,
            "y": 27.4,
            "demand": 18.0
        },
        "c133": {
            "x": 27.0,
            "y": 38.400002,
            "demand": 16.0
        },
        "c134": {
            "x": 9.0,
            "y": 26.799999,
            "demand": 18.0
        },
        "c135": {
            "x": 8.7,
            "y": 48.200001,
            "demand": 17.0
        },
        "c136": {
            "x": 99.599998,
            "y": 8.4,
            "demand": 18.0
        },
        "c137": {
            "x": 81.599998,
            "y": 70.099998,
            "demand": 18.0
        },
        "c138": {
            "x": 9.4,
            "y": 11.9,
            "demand": 13.0
        },
        "c139": {
            "x": 72.5,
            "y": 33.099998,
            "demand": 11.0
        },
        "c140": {
            "x": 3.9,
            "y": 71.599998,
            "demand": 19.0
        },
        "c141": {
            "x": 31.4,
            "y": 32.700001,
            "demand": 11.0
        },
        "c142": {
            "x": 26.0,
            "y": 15.6,
            "demand": 11.0
        },
        "c143": {
            "x": 91.099998,
            "y": 97.400002,
            "demand": 16.0
        },
        "c144": {
            "x": 27.200001,
            "y": 83.199997,
            "demand": 10.0
        },
        "c145": {
            "x": 38.599998,
            "y": 42.5,
            "demand": 15.0
        },
        "c146": {
            "x": 29.799999,
            "y": 83.099998,
            "demand": 20.0
        },
        "c147": {
            "x": 3.7,
            "y": 33.299999,
            "demand": 19.0
        },
        "c148": {
            "x": 56.5,
            "y": 62.0,
            "demand": 18.0
        },
        "c149": {
            "x": 91.099998,
            "y": 5.6,
            "demand": 16.0
        },
        "c150": {
            "x": 64.599998,
            "y": 76.900002,
            "demand": 12.0
        },
        "c151": {
            "x": 31.799999,
            "y": 16.1,
            "demand": 17.0
        },
        "c152": {
            "x": 6.9,
            "y": 51.700001,
            "demand": 11.0
        },
        "c153": {
            "x": 88.400002,
            "y": 12.0,
            "demand": 10.0
        },
        "c154": {
            "x": 77.599998,
            "y": 81.5,
            "demand": 19.0
        },
        "c155": {
            "x": 50.0,
            "y": 92.300003,
            "demand": 11.0
        },
        "c156": {
            "x": 77.400002,
            "y": 30.9,
            "demand": 14.0
        },
        "c157": {
            "x": 18.9,
            "y": 31.0,
            "demand": 15.0
        },
        "c158": {
            "x": 52.700001,
            "y": 10.6,
            "demand": 13.0
        },
        "c159": {
            "x": 76.800003,
            "y": 7.5,
            "demand": 20.0
        },
        "c160": {
            "x": 80.300003,
            "y": 75.5,
            "demand": 11.0
        },
        "c161": {
            "x": 13.6,
            "y": 37.5,
            "demand": 12.0
        },
        "c162": {
            "x": 0.6,
            "y": 24.4,
            "demand": 20.0
        },
        "c163": {
            "x": 68.300003,
            "y": 4.7,
            "demand": 19.0
        },
        "c164": {
            "x": 63.299999,
            "y": 82.300003,
            "demand": 19.0
        },
        "c165": {
            "x": 35.900002,
            "y": 41.700001,
            "demand": 11.0
        },
        "c166": {
            "x": 35.0,
            "y": 43.099998,
            "demand": 15.0
        },
        "c167": {
            "x": 52.900002,
            "y": 45.099998,
            "demand": 19.0
        },
        "c168": {
            "x": 9.5,
            "y": 31.1,
            "demand": 18.0
        },
        "c169": {
            "x": 59.900002,
            "y": 18.4,
            "demand": 13.0
        },
        "c170": {
            "x": 21.299999,
            "y": 76.5,
            "demand": 18.0
        },
        "c171": {
            "x": 44.599998,
            "y": 93.0,
            "demand": 18.0
        },
        "c172": {
            "x": 23.700001,
            "y": 99.099998,
            "demand": 17.0
        },
        "c173": {
            "x": 6.9,
            "y": 42.799999,
            "demand": 16.0
        },
        "c174": {
            "x": 97.900002,
            "y": 18.799999,
            "demand": 15.0
        },
        "c175": {
            "x": 1.6,
            "y": 68.5,
            "demand": 18.0
        },
        "c176": {
            "x": 33.099998,
            "y": 17.9,
            "demand": 20.0
        },
        "c177": {
            "x": 10.6,
            "y": 70.699997,
            "demand": 13.0
        },
        "c178": {
            "x": 29.4,
            "y": 85.0,
            "demand": 11.0
        },
        "c179": {
            "x": 30.6,
            "y": 58.400002,
            "demand": 15.0
        },
        "c180": {
            "x": 79.699997,
            "y": 49.0,
            "demand": 18.0
        },
        "c181": {
            "x": 85.900002,
            "y": 34.299999,
            "demand": 14.0
        },
        "c182": {
            "x": 88.900002,
            "y": 23.700001,
            "demand": 11.0
        },
        "c183": {
            "x": 13.2,
            "y": 45.900002,
            "demand": 12.0
        },
        "c184": {
            "x": 82.099998,
            "y": 94.5,
            "demand": 20.0
        },
        "c185": {
            "x": 77.800003,
            "y": 16.700001,
            "demand": 10.0
        },
        "c186": {
            "x": 35.799999,
            "y": 15.4,
            "demand": 18.0
        },
        "c187": {
            "x": 39.799999,
            "y": 13.2,
            "demand": 20.0
        },
        "c188": {
            "x": 66.400002,
            "y": 75.800003,
            "demand": 11.0
        },
        "c189": {
            "x": 78.800003,
            "y": 60.700001,
            "demand": 20.0
        },
        "c190": {
            "x": 0.6,
            "y": 28.5,
            "demand": 14.0
        },
        "c191": {
            "x": 87.099998,
            "y": 1.6,
            "demand": 14.0
        },
        "c192": {
            "x": 59.900002,
            "y": 19.1,
            "demand": 15.0
        },
        "c193": {
            "x": 74.400002,
            "y": 76.0,
            "demand": 10.0
        },
        "c194": {
            "x": 27.4,
            "y": 32.400002,
            "demand": 13.0
        },
        "c195": {
            "x": 63.400002,
            "y": 4.9,
            "demand": 17.0
        },
        "c196": {
            "x": 89.0,
            "y": 24.4,
            "demand": 17.0
        },
        "c197": {
            "x": 66.300003,
            "y": 45.400002,
            "demand": 18.0
        },
        "c198": {
            "x": 64.900002,
            "y": 34.0,
            "demand": 11.0
        },
        "c199": {
            "x": 17.5,
            "y": 22.4,
            "demand": 17.0
        }
    },
    "depots": {
        "d0": {
            "x": 20.5,
            "y": 87.5,
            "capacity": 5978.0,
            "opening_cost": 100.0
        },
        "d1": {
            "x": 6.2,
            "y": 87.699997,
            "capacity": 5978.0,
            "opening_cost": 100.0
        },
        "d2": {
            "x": 39.0,
            "y": 37.599998,
            "capacity": 5978.0,
            "opening_cost": 100.0
        },
        "d3": {
            "x": 13.9,
            "y": 10.3,
            "capacity": 5978.0,
            "opening_cost": 100.0
        },
        "d4": {
            "x": 8.1,
            "y": 18.700001,
            "capacity": 5978.0,
            "opening_cost": 100.0
        },
        "d5": {
            "x": 82.800003,
            "y": 57.599998,
            "capacity": 5978.0,
            "opening_cost": 100.0
        },
        "d6": {
            "x": 97.5,
            "y": 41.900002,
            "capacity": 5978.0,
            "opening_cost": 100.0
        },
        "d7": {
            "x": 75.300003,
            "y": 77.300003,
            "capacity": 5978.0,
            "opening_cost": 100.0
        },
        "d8": {
            "x": 22.0,
            "y": 28.299999,
            "capacity": 5978.0,
            "opening_cost": 100.0
        },
        "d9": {
            "x": 37.799999,
            "y": 76.800003,
            "capacity": 5978.0,
            "opening_cost": 100.0
        }
    },
    "meta_data": {
        "nb_customers": 200,
        "nb_depots": 10,
        "vehicle_cap": 150.0,
        "vehicle_cost": 10.0,
        "cost_type": 1.0
    }
}