{
    "customers": {
        "c0": {
            "x": 46.099998,
            "y": 28.6,
            "demand": 18.0
        },
        "c1": {
            "x": 6.9,
            "y": 42.200001,
            "demand": 11.0
        },
        "c2": {
            "x": 44.700001,
            "y": 19.299999,
            "demand": 10.0
        },
        "c3": {
            "x": 18.9,
            "y": 29.0,
            "demand": 16.0
        },
        "c4": {
            "x": 93.400002,
            "y": 12.2,
            "demand": 10.0
        },
        "c5": {
            "x": 28.5,
            "y": 89.099998,
            "demand": 16.0
        },
        "c6": {
            "x": 61.0,
            "y": 58.299999,
            "demand": 10.0
        },
        "c7": {
            "x": 67.400002,
            "y": 92.800003,
            "demand": 20.0
        },
        "c8": {
            "x": 95.300003,
            "y": 44.5,
            "demand": 12.0
        },
        "c9": {
            "x": 78.599998,
            "y": 8.1,
            "demand": 16.0
        },
        "c10": {
            "x": 10.1,
            "y": 68.800003,
            "demand": 15.0
        },
        "c11": {
            "x": 14.1,
            "y": 62.900002,
            "demand": 10.0
        },
        "c12": {
            "x": 98.599998,
            "y": 78.400002,
            "demand": 14.0
        },
        "c13": {
            "x": 55.799999,
            "y": 96.199997,
            "demand": 16.0
        },
        "c14": {
            "x": 58.900002,
            "y": 82.599998,
            "demand": 12.0
        },
        "c15": {
            "x": 94.0,
            "y": 57.099998,
            "demand": 11.0
        },
        "c16": {
            "x": 90.5,
            "y": 78.199997,
            "demand": 13.0
        },
        "c17": {
            "x": 7.3,
            "y": 24.5,
            "demand": 17.0
        },
        "c18": {
            "x": 96.0,
            "y": 6.2,
            "demand": 19.0
        },
        "c19": {
            "x": 92.099998,
            "y": 34.299999,
            "demand": 12.0
        },
        "c20": {
            "x": 84.199997,
            "y": 51.900002,
            "demand": 19.0
        },
        "c21": {
            "x": 16.799999,
            "y": 66.5,
            "demand": 15.0
        },
        "c22": {
            "x": 5.9,
            "y": 16.200001,
            "demand": 12.0
        },
        "c23": {
            "x": 37.700001,
            "y": 42.299999,
            "demand": 12.0
        },
        "c24": {
            "x": 64.900002,
            "y": 36.400002,
            "demand": 17.0
        },
        "c25": {
            "x": 53.400002,
            "y": 70.599998,
            "demand": 11.0
        },
        "c26": {
            "x": 7.5,
            "y": 85.0,
            "demand": 18.0
        },
        "c27": {
            "x": 47.400002,
            "y": 9.9,
            "demand": 16.0
        },
        "c28": {
            "x": 16.9,
            "y": 76.800003,
            "demand": 13.0
        },
        "c29": {
            "x": 6.6,
            "y": 6.3,
            "demand": 16.0
        },
        "c30": {
            "x": 4.2,
            "y": 4.7,
            "demand": 10.0
        },
        "c31": {
            "x": 7.3,
            "y": 14.3,
            "demand": 15.0
        },
        "c32": {
            "x": 0.6,
            "y": 13.0,
            "demand": 15.0
        },
        "c33": {
            "x": 8.9,
            "y": 14.2,
            "demand": 10.0
        },
        "c34": {
            "x": 7.1,
            "y": 7.6,
            "demand": 20.0
        },
        "c35": {
            "x": 0.0,
            "y": 2.0,
            "demand": 13.0
        },
        "c36": {
            "x": 4.2,
            "y": 9.4,
            "demand": 17.0
        },
        "c37": {
            "x": 2.3,
            "y": 10.6,
            "demand": 10.0
        },
        "c38": {
            "x": 1.1,
            "y": 6.6,
            "demand": 19.0
        },
        "c39": {
            "x": 4.5,
            "y": 13.9,
            "demand": 15.0
        },
        "c40": {
            "x": 2.7,
            "y": 13.1,
            "demand": 13.0
        },
        "c41": {
            "x": 5.3,
            "y": 13.3,
            "demand": 14.0
        },
        "c42": {
            "x": 2.7,
            "y": 10.6,
            "demand": 17.0
        },
        "c43": {
            "x": 0.7,
            "y": 1.8,
            "demand": 17.0
        },
        "c44": {
            "x": 0.0,
            "y": 1.8,
            "demand": 14.0
        },
        "c45": {
            "x": 4.3,
            "y": 7.9,
            "demand": 11.0
        },
        "c46": {
            "x": 9.4,
            "y": 15.0,
            "demand": 19.0
        },
        "c47": {
            "x": 0.0,
            "y": 5.3,
            "demand": 17.0
        },
        "c48": {
            "x": 8.4,
            "y": 5.6,
            "demand": 15.0
        },
        "c49": {
            "x": 0.8,
            "y": 2.5,
            "demand": 13.0
        },
        "c50": {
            "x": 8.9,
            "y": 4.4,
            "demand": 14.0
        },
        "c51": {
            "x": 0.0,
            "y": 4.8,
            "demand": 16.0
        },
        "c52": {
            "x": 0.0,
            "y": 12.5,
            "demand": 15.0
        },
        "c53": {
            "x": 2.9,
            "y": 13.3,
            "demand": 17.0
        },
        "c54": {
            "x": 0.0,
            "y": 5.6,
            "demand": 18.0
        },
        "c55": {
            "x": 80.300003,
            "y": 0.0,
            "demand": 11.0
        },
        "c56": {
            "x": 71.300003,
            "y": 3.3,
            "demand": 18.0
        },
        "c57": {
            "x": 75.900002,
            "y": 0.0,
            "demand": 13.0
        },
        "c58": {
            "x": 68.199997,
            "y": 3.0,
            "demand": 14.0
        },
        "c59": {
            "x": 80.800003,
            "y": 0.0,
            "demand": 15.0
        },
        "c60": {
            "x": 75.5,
            "y": 1.0,
            "demand": 19.0
        },
        "c61": {
            "x": 73.300003,
            "y": 3.1,
            "demand": 18.0
        },
        "c62": {
            "x": 78.199997,
            "y": 0.0,
            "demand": 16.0
        },
        "c63": {
            "x": 74.0,
            "y": 4.4,
            "demand": 18.0
        },
        "c64": {
            "x": 71.5,
            "y": 0.0,
            "demand": 10.0
        },
        "c65": {
            "x": 81.199997,
            "y": 1.7,
            "demand": 13.0
        },
        "c66": {
            "x": 78.400002,
            "y": 0.0,
            "demand": 20.0
        },
        "c67": {
            "x": 68.599998,
            "y": 0.0,
            "demand": 14.0
        },
        "c68": {
            "x": 74.800003,
            "y": 3.9,
            "demand": 10.0
        },
        "c69": {
            "x": 75.5,
            "y": 3.4,
            "demand": 11.0
        },
        "c70": {
            "x": 79.800003,
            "y": 4.8,
            "demand": 20.0
        },
        "c71": {
            "x": 68.300003,
            "y": 0.0,
            "demand": 19.0
        },
        "c72": {
            "x": 75.199997,
            "y": 0.0,
            "demand": 16.0
        },
        "c73": {
            "x": 73.099998,
            "y": 2.3,
            "demand": 11.0
        },
        "c74": {
            "x": 75.199997,
            "y": 7.4,
            "demand": 20.0
        },
        "c75": {
            "x": 69.0,
            "y": 3.1,
            "demand": 17.0
        },
        "c76": {
            "x": 72.699997,
            "y": 0.0,
            "demand": 13.0
        },
        "c77": {
            "x": 78.199997,
            "y": 0.0,
            "demand": 12.0
        },
        "c78": {
            "x": 75.800003,
            "y": 1.2,
            "demand": 17.0
        },
        "c79": {
            "x": 75.400002,
            "y": 0.0,
            "demand": 13.0
        },
        "c80": {
            "x": 82.400002,
            "y": 29.6,
            "demand": 12.0
        },
        "c81": {
            "x": 81.699997,
            "y": 31.799999,
            "demand": 12.0
        },
        "c82": {
            "x": 90.900002,
            "y": 25.9,
            "demand": 14.0
        },
        "c83": {
            "x": 89.699997,
            "y": 28.6,
            "demand": 12.0
        },
        "c84": {
            "x": 84.300003,
            "y": 33.900002,
            "demand": 20.0
        },
        "c85": {
            "x": 85.900002,
            "y": 25.4,
            "demand": 10.0
        },
        "c86": {
            "x": 89.5,
            "y": 32.700001,
            "demand": 16.0
        },
        "c87": {
            "x": 83.0,
            "y": 24.799999,
            "demand": 18.0
        },
        "c88": {
            "x": 92.400002,
            "y": 33.400002,
            "demand": 11.0
        },
        "c89": {
            "x": 82.900002,
            "y": 27.700001,
            "demand": 18.0
        },
        "c90": {
            "x": 86.800003,
            "y": 31.6,
            "demand": 13.0
        },
        "c91": {
            "x": 90.5,
            "y": 31.700001,
            "demand": 20.0
        },
        "c92": {
            "x": 87.300003,
            "y": 25.4,
            "demand": 11.0
        },
        "c93": {
            "x": 82.599998,
            "y": 34.900002,
            "demand": 19.0
        },
        "c94": {
            "x": 88.300003,
            "y": 23.799999,
            "demand": 12.0
        },
        "c95": {
            "x": 84.400002,
            "y": 35.799999,
            "demand": 18.0
        },
        "c96": {
            "x": 92.400002,
            "y": 33.799999,
            "demand": 15.0
        },
        "c97": {
            "x": 84.599998,
            "y": 27.4,
            "demand": 12.0
        },
        "c98": {
            "x": 91.0,
            "y": 26.0,
            "demand": 19.0
        },
        "c99": {
            "x": 85.0,
            "y": 34.799999,
            "demand": 17.0
        },
        "c100": {
            "x": 91.0,
            "y": 28.9,
            "demand": 19.0
        },
        "c101": {
            "x": 92.5,
            "y": 35.700001,
            "demand": 12.0
        },
        "c102": {
            "x": 82.0,
            "y": 32.200001,
            "demand": 17.0
        },
        "c103": {
            "x": 89.400002,
            "y": 24.799999,
            "demand": 11.0
        },
        "c104": {
            "x": 17.200001,
            "y": 83.300003,
            "demand": 13.0
        },
        "c105": {
            "x": 21.0,
            "y": 83.5,
            "demand": 19.0
        },
        "c106": {
            "x": 20.200001,
            "y": 83.300003,
            "demand": 10.0
        },
        "c107": {
            "x": 20.0,
            "y": 79.699997,
            "demand": 13.0
        },
        "c108": {
            "x": 24.1,
            "y": 79.800003,
            "demand": 12.0
        },
        "c109": {
            "x": 23.700001,
            "y": 88.699997,
            "demand": 14.0
        },
        "c110": {
            "x": 20.5,
            "y": 76.800003,
            "demand": 13.0
        },
        "c111": {
            "x": 11.6,
            "y": 80.300003,
            "demand": 10.0
        },
        "c112": {
            "x": 19.700001,
            "y": 81.800003,
            "demand": 19.0
        },
        "c113": {
            "x": 18.299999,
            "y": 79.400002,
            "demand": 14.0
        },
        "c114": {
            "x": 20.6,
            "y": 79.199997,
            "demand": 18.0
        },
        "c115": {
            "x": 24.1,
            "y": 84.800003,
            "demand": 13.0
        },
        "c116": {
            "x": 22.299999,
            "y": 88.5,
            "demand": 18.0
        },
        "c117": {
            "x": 24.1,
            "y": 82.099998,
            "demand": 13.0
        },
        "c118": {
            "x": 20.0,
            "y": 83.800003,
            "demand": 16.0
        },
        "c119": {
            "x": 18.5,
            "y": 80.199997,
            "demand": 18.0
        },
        "c120": {
            "x": 23.6,
            "y": 81.300003,
            "demand": 10.0
        },
        "c121": {
            "x": 15.7,
            "y": 86.099998,
            "demand": 18.0
        },
        "c122": {
            "x": 21.1,
            "y": 76.5,
            "demand": 20.0
        },
        "c123": {
            "x": 13.6,
            "y": 88.300003,
            "demand": 19.0
        },
        "c124": {
            "x": 22.5,
            "y": 78.900002,
            "demand": 13.0
        },
        "c125": {
            "x": 11.7,
            "y": 78.300003,
            "demand": 18.0
        },
        "c126": {
            "x": 19.200001,
            "y": 89.599998,
            "demand": 19.0
        },
        "c127": {
            "x": 22.299999,
            "y": 78.699997,
            "demand": 13.0
        },
        "c128": {
            "x": 17.200001,
            "y": 86.0,
            "demand": 20.0
        },
        "c129": {
            "x": 15.8,
            "y": 85.0,
            "demand": 13.0
        },
        "c130": {
            "x": 14.6,
            "y": 77.0,
            "demand": 13.0
        },
        "c131": {
            "x": 33.200001,
            "y": 9.9,
            "demand": 18.0
        },
        "c132": {
            "x": 31.200001,
            "y": 5.5,
            "demand": 10.0
        },
        "c133": {
            "x": 35.200001,
            "y": 2.2,
            "demand": 12.0
        },
        "c134": {
            "x": 37.799999,
            "y": 7.4,
            "demand": 17.0
        },
        "c135": {
            "x": 30.6,
            "y": 11.2,
            "demand": 14.0
        },
        "c136": {
            "x": 37.799999,
            "y": 3.5,
            "demand": 18.0
        },
        "c137": {
            "x": 32.700001,
            "y": 0.8,
            "demand": 15.0
        },
        "c138": {
            "x": 29.9,
            "y": 3.9,
            "demand": 16.0
        },
        "c139": {
            "x": 31.4,
            "y": 8.0,
            "demand": 19.0
        },
        "c140": {
            "x": 39.5,
            "y": 3.0,
            "demand": 13.0
        },
        "c141": {
            "x": 39.200001,
            "y": 2.0,
            "demand": 20.0
        },
        "c142": {
            "x": 36.900002,
            "y": 0.4,
            "demand": 13.0
        },
        "c143": {
            "x": 35.299999,
            "y": 2.9,
            "demand": 20.0
        },
        "c144": {
            "x": 35.299999,
            "y": 10.0,
            "demand": 12.0
        },
        "c145": {
            "x": 36.700001,
            "y": 8.1,
            "demand": 19.0
        },
        "c146": {
            "x": 40.799999,
            "y": 1.0,
            "demand": 11.0
        },
        "c147": {
            "x": 37.700001,
            "y": 8.8,
            "demand": 18.0
        },
        "c148": {
            "x": 34.900002,
            "y": 3.8,
            "demand": 11.0
        },
        "c149": {
            "x": 36.599998,
            "y": 7.4,
            "demand": 20.0
        }
    },
    "depots": {
        "d0": {
            "x": 82.0,
            "y": 65.5,
            "capacity": 4484.0,
            "opening_cost": 100.0
        },
        "d1": {
            "x": 70.0,
            "y": 88.900002,
            "capacity": 4484.0,
            "opening_cost": 100.0
        },
        "d2": {
            "x": 18.299999,
            "y": 88.199997,
            "capacity": 4484.0,
            "opening_cost": 100.0
        },
        "d3": {
            "x": 50.099998,
            "y": 20.0,
            "capacity": 4484.0,
            "opening_cost": 100.0
        },
        "d4": {
            "x": 78.800003,
            "y": 59.700001,
            "capacity": 4484.0,
            "opening_cost": 100.0
        },
        "d5": {
            "x": 70.900002,
            "y": 79.300003,
            "capacity": 4484.0,
            "opening_cost": 100.0
        },
        "d6": {
            "x": 62.900002,
            "y": 92.400002,
            "capacity": 4484.0,
            "opening_cost": 100.0
        },
        "d7": {
            "x": 0.3,
            "y": 60.5,
            "capacity": 4484.0,
            "opening_cost": 100.0
        },
        "d8": {
            "x": 51.400002,
            "y": 3.7,
            "capacity": 4484.0,
            "opening_cost": 100.0
        },
        "d9": {
            "x": 24.700001,
            "y": 42.5,
            "capacity": 4484.0,
            "opening_cost": 100.0
        }
    },
    "meta_data": {
        "nb_customers": 150,
        "nb_depots": 10,
        "vehicle_cap": 150.0,
        "vehicle_cost": 10.0,
        "cost_type": 1.0
    }
}