{
    "customers": {
        "c0": {
            "x": 18.299999,
            "y": 96.400002,
            "demand": 19.0
        },
        "c1": {
            "x": 16.9,
            "y": 85.900002,
            "demand": 16.0
        },
        "c2": {
            "x": 22.6,
            "y": 91.900002,
            "demand": 17.0
        },
        "c3": {
            "x": 14.9,
            "y": 87.699997,
            "demand": 16.0
        },
        "c4": {
            "x": 13.2,
            "y": 90.900002,
            "demand": 16.0
        },
        "c5": {
            "x": 12.2,
            "y": 87.599998,
            "demand": 18.0
        },
        "c6": {
            "x": 18.700001,
            "y": 97.099998,
            "demand": 17.0
        },
        "c7": {
            "x": 21.9,
            "y": 84.199997,
            "demand": 20.0
        },
        "c8": {
            "x": 23.4,
            "y": 85.900002,
            "demand": 11.0
        },
        "c9": {
            "x": 23.700001,
            "y": 89.400002,
            "demand": 18.0
        },
        "c10": {
            "x": 24.299999,
            "y": 89.0,
            "demand": 20.0
        },
        "c11": {
            "x": 14.8,
            "y": 87.199997,
            "demand": 10.0
        },
        "c12": {
            "x": 16.6,
            "y": 88.199997,
            "demand": 14.0
        },
        "c13": {
            "x": 14.8,
            "y": 87.900002,
            "demand": 18.0
        },
        "c14": {
            "x": 12.9,
            "y": 87.699997,
            "demand": 14.0
        },
        "c15": {
            "x": 12.1,
            "y": 84.699997,
            "demand": 10.0
        },
        "c16": {
            "x": 23.4,
            "y": 93.0,
            "demand": 20.0
        },
        "c17": {
            "x": 22.1,
            "y": 94.199997,
            "demand": 17.0
        },
        "c18": {
            "x": 20.5,
            "y": 91.199997,
            "demand": 15.0
        },
        "c19": {
            "x": 14.4,
            "y": 88.699997,
            "demand": 11.0
        },
        "c20": {
            "x": 19.299999,
            "y": 95.400002,
            "demand": 20.0
        },
        "c21": {
            "x": 21.200001,
            "y": 86.5,
            "demand": 18.0
        },
        "c22": {
            "x": 12.8,
            "y": 93.300003,
            "demand": 14.0
        },
        "c23": {
            "x": 20.299999,
            "y": 83.900002,
            "demand": 17.0
        },
        "c24": {
            "x": 24.200001,
            "y": 95.099998,
            "demand": 17.0
        },
        "c25": {
            "x": 14.1,
            "y": 89.699997,
            "demand": 15.0
        },
        "c26": {
            "x": 16.0,
            "y": 85.699997,
            "demand": 16.0
        },
        "c27": {
            "x": 16.799999,
            "y": 88.699997,
            "demand": 15.0
        },
        "c28": {
            "x": 20.1,
            "y": 96.900002,
            "demand": 20.0
        },
        "c29": {
            "x": 17.0,
            "y": 95.900002,
            "demand": 16.0
        },
        "c30": {
            "x": 24.4,
            "y": 91.0,
            "demand": 20.0
        },
        "c31": {
            "x": 12.2,
            "y": 92.0,
            "demand": 10.0
        },
        "c32": {
            "x": 15.1,
            "y": 87.0,
            "demand": 18.0
        },
        "c33": {
            "x": 12.7,
            "y": 87.5,
            "demand": 12.0
        },
        "c34": {
            "x": 21.9,
            "y": 88.800003,
            "demand": 14.0
        },
        "c35": {
            "x": 23.4,
            "y": 92.599998,
            "demand": 15.0
        },
        "c36": {
            "x": 17.6,
            "y": 90.900002,
            "demand": 16.0
        },
        "c37": {
            "x": 22.1,
            "y": 95.800003,
            "demand": 12.0
        },
        "c38": {
            "x": 17.799999,
            "y": 96.699997,
            "demand": 14.0
        },
        "c39": {
            "x": 20.9,
            "y": 94.099998,
            "demand": 17.0
        },
        "c40": {
            "x": 18.700001,
            "y": 88.699997,
            "demand": 11.0
        },
        "c41": {
            "x": 12.6,
            "y": 96.800003,
            "demand": 10.0
        },
        "c42": {
            "x": 12.5,
            "y": 95.5,
            "demand": 11.0
        },
        "c43": {
            "x": 14.5,
            "y": 96.900002,
            "demand": 18.0
        },
        "c44": {
            "x": 74.5,
            "y": 7.4,
            "demand": 10.0
        },
        "c45": {
            "x": 70.0,
            "y": 17.0,
            "demand": 10.0
        },
        "c46": {
            "x": 78.099998,
            "y": 12.2,
            "demand": 15.0
        },
        "c47": {
            "x": 78.599998,
            "y": 11.1,
            "demand": 10.0
        },
        "c48": {
            "x": 71.699997,
            "y": 20.1,
            "demand": 11.0
        },
        "c49": {
            "x": 80.699997,
            "y": 10.7,
            "demand": 17.0
        },
        "c50": {
            "x": 75.900002,
            "y": 12.8,
            "demand": 19.0
        },
        "c51": {
            "x": 68.900002,
            "y": 18.1,
            "demand": 16.0
        },
        "c52": {
            "x": 76.599998,
            "y": 15.1,
            "demand": 18.0
        },
        "c53": {
            "x": 69.199997,
            "y": 10.7,
            "demand": 11.0
        },
        "c54": {
            "x": 68.400002,
            "y": 12.8,
            "demand": 12.0
        },
        "c55": {
            "x": 77.800003,
            "y": 17.700001,
            "demand": 20.0
        },
        "c56": {
            "x": 80.0,
            "y": 7.7,
            "demand": 13.0
        },
        "c57": {
            "x": 78.099998,
            "y": 17.6,
            "demand": 16.0
        },
        "c58": {
            "x": 71.0,
            "y": 10.0,
            "demand": 13.0
        },
        "c59": {
            "x": 78.300003,
            "y": 10.6,
            "demand": 19.0
        },
        "c60": {
            "x": 79.400002,
            "y": 7.8,
            "demand": 19.0
        },
        "c61": {
            "x": 76.5,
            "y": 12.9,
            "demand": 14.0
        },
        "c62": {
            "x": 68.199997,
            "y": 15.9,
            "demand": 16.0
        },
        "c63": {
            "x": 80.199997,
            "y": 15.7,
            "demand": 17.0
        },
        "c64": {
            "x": 80.699997,
            "y": 14.2,
            "demand": 19.0
        },
        "c65": {
            "x": 81.199997,
            "y": 13.7,
            "demand": 18.0
        },
        "c66": {
            "x": 69.300003,
            "y": 19.1,
            "demand": 13.0
        },
        "c67": {
            "x": 80.099998,
            "y": 19.799999,
            "demand": 18.0
        },
        "c68": {
            "x": 79.800003,
            "y": 8.4,
            "demand": 16.0
        },
        "c69": {
            "x": 74.300003,
            "y": 11.2,
            "demand": 14.0
        },
        "c70": {
            "x": 71.400002,
            "y": 18.1,
            "demand": 17.0
        },
        "c71": {
            "x": 70.300003,
            "y": 16.6,
            "demand": 18.0
        },
        "c72": {
            "x": 80.800003,
            "y": 14.8,
            "demand": 14.0
        },
        "c73": {
            "x": 74.599998,
            "y": 9.7,
            "demand": 16.0
        },
        "c74": {
            "x": 72.199997,
            "y": 14.8,
            "demand": 19.0
        },
        "c75": {
            "x": 75.099998,
            "y": 9.4,
            "demand": 10.0
        },
        "c76": {
            "x": 68.300003,
            "y": 20.1,
            "demand": 12.0
        },
        "c77": {
            "x": 79.0,
            "y": 12.5,
            "demand": 13.0
        },
        "c78": {
            "x": 70.599998,
            "y": 11.0,
            "demand": 20.0
        },
        "c79": {
            "x": 79.699997,
            "y": 8.0,
            "demand": 19.0
        },
        "c80": {
            "x": 68.300003,
            "y": 15.1,
            "demand": 16.0
        },
        "c81": {
            "x": 77.199997,
            "y": 19.5,
            "demand": 12.0
        },
        "c82": {
            "x": 72.5,
            "y": 15.1,
            "demand": 11.0
        },
        "c83": {
            "x": 46.0,
            "y": 36.5,
            "demand": 14.0
        },
        "c84": {
            "x": 47.599998,
            "y": 33.700001,
            "demand": 16.0
        },
        "c85": {
            "x": 46.0,
            "y": 40.200001,
            "demand": 20.0
        },
        "c86": {
            "x": 40.299999,
            "y": 34.400002,
            "demand": 16.0
        },
        "c87": {
            "x": 41.700001,
            "y": 38.5,
            "demand": 15.0
        },
        "c88": {
            "x": 41.099998,
            "y": 40.599998,
            "demand": 10.0
        },
        "c89": {
            "x": 47.400002,
            "y": 31.200001,
            "demand": 11.0
        },
        "c90": {
            "x": 52.0,
            "y": 32.700001,
            "demand": 11.0
        },
        "c91": {
            "x": 44.5,
            "y": 35.700001,
            "demand": 20.0
        },
        "c92": {
            "x": 51.5,
            "y": 29.4,
            "demand": 10.0
        },
        "c93": {
            "x": 49.099998,
            "y": 39.900002,
            "demand": 10.0
        },
        "c94": {
            "x": 49.5,
            "y": 30.4,
            "demand": 18.0
        },
        "c95": {
            "x": 42.700001,
            "y": 39.599998,
            "demand": 12.0
        },
        "c96": {
            "x": 40.799999,
            "y": 36.400002,
            "demand": 15.0
        },
        "c97": {
            "x": 40.400002,
            "y": 38.799999,
            "demand": 18.0
        },
        "c98": {
            "x": 45.299999,
            "y": 28.299999,
            "demand": 18.0
        },
        "c99": {
            "x": 43.0,
            "y": 35.700001,
            "demand": 18.0
        },
        "c100": {
            "x": 51.200001,
            "y": 34.900002,
            "demand": 20.0
        },
        "c101": {
            "x": 49.299999,
            "y": 33.400002,
            "demand": 16.0
        },
        "c102": {
            "x": 47.0,
            "y": 41.299999,
            "demand": 14.0
        },
        "c103": {
            "x": 40.400002,
            "y": 33.400002,
            "demand": 16.0
        },
        "c104": {
            "x": 48.200001,
            "y": 35.599998,
            "demand": 19.0
        },
        "c105": {
            "x": 43.099998,
            "y": 40.200001,
            "demand": 15.0
        },
        "c106": {
            "x": 45.700001,
            "y": 34.599998,
            "demand": 10.0
        },
        "c107": {
            "x": 41.200001,
            "y": 32.799999,
            "demand": 15.0
        },
        "c108": {
            "x": 40.700001,
            "y": 30.0,
            "demand": 13.0
        },
        "c109": {
            "x": 40.599998,
            "y": 33.799999,
            "demand": 19.0
        },
        "c110": {
            "x": 40.5,
            "y": 34.5,
            "demand": 12.0
        },
        "c111": {
            "x": 47.299999,
            "y": 38.0,
            "demand": 14.0
        },
        "c112": {
            "x": 40.0,
            "y": 31.5,
            "demand": 10.0
        },
        "c113": {
            "x": 43.299999,
            "y": 35.200001,
            "demand": 15.0
        },
        "c114": {
            "x": 50.0,
            "y": 30.9,
            "demand": 17.0
        },
        "c115": {
            "x": 42.099998,
            "y": 30.799999,
            "demand": 16.0
        },
        "c116": {
            "x": 39.5,
            "y": 28.200001,
            "demand": 19.0
        },
        "c117": {
            "x": 45.099998,
            "y": 35.900002,
            "demand": 13.0
        },
        "c118": {
            "x": 40.200001,
            "y": 30.799999,
            "demand": 15.0
        },
        "c119": {
            "x": 47.099998,
            "y": 28.200001,
            "demand": 16.0
        },
        "c120": {
            "x": 49.599998,
            "y": 36.299999,
            "demand": 19.0
        },
        "c121": {
            "x": 50.200001,
            "y": 38.299999,
            "demand": 19.0
        },
        "c122": {
            "x": 95.199997,
            "y": 54.700001,
            "demand": 19.0
        },
        "c123": {
            "x": 97.900002,
            "y": 47.599998,
            "demand": 15.0
        },
        "c124": {
            "x": 99.900002,
            "y": 50.099998,
            "demand": 16.0
        },
        "c125": {
            "x": 96.900002,
            "y": 46.099998,
            "demand": 12.0
        },
        "c126": {
            "x": 99.900002,
            "y": 55.0,
            "demand": 19.0
        },
        "c127": {
            "x": 98.599998,
            "y": 45.0,
            "demand": 17.0
        },
        "c128": {
            "x": 95.599998,
            "y": 53.099998,
            "demand": 20.0
        },
        "c129": {
            "x": 96.0,
            "y": 54.299999,
            "demand": 14.0
        },
        "c130": {
            "x": 97.599998,
            "y": 55.299999,
            "demand": 11.0
        },
        "c131": {
            "x": 95.699997,
            "y": 49.099998,
            "demand": 18.0
        },
        "c132": {
            "x": 96.900002,
            "y": 46.700001,
            "demand": 15.0
        },
        "c133": {
            "x": 91.0,
            "y": 44.299999,
            "demand": 19.0
        },
        "c134": {
            "x": 93.599998,
            "y": 50.099998,
            "demand": 12.0
        },
        "c135": {
            "x": 93.300003,
            "y": 49.900002,
            "demand": 20.0
        },
        "c136": {
            "x": 90.0,
            "y": 51.299999,
            "demand": 12.0
        },
        "c137": {
            "x": 93.400002,
            "y": 51.700001,
            "demand": 19.0
        },
        "c138": {
            "x": 92.5,
            "y": 53.099998,
            "demand": 18.0
        },
        "c139": {
            "x": 98.599998,
            "y": 45.099998,
            "demand": 12.0
        },
        "c140": {
            "x": 92.400002,
            "y": 46.400002,
            "demand": 20.0
        },
        "c141": {
            "x": 88.099998,
            "y": 50.200001,
            "demand": 19.0
        },
        "c142": {
            "x": 99.900002,
            "y": 49.0,
            "demand": 20.0
        },
        "c143": {
            "x": 87.800003,
            "y": 47.799999,
            "demand": 14.0
        },
        "c144": {
            "x": 88.099998,
            "y": 55.200001,
            "demand": 19.0
        },
        "c145": {
            "x": 88.5,
            "y": 55.400002,
            "demand": 12.0
        },
        "c146": {
            "x": 99.300003,
            "y": 43.700001,
            "demand": 12.0
        },
        "c147": {
            "x": 93.800003,
            "y": 51.599998,
            "demand": 18.0
        },
        "c148": {
            "x": 95.300003,
            "y": 55.0,
            "demand": 10.0
        },
        "c149": {
            "x": 99.900002,
            "y": 50.5,
            "demand": 14.0
        },
        "c150": {
            "x": 91.400002,
            "y": 47.400002,
            "demand": 13.0
        },
        "c151": {
            "x": 99.900002,
            "y": 53.200001,
            "demand": 11.0
        },
        "c152": {
            "x": 90.900002,
            "y": 48.599998,
            "demand": 17.0
        },
        "c153": {
            "x": 97.900002,
            "y": 54.0,
            "demand": 18.0
        },
        "c154": {
            "x": 98.599998,
            "y": 48.799999,
            "demand": 11.0
        },
        "c155": {
            "x": 92.599998,
            "y": 50.200001,
            "demand": 19.0
        },
        "c156": {
            "x": 95.099998,
            "y": 56.700001,
            "demand": 16.0
        },
        "c157": {
            "x": 88.199997,
            "y": 46.5,
            "demand": 12.0
        },
        "c158": {
            "x": 91.0,
            "y": 54.900002,
            "demand": 16.0
        },
        "c159": {
            "x": 97.599998,
            "y": 45.5,
            "demand": 14.0
        },
        "c160": {
            "x": 90.0,
            "y": 56.099998,
            "demand": 11.0
        },
        "c161": {
            "x": 88.300003,
            "y": 48.0,
            "demand": 10.0
        },
        "c162": {
            "x": 93.0,
            "y": 46.599998,
            "demand": 10.0
        },
        "c163": {
            "x": 94.199997,
            "y": 44.799999,
            "demand": 20.0
        },
        "c164": {
            "x": 88.0,
            "y": 51.900002,
            "demand": 16.0
        },
        "c165": {
            "x": 95.900002,
            "y": 48.099998,
            "demand": 17.0
        },
        "c166": {
            "x": 98.699997,
            "y": 50.099998,
            "demand": 13.0
        },
        "c167": {
            "x": 6.4,
            "y": 38.799999,
            "demand": 10.0
        },
        "c168": {
            "x": 13.6,
            "y": 36.900002,
            "demand": 14.0
        },
        "c169": {
            "x": 1.3,
            "y": 43.200001,
            "demand": 13.0
        },
        "c170": {
            "x": 13.9,
            "y": 44.400002,
            "demand": 11.0
        },
        "c171": {
            "x": 2.6,
            "y": 43.299999,
            "demand": 10.0
        },
        "c172": {
            "x": 6.6,
            "y": 43.299999,
            "demand": 20.0
        },
        "c173": {
            "x": 7.7,
            "y": 39.299999,
            "demand": 13.0
        },
        "c174": {
            "x": 3.3,
            "y": 41.799999,
            "demand": 17.0
        },
        "c175": {
            "x": 4.0,
            "y": 42.0,
            "demand": 20.0
        },
        "c176": {
            "x": 11.6,
            "y": 42.900002,
            "demand": 16.0
        },
        "c177": {
            "x": 8.5,
            "y": 48.900002,
            "demand": 12.0
        },
        "c178": {
            "x": 4.4,
            "y": 45.299999,
            "demand": 19.0
        },
        "c179": {
            "x": 9.8,
            "y": 42.200001,
            "demand": 19.0
        },
        "c180": {
            "x": 4.8,
            "y": 49.0,
            "demand": 18.0
        },
        "c181": {
            "x": 12.9,
            "y": 48.0,
            "demand": 13.0
        },
        "c182": {
            "x": 13.2,
            "y": 47.5,
            "demand": 19.0
        },
        "c183": {
            "x": 13.2,
            "y": 46.599998,
            "demand": 14.0
        },
        "c184": {
            "x": 1.5,
            "y": 44.099998,
            "demand": 11.0
        },
        "c185": {
            "x": 13.4,
            "y": 50.0,
            "demand": 18.0
        },
        "c186": {
            "x": 13.1,
            "y": 37.5,
            "demand": 20.0
        },
        "c187": {
            "x": 12.9,
            "y": 47.900002,
            "demand": 14.0
        },
        "c188": {
            "x": 3.0,
            "y": 40.799999,
            "demand": 16.0
        },
        "c189": {
            "x": 7.6,
            "y": 37.200001,
            "demand": 14.0
        },
        "c190": {
            "x": 12.2,
            "y": 37.0,
            "demand": 17.0
        },
        "c191": {
            "x": 7.8,
            "y": 37.799999,
            "demand": 15.0
        },
        "c192": {
            "x": 8.5,
            "y": 42.5,
            "demand": 19.0
        },
        "c193": {
            "x": 1.9,
            "y": 36.799999,
            "demand": 11.0
        },
        "c194": {
            "x": 10.7,
            "y": 47.200001,
            "demand": 13.0
        },
        "c195": {
            "x": 7.1,
            "y": 48.900002,
            "demand": 17.0
        },
        "c196": {
            "x": 6.9,
            "y": 46.799999,
            "demand": 11.0
        },
        "c197": {
            "x": 1.2,
            "y": 39.0,
            "demand": 13.0
        },
        "c198": {
            "x": 9.6,
            "y": 48.099998,
            "demand": 20.0
        },
        "c199": {
            "x": 13.9,
            "y": 42.200001,
            "demand": 13.0
        }
    },
    "depots": {
        "d0": {
            "x": 62.799999,
            "y": 75.0,
            "capacity": 6116.0,
            "opening_cost": 100.0
        },
        "d1": {
            "x": 95.599998,
            "y": 23.799999,
            "capacity": 6116.0,
            "opening_cost": 100.0
        },
        "d2": {
            "x": 40.799999,
            "y": 47.400002,
            "capacity": 6116.0,
            "opening_cost": 100.0
        },
        "d3": {
            "x": 10.9,
            "y": 46.5,
            "capacity": 6116.0,
            "opening_cost": 100.0
        },
        "d4": {
            "x": 26.0,
            "y": 26.9,
            "capacity": 6116.0,
            "opening_cost": 100.0
        },
        "d5": {
            "x": 17.6,
            "y": 38.799999,
            "capacity": 6116.0,
            "opening_cost": 100.0
        },
        "d6": {
            "x": 92.800003,
            "y": 84.400002,
            "capacity": 6116.0,
            "opening_cost": 100.0
        },
        "d7": {
            "x": 94.599998,
            "y": 87.0,
            "capacity": 6116.0,
            "opening_cost": 100.0
        },
        "d8": {
            "x": 83.800003,
            "y": 78.699997,
            "capacity": 6116.0,
            "opening_cost": 100.0
        },
        "d9": {
            "x": 32.700001,
            "y": 22.5,
            "capacity": 6116.0,
            "opening_cost": 100.0
        },
        "d10": {
            "x": 50.0,
            "y": 93.699997,
            "capacity": 6116.0,
            "opening_cost": 100.0
        },
        "d11": {
            "x": 83.599998,
            "y": 29.799999,
            "capacity": 6116.0,
            "opening_cost": 100.0
        },
        "d12": {
            "x": 84.400002,
            "y": 10.0,
            "capacity": 6116.0,
            "opening_cost": 100.0
        },
        "d13": {
            "x": 32.200001,
            "y": 22.1,
            "capacity": 6116.0,
            "opening_cost": 100.0
        },
        "d14": {
            "x": 40.900002,
            "y": 70.599998,
            "capacity": 6116.0,
            "opening_cost": 100.0
        },
        "d15": {
            "x": 17.1,
            "y": 28.799999,
            "capacity": 6116.0,
            "opening_cost": 100.0
        },
        "d16": {
            "x": 40.0,
            "y": 68.599998,
            "capacity": 6116.0,
            "opening_cost": 100.0
        },
        "d17": {
            "x": 69.300003,
            "y": 33.400002,
            "capacity": 6116.0,
            "opening_cost": 100.0
        },
        "d18": {
            "x": 82.800003,
            "y": 57.200001,
            "capacity": 6116.0,
            "opening_cost": 100.0
        },
        "d19": {
            "x": 20.9,
            "y": 92.099998,
            "capacity": 6116.0,
            "opening_cost": 100.0
        }
    },
    "meta_data": {
        "nb_customers": 200,
        "nb_depots": 20,
        "vehicle_cap": 150.0,
        "vehicle_cost": 10.0,
        "cost_type": 1.0
    }
}