{
    "customers": {
        "c0": {
            "x": 81.199997,
            "y": 91.5,
            "demand": 12.0
        },
        "c1": {
            "x": 0.3,
            "y": 72.099998,
            "demand": 20.0
        },
        "c2": {
            "x": 54.400002,
            "y": 94.800003,
            "demand": 13.0
        },
        "c3": {
            "x": 31.799999,
            "y": 13.4,
            "demand": 14.0
        },
        "c4": {
            "x": 94.400002,
            "y": 53.799999,
            "demand": 16.0
        },
        "c5": {
            "x": 57.400002,
            "y": 54.099998,
            "demand": 20.0
        },
        "c6": {
            "x": 18.6,
            "y": 58.599998,
            "demand": 11.0
        },
        "c7": {
            "x": 21.700001,
            "y": 66.099998,
            "demand": 18.0
        },
        "c8": {
            "x": 3.7,
            "y": 24.4,
            "demand": 19.0
        },
        "c9": {
            "x": 65.900002,
            "y": 68.800003,
            "demand": 18.0
        },
        "c10": {
            "x": 15.1,
            "y": 92.599998,
            "demand": 12.0
        },
        "c11": {
            "x": 47.799999,
            "y": 2.5,
            "demand": 13.0
        },
        "c12": {
            "x": 65.0,
            "y": 55.900002,
            "demand": 19.0
        },
        "c13": {
            "x": 17.4,
            "y": 5.7,
            "demand": 11.0
        },
        "c14": {
            "x": 66.300003,
            "y": 59.700001,
            "demand": 16.0
        },
        "c15": {
            "x": 80.5,
            "y": 23.0,
            "demand": 11.0
        },
        "c16": {
            "x": 55.599998,
            "y": 51.099998,
            "demand": 18.0
        },
        "c17": {
            "x": 52.799999,
            "y": 17.1,
            "demand": 15.0
        },
        "c18": {
            "x": 31.5,
            "y": 52.5,
            "demand": 10.0
        },
        "c19": {
            "x": 66.5,
            "y": 0.4,
            "demand": 13.0
        },
        "c20": {
            "x": 91.300003,
            "y": 41.900002,
            "demand": 16.0
        },
        "c21": {
            "x": 80.099998,
            "y": 49.200001,
            "demand": 20.0
        },
        "c22": {
            "x": 18.299999,
            "y": 7.7,
            "demand": 15.0
        },
        "c23": {
            "x": 11.9,
            "y": 52.400002,
            "demand": 18.0
        },
        "c24": {
            "x": 6.1,
            "y": 62.400002,
            "demand": 14.0
        },
        "c25": {
            "x": 5.7,
            "y": 58.0,
            "demand": 16.0
        },
        "c26": {
            "x": 14.1,
            "y": 58.400002,
            "demand": 20.0
        },
        "c27": {
            "x": 6.1,
            "y": 50.200001,
            "demand": 11.0
        },
        "c28": {
            "x": 10.6,
            "y": 50.0,
            "demand": 14.0
        },
        "c29": {
            "x": 9.8,
            "y": 47.200001,
            "demand": 17.0
        },
        "c30": {
            "x": 6.9,
            "y": 52.0,
            "demand": 16.0
        },
        "c31": {
            "x": 18.9,
            "y": 50.0,
            "demand": 13.0
        },
        "c32": {
            "x": 18.9,
            "y": 57.200001,
            "demand": 20.0
        },
        "c33": {
            "x": 21.9,
            "y": 60.299999,
            "demand": 15.0
        },
        "c34": {
            "x": 20.200001,
            "y": 56.299999,
            "demand": 15.0
        },
        "c35": {
            "x": 10.7,
            "y": 56.700001,
            "demand": 11.0
        },
        "c36": {
            "x": 18.700001,
            "y": 50.700001,
            "demand": 14.0
        },
        "c37": {
            "x": 20.1,
            "y": 48.5,
            "demand": 11.0
        },
        "c38": {
            "x": 9.6,
            "y": 62.700001,
            "demand": 11.0
        },
        "c39": {
            "x": 7.9,
            "y": 49.900002,
            "demand": 11.0
        },
        "c40": {
            "x": 16.0,
            "y": 52.400002,
            "demand": 14.0
        },
        "c41": {
            "x": 6.8,
            "y": 48.400002,
            "demand": 11.0
        },
        "c42": {
            "x": 22.5,
            "y": 57.400002,
            "demand": 15.0
        },
        "c43": {
            "x": 20.5,
            "y": 47.799999,
            "demand": 16.0
        },
        "c44": {
            "x": 12.0,
            "y": 48.900002,
            "demand": 18.0
        },
        "c45": {
            "x": 8.8,
            "y": 51.799999,
            "demand": 10.0
        },
        "c46": {
            "x": 20.200001,
            "y": 61.0,
            "demand": 12.0
        },
        "c47": {
            "x": 5.8,
            "y": 53.200001,
            "demand": 13.0
        },
        "c48": {
            "x": 6.2,
            "y": 57.5,
            "demand": 15.0
        },
        "c49": {
            "x": 11.6,
            "y": 52.5,
            "demand": 18.0
        },
        "c50": {
            "x": 9.7,
            "y": 59.299999,
            "demand": 12.0
        },
        "c51": {
            "x": 19.799999,
            "y": 56.599998,
            "demand": 12.0
        },
        "c52": {
            "x": 10.1,
            "y": 62.200001,
            "demand": 12.0
        },
        "c53": {
            "x": 22.700001,
            "y": 61.400002,
            "demand": 10.0
        },
        "c54": {
            "x": 19.6,
            "y": 61.5,
            "demand": 10.0
        },
        "c55": {
            "x": 16.0,
            "y": 54.900002,
            "demand": 14.0
        },
        "c56": {
            "x": 5.5,
            "y": 55.099998,
            "demand": 16.0
        },
        "c57": {
            "x": 18.9,
            "y": 57.099998,
            "demand": 10.0
        },
        "c58": {
            "x": 12.7,
            "y": 60.400002,
            "demand": 12.0
        },
        "c59": {
            "x": 5.8,
            "y": 49.5,
            "demand": 16.0
        },
        "c60": {
            "x": 21.1,
            "y": 55.700001,
            "demand": 10.0
        },
        "c61": {
            "x": 21.9,
            "y": 53.900002,
            "demand": 18.0
        },
        "c62": {
            "x": 18.299999,
            "y": 81.800003,
            "demand": 16.0
        },
        "c63": {
            "x": 13.0,
            "y": 79.599998,
            "demand": 19.0
        },
        "c64": {
            "x": 17.1,
            "y": 78.300003,
            "demand": 18.0
        },
        "c65": {
            "x": 12.9,
            "y": 86.599998,
            "demand": 20.0
        },
        "c66": {
            "x": 25.0,
            "y": 90.800003,
            "demand": 15.0
        },
        "c67": {
            "x": 8.4,
            "y": 92.699997,
            "demand": 16.0
        },
        "c68": {
            "x": 10.6,
            "y": 93.199997,
            "demand": 19.0
        },
        "c69": {
            "x": 15.1,
            "y": 93.900002,
            "demand": 18.0
        },
        "c70": {
            "x": 14.6,
            "y": 81.699997,
            "demand": 13.0
        },
        "c71": {
            "x": 12.3,
            "y": 84.0,
            "demand": 20.0
        },
        "c72": {
            "x": 13.5,
            "y": 81.699997,
            "demand": 15.0
        },
        "c73": {
            "x": 13.1,
            "y": 79.099998,
            "demand": 17.0
        },
        "c74": {
            "x": 12.9,
            "y": 78.099998,
            "demand": 12.0
        },
        "c75": {
            "x": 9.0,
            "y": 92.699997,
            "demand": 20.0
        },
        "c76": {
            "x": 19.799999,
            "y": 91.0,
            "demand": 19.0
        },
        "c77": {
            "x": 21.299999,
            "y": 89.099998,
            "demand": 19.0
        },
        "c78": {
            "x": 17.5,
            "y": 81.099998,
            "demand": 11.0
        },
        "c79": {
            "x": 14.2,
            "y": 87.5,
            "demand": 16.0
        },
        "c80": {
            "x": 22.9,
            "y": 89.900002,
            "demand": 17.0
        },
        "c81": {
            "x": 11.4,
            "y": 79.099998,
            "demand": 17.0
        },
        "c82": {
            "x": 20.200001,
            "y": 88.699997,
            "demand": 18.0
        },
        "c83": {
            "x": 8.0,
            "y": 93.800003,
            "demand": 18.0
        },
        "c84": {
            "x": 22.5,
            "y": 80.699997,
            "demand": 19.0
        },
        "c85": {
            "x": 15.5,
            "y": 83.199997,
            "demand": 16.0
        },
        "c86": {
            "x": 10.3,
            "y": 84.300003,
            "demand": 14.0
        },
        "c87": {
            "x": 14.3,
            "y": 88.599998,
            "demand": 17.0
        },
        "c88": {
            "x": 24.799999,
            "y": 84.5,
            "demand": 12.0
        },
        "c89": {
            "x": 23.5,
            "y": 94.099998,
            "demand": 13.0
        },
        "c90": {
            "x": 17.200001,
            "y": 78.300003,
            "demand": 10.0
        },
        "c91": {
            "x": 18.5,
            "y": 82.0,
            "demand": 15.0
        },
        "c92": {
            "x": 12.1,
            "y": 78.900002,
            "demand": 15.0
        },
        "c93": {
            "x": 12.6,
            "y": 90.800003,
            "demand": 14.0
        },
        "c94": {
            "x": 14.4,
            "y": 92.800003,
            "demand": 15.0
        },
        "c95": {
            "x": 19.299999,
            "y": 85.300003,
            "demand": 12.0
        },
        "c96": {
            "x": 17.1,
            "y": 91.0,
            "demand": 16.0
        },
        "c97": {
            "x": 23.4,
            "y": 85.5,
            "demand": 14.0
        },
        "c98": {
            "x": 24.6,
            "y": 89.5,
            "demand": 16.0
        },
        "c99": {
            "x": 21.200001,
            "y": 86.699997,
            "demand": 14.0
        },
        "c100": {
            "x": 14.3,
            "y": 78.800003,
            "demand": 17.0
        },
        "c101": {
            "x": 24.700001,
            "y": 78.699997,
            "demand": 19.0
        },
        "c102": {
            "x": 23.0,
            "y": 81.199997,
            "demand": 11.0
        },
        "c103": {
            "x": 24.9,
            "y": 89.800003,
            "demand": 14.0
        },
        "c104": {
            "x": 10.2,
            "y": 85.400002,
            "demand": 12.0
        },
        "c105": {
            "x": 8.0,
            "y": 20.0,
            "demand": 10.0
        },
        "c106": {
            "x": 1.8,
            "y": 20.6,
            "demand": 15.0
        },
        "c107": {
            "x": 0.3,
            "y": 11.7,
            "demand": 20.0
        },
        "c108": {
            "x": 12.0,
            "y": 23.4,
            "demand": 14.0
        },
        "c109": {
            "x": 0.0,
            "y": 17.200001,
            "demand": 10.0
        },
        "c110": {
            "x": 2.6,
            "y": 8.2,
            "demand": 13.0
        },
        "c111": {
            "x": 9.4,
            "y": 18.0,
            "demand": 10.0
        },
        "c112": {
            "x": 5.6,
            "y": 8.6,
            "demand": 19.0
        },
        "c113": {
            "x": 0.0,
            "y": 7.4,
            "demand": 11.0
        },
        "c114": {
            "x": 2.6,
            "y": 19.700001,
            "demand": 19.0
        },
        "c115": {
            "x": 8.9,
            "y": 22.5,
            "demand": 19.0
        },
        "c116": {
            "x": 0.0,
            "y": 20.1,
            "demand": 10.0
        },
        "c117": {
            "x": 8.8,
            "y": 10.8,
            "demand": 15.0
        },
        "c118": {
            "x": 0.0,
            "y": 20.299999,
            "demand": 16.0
        },
        "c119": {
            "x": 0.0,
            "y": 21.700001,
            "demand": 16.0
        },
        "c120": {
            "x": 0.0,
            "y": 17.9,
            "demand": 19.0
        },
        "c121": {
            "x": 2.7,
            "y": 7.3,
            "demand": 20.0
        },
        "c122": {
            "x": 6.7,
            "y": 22.799999,
            "demand": 15.0
        },
        "c123": {
            "x": 6.3,
            "y": 23.4,
            "demand": 13.0
        },
        "c124": {
            "x": 4.4,
            "y": 24.0,
            "demand": 13.0
        },
        "c125": {
            "x": 3.7,
            "y": 8.6,
            "demand": 20.0
        },
        "c126": {
            "x": 10.7,
            "y": 22.6,
            "demand": 17.0
        },
        "c127": {
            "x": 11.6,
            "y": 22.200001,
            "demand": 12.0
        },
        "c128": {
            "x": 0.0,
            "y": 15.2,
            "demand": 14.0
        },
        "c129": {
            "x": 0.6,
            "y": 11.3,
            "demand": 18.0
        },
        "c130": {
            "x": 9.4,
            "y": 9.9,
            "demand": 18.0
        },
        "c131": {
            "x": 7.5,
            "y": 23.4,
            "demand": 19.0
        },
        "c132": {
            "x": 5.2,
            "y": 15.5,
            "demand": 14.0
        },
        "c133": {
            "x": 0.0,
            "y": 12.4,
            "demand": 14.0
        },
        "c134": {
            "x": 5.2,
            "y": 16.200001,
            "demand": 15.0
        },
        "c135": {
            "x": 0.0,
            "y": 7.3,
            "demand": 16.0
        },
        "c136": {
            "x": 12.0,
            "y": 21.1,
            "demand": 20.0
        },
        "c137": {
            "x": 2.3,
            "y": 10.3,
            "demand": 10.0
        },
        "c138": {
            "x": 0.2,
            "y": 22.1,
            "demand": 12.0
        },
        "c139": {
            "x": 0.0,
            "y": 7.4,
            "demand": 13.0
        },
        "c140": {
            "x": 5.6,
            "y": 18.9,
            "demand": 19.0
        },
        "c141": {
            "x": 11.2,
            "y": 12.8,
            "demand": 18.0
        },
        "c142": {
            "x": 5.5,
            "y": 14.8,
            "demand": 11.0
        },
        "c143": {
            "x": 1.0,
            "y": 16.0,
            "demand": 12.0
        },
        "c144": {
            "x": 6.1,
            "y": 18.0,
            "demand": 20.0
        },
        "c145": {
            "x": 2.4,
            "y": 15.9,
            "demand": 10.0
        },
        "c146": {
            "x": 10.9,
            "y": 8.6,
            "demand": 13.0
        },
        "c147": {
            "x": 3.3,
            "y": 10.4,
            "demand": 14.0
        },
        "c148": {
            "x": 8.6,
            "y": 9.6,
            "demand": 12.0
        },
        "c149": {
            "x": 11.3,
            "y": 17.799999,
            "demand": 15.0
        }
    },
    "depots": {
        "d0": {
            "x": 9.0,
            "y": 5.6,
            "capacity": 4484.0,
            "opening_cost": 100.0
        },
        "d1": {
            "x": 61.900002,
            "y": 64.400002,
            "capacity": 4484.0,
            "opening_cost": 100.0
        },
        "d2": {
            "x": 33.900002,
            "y": 85.0,
            "capacity": 4484.0,
            "opening_cost": 100.0
        },
        "d3": {
            "x": 49.099998,
            "y": 92.699997,
            "capacity": 4484.0,
            "opening_cost": 100.0
        },
        "d4": {
            "x": 65.599998,
            "y": 83.699997,
            "capacity": 4484.0,
            "opening_cost": 100.0
        },
        "d5": {
            "x": 51.400002,
            "y": 7.8,
            "capacity": 4484.0,
            "opening_cost": 100.0
        },
        "d6": {
            "x": 43.5,
            "y": 39.400002,
            "capacity": 4484.0,
            "opening_cost": 100.0
        },
        "d7": {
            "x": 15.2,
            "y": 93.300003,
            "capacity": 4484.0,
            "opening_cost": 100.0
        },
        "d8": {
            "x": 0.9,
            "y": 2.0,
            "capacity": 4484.0,
            "opening_cost": 100.0
        },
        "d9": {
            "x": 47.700001,
            "y": 95.300003,
            "capacity": 4484.0,
            "opening_cost": 100.0
        }
    },
    "meta_data": {
        "nb_customers": 150,
        "nb_depots": 10,
        "vehicle_cap": 150.0,
        "vehicle_cost": 10.0,
        "cost_type": 1.0
    }
}