{
    "customers": {
        "c0": {
            "x": 57.599998,
            "y": 92.699997,
            "demand": 16.0
        },
        "c1": {
            "x": 70.0,
            "y": 79.0,
            "demand": 19.0
        },
        "c2": {
            "x": 98.0,
            "y": 45.799999,
            "demand": 11.0
        },
        "c3": {
            "x": 50.0,
            "y": 97.800003,
            "demand": 14.0
        },
        "c4": {
            "x": 2.4,
            "y": 26.700001,
            "demand": 13.0
        },
        "c5": {
            "x": 81.0,
            "y": 46.700001,
            "demand": 16.0
        },
        "c6": {
            "x": 70.800003,
            "y": 56.400002,
            "demand": 10.0
        },
        "c7": {
            "x": 33.299999,
            "y": 59.900002,
            "demand": 14.0
        },
        "c8": {
            "x": 27.6,
            "y": 88.5,
            "demand": 16.0
        },
        "c9": {
            "x": 19.5,
            "y": 61.900002,
            "demand": 13.0
        },
        "c10": {
            "x": 75.699997,
            "y": 60.400002,
            "demand": 20.0
        },
        "c11": {
            "x": 26.4,
            "y": 14.7,
            "demand": 11.0
        },
        "c12": {
            "x": 93.800003,
            "y": 21.6,
            "demand": 17.0
        },
        "c13": {
            "x": 28.200001,
            "y": 5.4,
            "demand": 10.0
        },
        "c14": {
            "x": 3.5,
            "y": 72.5,
            "demand": 13.0
        },
        "c15": {
            "x": 28.6,
            "y": 8.6,
            "demand": 19.0
        },
        "c16": {
            "x": 25.0,
            "y": 93.400002,
            "demand": 11.0
        },
        "c17": {
            "x": 26.200001,
            "y": 67.5,
            "demand": 19.0
        },
        "c18": {
            "x": 28.4,
            "y": 57.700001,
            "demand": 15.0
        },
        "c19": {
            "x": 17.299999,
            "y": 82.400002,
            "demand": 12.0
        },
        "c20": {
            "x": 60.200001,
            "y": 77.5,
            "demand": 13.0
        },
        "c21": {
            "x": 66.400002,
            "y": 81.300003,
            "demand": 12.0
        },
        "c22": {
            "x": 3.8,
            "y": 56.5,
            "demand": 17.0
        },
        "c23": {
            "x": 62.700001,
            "y": 44.200001,
            "demand": 12.0
        },
        "c24": {
            "x": 5.1,
            "y": 47.400002,
            "demand": 18.0
        },
        "c25": {
            "x": 12.6,
            "y": 76.800003,
            "demand": 16.0
        },
        "c26": {
            "x": 14.2,
            "y": 72.5,
            "demand": 12.0
        },
        "c27": {
            "x": 14.9,
            "y": 70.300003,
            "demand": 11.0
        },
        "c28": {
            "x": 16.0,
            "y": 69.400002,
            "demand": 13.0
        },
        "c29": {
            "x": 22.700001,
            "y": 76.199997,
            "demand": 14.0
        },
        "c30": {
            "x": 17.299999,
            "y": 77.900002,
            "demand": 15.0
        },
        "c31": {
            "x": 21.200001,
            "y": 71.800003,
            "demand": 20.0
        },
        "c32": {
            "x": 22.200001,
            "y": 72.900002,
            "demand": 14.0
        },
        "c33": {
            "x": 12.9,
            "y": 65.099998,
            "demand": 11.0
        },
        "c34": {
            "x": 22.6,
            "y": 77.0,
            "demand": 20.0
        },
        "c35": {
            "x": 19.1,
            "y": 71.0,
            "demand": 16.0
        },
        "c36": {
            "x": 20.5,
            "y": 70.800003,
            "demand": 20.0
        },
        "c37": {
            "x": 10.0,
            "y": 69.5,
            "demand": 16.0
        },
        "c38": {
            "x": 12.2,
            "y": 70.199997,
            "demand": 16.0
        },
        "c39": {
            "x": 18.299999,
            "y": 68.800003,
            "demand": 16.0
        },
        "c40": {
            "x": 11.1,
            "y": 68.699997,
            "demand": 11.0
        },
        "c41": {
            "x": 11.3,
            "y": 73.800003,
            "demand": 10.0
        },
        "c42": {
            "x": 15.1,
            "y": 75.699997,
            "demand": 16.0
        },
        "c43": {
            "x": 14.3,
            "y": 71.099998,
            "demand": 17.0
        },
        "c44": {
            "x": 14.9,
            "y": 74.0,
            "demand": 16.0
        },
        "c45": {
            "x": 20.5,
            "y": 69.699997,
            "demand": 11.0
        },
        "c46": {
            "x": 19.6,
            "y": 73.400002,
            "demand": 20.0
        },
        "c47": {
            "x": 22.0,
            "y": 73.900002,
            "demand": 15.0
        },
        "c48": {
            "x": 13.9,
            "y": 65.199997,
            "demand": 16.0
        },
        "c49": {
            "x": 21.6,
            "y": 70.0,
            "demand": 11.0
        },
        "c50": {
            "x": 16.299999,
            "y": 73.0,
            "demand": 10.0
        },
        "c51": {
            "x": 20.1,
            "y": 69.0,
            "demand": 18.0
        },
        "c52": {
            "x": 15.4,
            "y": 11.5,
            "demand": 11.0
        },
        "c53": {
            "x": 18.299999,
            "y": 13.6,
            "demand": 13.0
        },
        "c54": {
            "x": 22.200001,
            "y": 11.8,
            "demand": 17.0
        },
        "c55": {
            "x": 25.5,
            "y": 13.2,
            "demand": 18.0
        },
        "c56": {
            "x": 22.5,
            "y": 13.8,
            "demand": 18.0
        },
        "c57": {
            "x": 16.6,
            "y": 10.4,
            "demand": 11.0
        },
        "c58": {
            "x": 15.5,
            "y": 6.7,
            "demand": 12.0
        },
        "c59": {
            "x": 25.0,
            "y": 10.2,
            "demand": 11.0
        },
        "c60": {
            "x": 17.299999,
            "y": 8.0,
            "demand": 15.0
        },
        "c61": {
            "x": 17.700001,
            "y": 9.6,
            "demand": 10.0
        },
        "c62": {
            "x": 21.799999,
            "y": 10.2,
            "demand": 20.0
        },
        "c63": {
            "x": 19.5,
            "y": 8.9,
            "demand": 20.0
        },
        "c64": {
            "x": 25.9,
            "y": 11.2,
            "demand": 18.0
        },
        "c65": {
            "x": 18.9,
            "y": 7.4,
            "demand": 17.0
        },
        "c66": {
            "x": 23.0,
            "y": 7.8,
            "demand": 11.0
        },
        "c67": {
            "x": 19.9,
            "y": 6.6,
            "demand": 17.0
        },
        "c68": {
            "x": 17.4,
            "y": 11.7,
            "demand": 13.0
        },
        "c69": {
            "x": 13.2,
            "y": 6.4,
            "demand": 12.0
        },
        "c70": {
            "x": 22.1,
            "y": 11.7,
            "demand": 15.0
        },
        "c71": {
            "x": 14.0,
            "y": 16.799999,
            "demand": 19.0
        },
        "c72": {
            "x": 21.5,
            "y": 17.700001,
            "demand": 20.0
        },
        "c73": {
            "x": 21.4,
            "y": 11.2,
            "demand": 15.0
        },
        "c74": {
            "x": 15.0,
            "y": 9.5,
            "demand": 18.0
        },
        "c75": {
            "x": 12.6,
            "y": 13.3,
            "demand": 20.0
        },
        "c76": {
            "x": 20.299999,
            "y": 5.3,
            "demand": 13.0
        },
        "c77": {
            "x": 96.699997,
            "y": 23.799999,
            "demand": 12.0
        },
        "c78": {
            "x": 87.099998,
            "y": 18.799999,
            "demand": 18.0
        },
        "c79": {
            "x": 95.900002,
            "y": 22.700001,
            "demand": 10.0
        },
        "c80": {
            "x": 93.400002,
            "y": 25.799999,
            "demand": 20.0
        },
        "c81": {
            "x": 88.599998,
            "y": 22.4,
            "demand": 17.0
        },
        "c82": {
            "x": 91.199997,
            "y": 24.799999,
            "demand": 11.0
        },
        "c83": {
            "x": 88.0,
            "y": 24.0,
            "demand": 12.0
        },
        "c84": {
            "x": 91.900002,
            "y": 22.5,
            "demand": 16.0
        },
        "c85": {
            "x": 85.099998,
            "y": 16.5,
            "demand": 14.0
        },
        "c86": {
            "x": 95.400002,
            "y": 28.0,
            "demand": 16.0
        },
        "c87": {
            "x": 85.199997,
            "y": 23.799999,
            "demand": 10.0
        },
        "c88": {
            "x": 96.099998,
            "y": 25.6,
            "demand": 15.0
        },
        "c89": {
            "x": 85.900002,
            "y": 26.299999,
            "demand": 12.0
        },
        "c90": {
            "x": 94.199997,
            "y": 24.700001,
            "demand": 11.0
        },
        "c91": {
            "x": 92.0,
            "y": 17.1,
            "demand": 17.0
        },
        "c92": {
            "x": 89.300003,
            "y": 26.9,
            "demand": 19.0
        },
        "c93": {
            "x": 91.0,
            "y": 19.200001,
            "demand": 15.0
        },
        "c94": {
            "x": 85.699997,
            "y": 15.7,
            "demand": 17.0
        },
        "c95": {
            "x": 96.400002,
            "y": 23.4,
            "demand": 17.0
        },
        "c96": {
            "x": 87.400002,
            "y": 16.9,
            "demand": 12.0
        },
        "c97": {
            "x": 93.900002,
            "y": 16.6,
            "demand": 18.0
        },
        "c98": {
            "x": 47.700001,
            "y": 36.400002,
            "demand": 20.0
        },
        "c99": {
            "x": 46.400002,
            "y": 28.200001,
            "demand": 14.0
        },
        "c100": {
            "x": 40.900002,
            "y": 31.9,
            "demand": 19.0
        },
        "c101": {
            "x": 43.700001,
            "y": 38.5,
            "demand": 16.0
        },
        "c102": {
            "x": 45.099998,
            "y": 37.200001,
            "demand": 19.0
        },
        "c103": {
            "x": 37.900002,
            "y": 26.4,
            "demand": 14.0
        },
        "c104": {
            "x": 47.599998,
            "y": 36.200001,
            "demand": 14.0
        },
        "c105": {
            "x": 41.200001,
            "y": 31.9,
            "demand": 12.0
        },
        "c106": {
            "x": 42.099998,
            "y": 30.6,
            "demand": 16.0
        },
        "c107": {
            "x": 43.099998,
            "y": 38.5,
            "demand": 10.0
        },
        "c108": {
            "x": 47.0,
            "y": 29.1,
            "demand": 11.0
        },
        "c109": {
            "x": 43.200001,
            "y": 26.0,
            "demand": 15.0
        },
        "c110": {
            "x": 42.099998,
            "y": 38.200001,
            "demand": 12.0
        },
        "c111": {
            "x": 36.900002,
            "y": 29.5,
            "demand": 15.0
        },
        "c112": {
            "x": 45.099998,
            "y": 30.9,
            "demand": 18.0
        },
        "c113": {
            "x": 42.599998,
            "y": 31.299999,
            "demand": 15.0
        },
        "c114": {
            "x": 46.200001,
            "y": 33.099998,
            "demand": 18.0
        },
        "c115": {
            "x": 35.400002,
            "y": 32.599998,
            "demand": 10.0
        },
        "c116": {
            "x": 47.200001,
            "y": 26.9,
            "demand": 16.0
        },
        "c117": {
            "x": 40.299999,
            "y": 33.5,
            "demand": 18.0
        },
        "c118": {
            "x": 38.5,
            "y": 25.9,
            "demand": 16.0
        },
        "c119": {
            "x": 40.099998,
            "y": 38.0,
            "demand": 15.0
        },
        "c120": {
            "x": 42.0,
            "y": 36.700001,
            "demand": 15.0
        },
        "c121": {
            "x": 45.099998,
            "y": 31.0,
            "demand": 14.0
        },
        "c122": {
            "x": 40.599998,
            "y": 27.6,
            "demand": 10.0
        },
        "c123": {
            "x": 77.699997,
            "y": 52.700001,
            "demand": 15.0
        },
        "c124": {
            "x": 69.199997,
            "y": 45.599998,
            "demand": 14.0
        },
        "c125": {
            "x": 65.5,
            "y": 43.700001,
            "demand": 17.0
        },
        "c126": {
            "x": 76.5,
            "y": 41.599998,
            "demand": 16.0
        },
        "c127": {
            "x": 68.099998,
            "y": 48.0,
            "demand": 13.0
        },
        "c128": {
            "x": 65.099998,
            "y": 46.0,
            "demand": 15.0
        },
        "c129": {
            "x": 71.599998,
            "y": 41.099998,
            "demand": 20.0
        },
        "c130": {
            "x": 73.699997,
            "y": 49.099998,
            "demand": 16.0
        },
        "c131": {
            "x": 66.0,
            "y": 42.099998,
            "demand": 17.0
        },
        "c132": {
            "x": 77.400002,
            "y": 44.299999,
            "demand": 10.0
        },
        "c133": {
            "x": 69.699997,
            "y": 43.0,
            "demand": 18.0
        },
        "c134": {
            "x": 71.199997,
            "y": 50.700001,
            "demand": 13.0
        },
        "c135": {
            "x": 71.099998,
            "y": 46.5,
            "demand": 17.0
        },
        "c136": {
            "x": 71.199997,
            "y": 46.599998,
            "demand": 14.0
        },
        "c137": {
            "x": 72.400002,
            "y": 49.700001,
            "demand": 12.0
        },
        "c138": {
            "x": 67.900002,
            "y": 49.799999,
            "demand": 12.0
        },
        "c139": {
            "x": 73.800003,
            "y": 41.900002,
            "demand": 18.0
        },
        "c140": {
            "x": 68.900002,
            "y": 53.799999,
            "demand": 12.0
        },
        "c141": {
            "x": 76.699997,
            "y": 42.200001,
            "demand": 12.0
        },
        "c142": {
            "x": 76.099998,
            "y": 47.099998,
            "demand": 16.0
        },
        "c143": {
            "x": 77.0,
            "y": 41.900002,
            "demand": 15.0
        },
        "c144": {
            "x": 72.599998,
            "y": 49.700001,
            "demand": 20.0
        },
        "c145": {
            "x": 70.699997,
            "y": 45.799999,
            "demand": 13.0
        },
        "c146": {
            "x": 65.0,
            "y": 45.200001,
            "demand": 20.0
        },
        "c147": {
            "x": 76.099998,
            "y": 42.099998,
            "demand": 18.0
        },
        "c148": {
            "x": 66.5,
            "y": 42.599998,
            "demand": 10.0
        },
        "c149": {
            "x": 67.699997,
            "y": 45.400002,
            "demand": 20.0
        }
    },
    "depots": {
        "d0": {
            "x": 41.599998,
            "y": 22.0,
            "capacity": 4480.0,
            "opening_cost": 100.0
        },
        "d1": {
            "x": 33.799999,
            "y": 62.799999,
            "capacity": 4480.0,
            "opening_cost": 100.0
        },
        "d2": {
            "x": 72.599998,
            "y": 59.700001,
            "capacity": 4480.0,
            "opening_cost": 100.0
        },
        "d3": {
            "x": 75.699997,
            "y": 51.200001,
            "capacity": 4480.0,
            "opening_cost": 100.0
        },
        "d4": {
            "x": 59.299999,
            "y": 71.800003,
            "capacity": 4480.0,
            "opening_cost": 100.0
        },
        "d5": {
            "x": 76.5,
            "y": 38.799999,
            "capacity": 4480.0,
            "opening_cost": 100.0
        },
        "d6": {
            "x": 91.400002,
            "y": 78.099998,
            "capacity": 4480.0,
            "opening_cost": 100.0
        },
        "d7": {
            "x": 95.599998,
            "y": 21.5,
            "capacity": 4480.0,
            "opening_cost": 100.0
        },
        "d8": {
            "x": 4.9,
            "y": 99.199997,
            "capacity": 4480.0,
            "opening_cost": 100.0
        },
        "d9": {
            "x": 21.200001,
            "y": 58.400002,
            "capacity": 4480.0,
            "opening_cost": 100.0
        },
        "d10": {
            "x": 86.900002,
            "y": 56.799999,
            "capacity": 4480.0,
            "opening_cost": 100.0
        },
        "d11": {
            "x": 30.4,
            "y": 3.4,
            "capacity": 4480.0,
            "opening_cost": 100.0
        },
        "d12": {
            "x": 53.299999,
            "y": 41.200001,
            "capacity": 4480.0,
            "opening_cost": 100.0
        },
        "d13": {
            "x": 23.200001,
            "y": 7.5,
            "capacity": 4480.0,
            "opening_cost": 100.0
        },
        "d14": {
            "x": 88.5,
            "y": 13.0,
            "capacity": 4480.0,
            "opening_cost": 100.0
        },
        "d15": {
            "x": 7.3,
            "y": 30.700001,
            "capacity": 4480.0,
            "opening_cost": 100.0
        },
        "d16": {
            "x": 74.099998,
            "y": 1.5,
            "capacity": 4480.0,
            "opening_cost": 100.0
        },
        "d17": {
            "x": 37.0,
            "y": 89.5,
            "capacity": 4480.0,
            "opening_cost": 100.0
        },
        "d18": {
            "x": 42.0,
            "y": 3.4,
            "capacity": 4480.0,
            "opening_cost": 100.0
        },
        "d19": {
            "x": 55.400002,
            "y": 0.5,
            "capacity": 4480.0,
            "opening_cost": 100.0
        }
    },
    "meta_data": {
        "nb_customers": 150,
        "nb_depots": 20,
        "vehicle_cap": 150.0,
        "vehicle_cost": 10.0,
        "cost_type": 1.0
    }
}