{
    "customers": {
        "c0": {
            "x": 83.5,
            "y": 98.099998,
            "demand": 14.0
        },
        "c1": {
            "x": 64.199997,
            "y": 84.300003,
            "demand": 16.0
        },
        "c2": {
            "x": 83.699997,
            "y": 37.0,
            "demand": 18.0
        },
        "c3": {
            "x": 92.199997,
            "y": 54.5,
            "demand": 18.0
        },
        "c4": {
            "x": 1.3,
            "y": 86.400002,
            "demand": 20.0
        },
        "c5": {
            "x": 58.400002,
            "y": 80.699997,
            "demand": 19.0
        },
        "c6": {
            "x": 78.699997,
            "y": 35.099998,
            "demand": 14.0
        },
        "c7": {
            "x": 58.5,
            "y": 98.099998,
            "demand": 20.0
        },
        "c8": {
            "x": 83.400002,
            "y": 71.699997,
            "demand": 13.0
        },
        "c9": {
            "x": 69.0,
            "y": 54.5,
            "demand": 17.0
        },
        "c10": {
            "x": 97.199997,
            "y": 67.699997,
            "demand": 14.0
        },
        "c11": {
            "x": 61.5,
            "y": 84.099998,
            "demand": 18.0
        },
        "c12": {
            "x": 42.0,
            "y": 96.5,
            "demand": 16.0
        },
        "c13": {
            "x": 24.1,
            "y": 5.8,
            "demand": 14.0
        },
        "c14": {
            "x": 94.0,
            "y": 61.200001,
            "demand": 17.0
        },
        "c15": {
            "x": 9.3,
            "y": 75.0,
            "demand": 18.0
        },
        "c16": {
            "x": 3.8,
            "y": 61.299999,
            "demand": 20.0
        },
        "c17": {
            "x": 34.599998,
            "y": 40.599998,
            "demand": 14.0
        },
        "c18": {
            "x": 84.5,
            "y": 23.6,
            "demand": 20.0
        },
        "c19": {
            "x": 94.699997,
            "y": 11.6,
            "demand": 10.0
        },
        "c20": {
            "x": 96.300003,
            "y": 59.900002,
            "demand": 11.0
        },
        "c21": {
            "x": 12.2,
            "y": 43.200001,
            "demand": 16.0
        },
        "c22": {
            "x": 81.300003,
            "y": 99.699997,
            "demand": 11.0
        },
        "c23": {
            "x": 37.799999,
            "y": 65.800003,
            "demand": 19.0
        },
        "c24": {
            "x": 47.599998,
            "y": 68.300003,
            "demand": 13.0
        },
        "c25": {
            "x": 8.8,
            "y": 82.099998,
            "demand": 18.0
        },
        "c26": {
            "x": 79.199997,
            "y": 32.5,
            "demand": 13.0
        },
        "c27": {
            "x": 78.5,
            "y": 73.599998,
            "demand": 18.0
        },
        "c28": {
            "x": 77.400002,
            "y": 45.200001,
            "demand": 20.0
        },
        "c29": {
            "x": 34.5,
            "y": 20.0,
            "demand": 15.0
        },
        "c30": {
            "x": 90.800003,
            "y": 39.299999,
            "demand": 14.0
        },
        "c31": {
            "x": 11.7,
            "y": 27.700001,
            "demand": 10.0
        },
        "c32": {
            "x": 3.5,
            "y": 88.199997,
            "demand": 19.0
        },
        "c33": {
            "x": 50.400002,
            "y": 96.599998,
            "demand": 16.0
        },
        "c34": {
            "x": 28.6,
            "y": 1.1,
            "demand": 13.0
        },
        "c35": {
            "x": 40.599998,
            "y": 99.199997,
            "demand": 19.0
        },
        "c36": {
            "x": 15.8,
            "y": 33.400002,
            "demand": 18.0
        },
        "c37": {
            "x": 91.099998,
            "y": 94.699997,
            "demand": 15.0
        },
        "c38": {
            "x": 14.7,
            "y": 85.300003,
            "demand": 15.0
        },
        "c39": {
            "x": 7.5,
            "y": 84.699997,
            "demand": 14.0
        },
        "c40": {
            "x": 70.800003,
            "y": 60.200001,
            "demand": 12.0
        },
        "c41": {
            "x": 75.5,
            "y": 7.1,
            "demand": 12.0
        },
        "c42": {
            "x": 82.800003,
            "y": 55.5,
            "demand": 13.0
        },
        "c43": {
            "x": 38.099998,
            "y": 43.400002,
            "demand": 18.0
        },
        "c44": {
            "x": 20.700001,
            "y": 53.700001,
            "demand": 13.0
        },
        "c45": {
            "x": 32.599998,
            "y": 56.5,
            "demand": 14.0
        },
        "c46": {
            "x": 32.700001,
            "y": 63.0,
            "demand": 14.0
        },
        "c47": {
            "x": 26.200001,
            "y": 54.5,
            "demand": 16.0
        },
        "c48": {
            "x": 28.700001,
            "y": 53.700001,
            "demand": 15.0
        },
        "c49": {
            "x": 29.700001,
            "y": 65.599998,
            "demand": 17.0
        },
        "c50": {
            "x": 25.1,
            "y": 53.099998,
            "demand": 11.0
        },
        "c51": {
            "x": 26.9,
            "y": 54.900002,
            "demand": 17.0
        },
        "c52": {
            "x": 32.5,
            "y": 60.700001,
            "demand": 20.0
        },
        "c53": {
            "x": 28.700001,
            "y": 63.799999,
            "demand": 14.0
        },
        "c54": {
            "x": 24.9,
            "y": 61.400002,
            "demand": 13.0
        },
        "c55": {
            "x": 33.400002,
            "y": 59.700001,
            "demand": 18.0
        },
        "c56": {
            "x": 25.4,
            "y": 61.200001,
            "demand": 17.0
        },
        "c57": {
            "x": 30.700001,
            "y": 54.599998,
            "demand": 15.0
        },
        "c58": {
            "x": 24.799999,
            "y": 64.5,
            "demand": 16.0
        },
        "c59": {
            "x": 25.5,
            "y": 64.5,
            "demand": 20.0
        },
        "c60": {
            "x": 20.5,
            "y": 58.400002,
            "demand": 14.0
        },
        "c61": {
            "x": 31.1,
            "y": 57.0,
            "demand": 10.0
        },
        "c62": {
            "x": 31.0,
            "y": 61.400002,
            "demand": 14.0
        },
        "c63": {
            "x": 22.700001,
            "y": 65.099998,
            "demand": 20.0
        },
        "c64": {
            "x": 23.4,
            "y": 61.200001,
            "demand": 10.0
        },
        "c65": {
            "x": 23.299999,
            "y": 61.700001,
            "demand": 12.0
        },
        "c66": {
            "x": 33.599998,
            "y": 61.799999,
            "demand": 14.0
        },
        "c67": {
            "x": 20.9,
            "y": 62.299999,
            "demand": 20.0
        },
        "c68": {
            "x": 30.200001,
            "y": 62.900002,
            "demand": 20.0
        },
        "c69": {
            "x": 31.200001,
            "y": 63.299999,
            "demand": 15.0
        },
        "c70": {
            "x": 21.6,
            "y": 62.799999,
            "demand": 19.0
        },
        "c71": {
            "x": 30.9,
            "y": 63.200001,
            "demand": 13.0
        },
        "c72": {
            "x": 22.299999,
            "y": 57.5,
            "demand": 14.0
        },
        "c73": {
            "x": 24.1,
            "y": 64.800003,
            "demand": 16.0
        },
        "c74": {
            "x": 29.4,
            "y": 53.299999,
            "demand": 18.0
        },
        "c75": {
            "x": 33.299999,
            "y": 53.099998,
            "demand": 20.0
        },
        "c76": {
            "x": 19.1,
            "y": 12.1,
            "demand": 13.0
        },
        "c77": {
            "x": 23.4,
            "y": 8.3,
            "demand": 13.0
        },
        "c78": {
            "x": 21.6,
            "y": 2.8,
            "demand": 17.0
        },
        "c79": {
            "x": 26.1,
            "y": 13.3,
            "demand": 12.0
        },
        "c80": {
            "x": 28.5,
            "y": 13.0,
            "demand": 10.0
        },
        "c81": {
            "x": 20.200001,
            "y": 11.6,
            "demand": 13.0
        },
        "c82": {
            "x": 27.4,
            "y": 4.9,
            "demand": 12.0
        },
        "c83": {
            "x": 30.5,
            "y": 8.1,
            "demand": 12.0
        },
        "c84": {
            "x": 21.200001,
            "y": 11.8,
            "demand": 16.0
        },
        "c85": {
            "x": 30.4,
            "y": 4.6,
            "demand": 17.0
        },
        "c86": {
            "x": 30.9,
            "y": 11.3,
            "demand": 14.0
        },
        "c87": {
            "x": 28.9,
            "y": 4.5,
            "demand": 16.0
        },
        "c88": {
            "x": 23.5,
            "y": 3.4,
            "demand": 11.0
        },
        "c89": {
            "x": 18.0,
            "y": 6.1,
            "demand": 15.0
        },
        "c90": {
            "x": 29.1,
            "y": 13.5,
            "demand": 18.0
        },
        "c91": {
            "x": 18.1,
            "y": 2.4,
            "demand": 17.0
        },
        "c92": {
            "x": 27.4,
            "y": 9.2,
            "demand": 11.0
        },
        "c93": {
            "x": 25.700001,
            "y": 8.4,
            "demand": 14.0
        },
        "c94": {
            "x": 29.9,
            "y": 1.5,
            "demand": 16.0
        },
        "c95": {
            "x": 22.9,
            "y": 2.0,
            "demand": 13.0
        },
        "c96": {
            "x": 22.200001,
            "y": 2.6,
            "demand": 17.0
        },
        "c97": {
            "x": 27.799999,
            "y": 4.6,
            "demand": 12.0
        },
        "c98": {
            "x": 31.299999,
            "y": 7.1,
            "demand": 13.0
        },
        "c99": {
            "x": 18.299999,
            "y": 6.5,
            "demand": 16.0
        },
        "c100": {
            "x": 26.1,
            "y": 12.0,
            "demand": 11.0
        },
        "c101": {
            "x": 25.799999,
            "y": 7.3,
            "demand": 14.0
        },
        "c102": {
            "x": 20.200001,
            "y": 8.6,
            "demand": 19.0
        },
        "c103": {
            "x": 30.6,
            "y": 13.9,
            "demand": 16.0
        },
        "c104": {
            "x": 18.4,
            "y": 3.8,
            "demand": 19.0
        },
        "c105": {
            "x": 22.299999,
            "y": 6.9,
            "demand": 18.0
        },
        "c106": {
            "x": 21.4,
            "y": 4.5,
            "demand": 10.0
        },
        "c107": {
            "x": 27.700001,
            "y": 9.3,
            "demand": 14.0
        },
        "c108": {
            "x": 83.099998,
            "y": 42.299999,
            "demand": 18.0
        },
        "c109": {
            "x": 78.5,
            "y": 50.799999,
            "demand": 20.0
        },
        "c110": {
            "x": 72.800003,
            "y": 40.5,
            "demand": 13.0
        },
        "c111": {
            "x": 81.0,
            "y": 48.0,
            "demand": 13.0
        },
        "c112": {
            "x": 70.5,
            "y": 50.900002,
            "demand": 20.0
        },
        "c113": {
            "x": 75.800003,
            "y": 44.900002,
            "demand": 15.0
        },
        "c114": {
            "x": 75.099998,
            "y": 44.400002,
            "demand": 20.0
        },
        "c115": {
            "x": 83.199997,
            "y": 50.400002,
            "demand": 20.0
        },
        "c116": {
            "x": 72.0,
            "y": 51.299999,
            "demand": 15.0
        },
        "c117": {
            "x": 76.199997,
            "y": 46.200001,
            "demand": 15.0
        },
        "c118": {
            "x": 70.0,
            "y": 42.099998,
            "demand": 11.0
        },
        "c119": {
            "x": 78.900002,
            "y": 46.5,
            "demand": 18.0
        },
        "c120": {
            "x": 83.199997,
            "y": 45.700001,
            "demand": 16.0
        },
        "c121": {
            "x": 81.400002,
            "y": 51.400002,
            "demand": 10.0
        },
        "c122": {
            "x": 79.0,
            "y": 43.400002,
            "demand": 16.0
        },
        "c123": {
            "x": 77.699997,
            "y": 40.900002,
            "demand": 18.0
        },
        "c124": {
            "x": 72.800003,
            "y": 40.700001,
            "demand": 14.0
        },
        "c125": {
            "x": 78.699997,
            "y": 41.099998,
            "demand": 13.0
        },
        "c126": {
            "x": 71.5,
            "y": 44.0,
            "demand": 10.0
        },
        "c127": {
            "x": 75.699997,
            "y": 40.099998,
            "demand": 18.0
        },
        "c128": {
            "x": 75.800003,
            "y": 51.700001,
            "demand": 20.0
        },
        "c129": {
            "x": 79.300003,
            "y": 52.599998,
            "demand": 15.0
        },
        "c130": {
            "x": 73.099998,
            "y": 39.700001,
            "demand": 11.0
        },
        "c131": {
            "x": 77.599998,
            "y": 41.0,
            "demand": 10.0
        },
        "c132": {
            "x": 72.5,
            "y": 50.900002,
            "demand": 16.0
        },
        "c133": {
            "x": 78.5,
            "y": 51.5,
            "demand": 20.0
        },
        "c134": {
            "x": 76.199997,
            "y": 40.0,
            "demand": 10.0
        },
        "c135": {
            "x": 75.900002,
            "y": 50.099998,
            "demand": 19.0
        },
        "c136": {
            "x": 73.0,
            "y": 43.599998,
            "demand": 15.0
        },
        "c137": {
            "x": 70.0,
            "y": 51.900002,
            "demand": 12.0
        },
        "c138": {
            "x": 85.199997,
            "y": 27.0,
            "demand": 19.0
        },
        "c139": {
            "x": 88.800003,
            "y": 26.9,
            "demand": 17.0
        },
        "c140": {
            "x": 92.5,
            "y": 21.1,
            "demand": 11.0
        },
        "c141": {
            "x": 93.599998,
            "y": 29.1,
            "demand": 19.0
        },
        "c142": {
            "x": 92.800003,
            "y": 25.9,
            "demand": 19.0
        },
        "c143": {
            "x": 95.699997,
            "y": 31.299999,
            "demand": 13.0
        },
        "c144": {
            "x": 87.800003,
            "y": 27.0,
            "demand": 12.0
        },
        "c145": {
            "x": 88.400002,
            "y": 31.1,
            "demand": 11.0
        },
        "c146": {
            "x": 89.599998,
            "y": 19.200001,
            "demand": 19.0
        },
        "c147": {
            "x": 91.0,
            "y": 20.6,
            "demand": 10.0
        },
        "c148": {
            "x": 84.900002,
            "y": 24.700001,
            "demand": 12.0
        },
        "c149": {
            "x": 91.300003,
            "y": 22.799999,
            "demand": 15.0
        },
        "c150": {
            "x": 88.699997,
            "y": 28.9,
            "demand": 17.0
        },
        "c151": {
            "x": 97.400002,
            "y": 23.200001,
            "demand": 19.0
        },
        "c152": {
            "x": 93.099998,
            "y": 20.6,
            "demand": 13.0
        },
        "c153": {
            "x": 86.099998,
            "y": 31.0,
            "demand": 19.0
        },
        "c154": {
            "x": 93.5,
            "y": 30.799999,
            "demand": 18.0
        },
        "c155": {
            "x": 85.300003,
            "y": 31.799999,
            "demand": 14.0
        },
        "c156": {
            "x": 85.300003,
            "y": 29.6,
            "demand": 13.0
        },
        "c157": {
            "x": 88.699997,
            "y": 31.200001,
            "demand": 14.0
        },
        "c158": {
            "x": 90.5,
            "y": 24.9,
            "demand": 20.0
        },
        "c159": {
            "x": 96.599998,
            "y": 19.9,
            "demand": 11.0
        },
        "c160": {
            "x": 87.300003,
            "y": 25.6,
            "demand": 20.0
        },
        "c161": {
            "x": 95.099998,
            "y": 20.4,
            "demand": 14.0
        },
        "c162": {
            "x": 92.699997,
            "y": 24.0,
            "demand": 10.0
        },
        "c163": {
            "x": 89.300003,
            "y": 22.9,
            "demand": 12.0
        },
        "c164": {
            "x": 92.699997,
            "y": 18.9,
            "demand": 15.0
        },
        "c165": {
            "x": 93.900002,
            "y": 30.0,
            "demand": 14.0
        },
        "c166": {
            "x": 97.0,
            "y": 31.200001,
            "demand": 20.0
        },
        "c167": {
            "x": 96.300003,
            "y": 19.299999,
            "demand": 13.0
        },
        "c168": {
            "x": 56.0,
            "y": 10.8,
            "demand": 12.0
        },
        "c169": {
            "x": 56.200001,
            "y": 17.9,
            "demand": 13.0
        },
        "c170": {
            "x": 66.699997,
            "y": 12.0,
            "demand": 13.0
        },
        "c171": {
            "x": 64.300003,
            "y": 16.299999,
            "demand": 10.0
        },
        "c172": {
            "x": 63.0,
            "y": 11.6,
            "demand": 16.0
        },
        "c173": {
            "x": 65.900002,
            "y": 9.5,
            "demand": 17.0
        },
        "c174": {
            "x": 63.5,
            "y": 7.7,
            "demand": 11.0
        },
        "c175": {
            "x": 65.699997,
            "y": 17.5,
            "demand": 13.0
        },
        "c176": {
            "x": 63.599998,
            "y": 19.0,
            "demand": 19.0
        },
        "c177": {
            "x": 61.200001,
            "y": 18.700001,
            "demand": 11.0
        },
        "c178": {
            "x": 64.300003,
            "y": 17.1,
            "demand": 17.0
        },
        "c179": {
            "x": 63.200001,
            "y": 17.700001,
            "demand": 15.0
        },
        "c180": {
            "x": 66.300003,
            "y": 7.6,
            "demand": 19.0
        },
        "c181": {
            "x": 55.099998,
            "y": 7.5,
            "demand": 19.0
        },
        "c182": {
            "x": 65.400002,
            "y": 9.9,
            "demand": 10.0
        },
        "c183": {
            "x": 61.099998,
            "y": 15.8,
            "demand": 12.0
        },
        "c184": {
            "x": 59.599998,
            "y": 19.700001,
            "demand": 20.0
        },
        "c185": {
            "x": 66.599998,
            "y": 15.5,
            "demand": 15.0
        },
        "c186": {
            "x": 58.099998,
            "y": 7.4,
            "demand": 10.0
        },
        "c187": {
            "x": 62.299999,
            "y": 16.5,
            "demand": 18.0
        },
        "c188": {
            "x": 60.799999,
            "y": 15.0,
            "demand": 19.0
        },
        "c189": {
            "x": 60.099998,
            "y": 8.2,
            "demand": 14.0
        },
        "c190": {
            "x": 59.299999,
            "y": 19.0,
            "demand": 16.0
        },
        "c191": {
            "x": 60.099998,
            "y": 16.799999,
            "demand": 12.0
        },
        "c192": {
            "x": 58.5,
            "y": 12.4,
            "demand": 15.0
        },
        "c193": {
            "x": 57.400002,
            "y": 18.1,
            "demand": 11.0
        },
        "c194": {
            "x": 63.5,
            "y": 17.5,
            "demand": 18.0
        },
        "c195": {
            "x": 59.200001,
            "y": 13.5,
            "demand": 12.0
        },
        "c196": {
            "x": 54.299999,
            "y": 17.799999,
            "demand": 12.0
        },
        "c197": {
            "x": 65.199997,
            "y": 8.5,
            "demand": 15.0
        },
        "c198": {
            "x": 58.700001,
            "y": 7.5,
            "demand": 17.0
        },
        "c199": {
            "x": 62.900002,
            "y": 17.5,
            "demand": 11.0
        }
    },
    "depots": {
        "d0": {
            "x": 30.299999,
            "y": 81.099998,
            "capacity": 6052.0,
            "opening_cost": 100.0
        },
        "d1": {
            "x": 76.800003,
            "y": 8.2,
            "capacity": 6052.0,
            "opening_cost": 100.0
        },
        "d2": {
            "x": 33.400002,
            "y": 75.0,
            "capacity": 6052.0,
            "opening_cost": 100.0
        },
        "d3": {
            "x": 96.300003,
            "y": 77.0,
            "capacity": 6052.0,
            "opening_cost": 100.0
        },
        "d4": {
            "x": 40.299999,
            "y": 30.1,
            "capacity": 6052.0,
            "opening_cost": 100.0
        },
        "d5": {
            "x": 50.400002,
            "y": 86.300003,
            "capacity": 6052.0,
            "opening_cost": 100.0
        },
        "d6": {
            "x": 31.700001,
            "y": 8.9,
            "capacity": 6052.0,
            "opening_cost": 100.0
        },
        "d7": {
            "x": 99.099998,
            "y": 7.2,
            "capacity": 6052.0,
            "opening_cost": 100.0
        },
        "d8": {
            "x": 19.4,
            "y": 47.599998,
            "capacity": 6052.0,
            "opening_cost": 100.0
        },
        "d9": {
            "x": 60.099998,
            "y": 71.400002,
            "capacity": 6052.0,
            "opening_cost": 100.0
        }
    },
    "meta_data": {
        "nb_customers": 200,
        "nb_depots": 10,
        "vehicle_cap": 150.0,
        "vehicle_cost": 10.0,
        "cost_type": 1.0
    }
}