{
    "customers": {
        "c0": {
            "x": 80.5,
            "y": 21.0,
            "demand": 19.0
        },
        "c1": {
            "x": 90.099998,
            "y": 59.200001,
            "demand": 16.0
        },
        "c2": {
            "x": 91.199997,
            "y": 50.700001,
            "demand": 12.0
        },
        "c3": {
            "x": 92.199997,
            "y": 53.5,
            "demand": 10.0
        },
        "c4": {
            "x": 99.900002,
            "y": 54.299999,
            "demand": 11.0
        },
        "c5": {
            "x": 99.900002,
            "y": 53.0,
            "demand": 13.0
        },
        "c6": {
            "x": 98.300003,
            "y": 58.599998,
            "demand": 14.0
        },
        "c7": {
            "x": 99.900002,
            "y": 56.200001,
            "demand": 20.0
        },
        "c8": {
            "x": 89.699997,
            "y": 55.299999,
            "demand": 16.0
        },
        "c9": {
            "x": 90.400002,
            "y": 51.799999,
            "demand": 18.0
        },
        "c10": {
            "x": 96.400002,
            "y": 48.400002,
            "demand": 16.0
        },
        "c11": {
            "x": 99.900002,
            "y": 47.099998,
            "demand": 14.0
        },
        "c12": {
            "x": 99.300003,
            "y": 49.200001,
            "demand": 12.0
        },
        "c13": {
            "x": 99.900002,
            "y": 53.0,
            "demand": 11.0
        },
        "c14": {
            "x": 99.900002,
            "y": 47.5,
            "demand": 16.0
        },
        "c15": {
            "x": 99.900002,
            "y": 49.200001,
            "demand": 19.0
        },
        "c16": {
            "x": 98.099998,
            "y": 53.200001,
            "demand": 15.0
        },
        "c17": {
            "x": 99.900002,
            "y": 54.099998,
            "demand": 13.0
        },
        "c18": {
            "x": 62.700001,
            "y": 75.800003,
            "demand": 20.0
        },
        "c19": {
            "x": 69.900002,
            "y": 73.400002,
            "demand": 17.0
        },
        "c20": {
            "x": 74.400002,
            "y": 76.900002,
            "demand": 18.0
        },
        "c21": {
            "x": 62.799999,
            "y": 78.400002,
            "demand": 10.0
        },
        "c22": {
            "x": 72.5,
            "y": 81.199997,
            "demand": 11.0
        },
        "c23": {
            "x": 66.699997,
            "y": 81.800003,
            "demand": 19.0
        },
        "c24": {
            "x": 67.800003,
            "y": 84.900002,
            "demand": 13.0
        },
        "c25": {
            "x": 61.700001,
            "y": 78.699997,
            "demand": 17.0
        },
        "c26": {
            "x": 72.099998,
            "y": 81.199997,
            "demand": 15.0
        },
        "c27": {
            "x": 65.800003,
            "y": 83.5,
            "demand": 15.0
        },
        "c28": {
            "x": 65.400002,
            "y": 83.400002,
            "demand": 15.0
        },
        "c29": {
            "x": 67.599998,
            "y": 78.400002,
            "demand": 13.0
        },
        "c30": {
            "x": 73.0,
            "y": 81.0,
            "demand": 18.0
        },
        "c31": {
            "x": 62.799999,
            "y": 73.599998,
            "demand": 12.0
        },
        "c32": {
            "x": 71.699997,
            "y": 74.599998,
            "demand": 19.0
        },
        "c33": {
            "x": 64.0,
            "y": 83.099998,
            "demand": 11.0
        },
        "c34": {
            "x": 72.800003,
            "y": 76.599998,
            "demand": 16.0
        },
        "c35": {
            "x": 63.599998,
            "y": 74.199997,
            "demand": 10.0
        },
        "c36": {
            "x": 62.900002,
            "y": 81.5,
            "demand": 20.0
        },
        "c37": {
            "x": 71.800003,
            "y": 78.400002,
            "demand": 13.0
        },
        "c38": {
            "x": 69.800003,
            "y": 73.0,
            "demand": 20.0
        },
        "c39": {
            "x": 65.300003,
            "y": 74.0,
            "demand": 18.0
        },
        "c40": {
            "x": 94.099998,
            "y": 23.4,
            "demand": 16.0
        },
        "c41": {
            "x": 95.599998,
            "y": 27.299999,
            "demand": 20.0
        },
        "c42": {
            "x": 99.900002,
            "y": 22.5,
            "demand": 15.0
        },
        "c43": {
            "x": 93.800003,
            "y": 24.299999,
            "demand": 15.0
        },
        "c44": {
            "x": 94.199997,
            "y": 34.599998,
            "demand": 17.0
        },
        "c45": {
            "x": 97.400002,
            "y": 28.6,
            "demand": 10.0
        },
        "c46": {
            "x": 92.5,
            "y": 28.6,
            "demand": 13.0
        },
        "c47": {
            "x": 99.900002,
            "y": 22.5,
            "demand": 19.0
        },
        "c48": {
            "x": 98.699997,
            "y": 27.6,
            "demand": 18.0
        },
        "c49": {
            "x": 93.599998,
            "y": 28.299999,
            "demand": 17.0
        },
        "c50": {
            "x": 96.5,
            "y": 22.1,
            "demand": 12.0
        },
        "c51": {
            "x": 98.5,
            "y": 30.200001,
            "demand": 13.0
        },
        "c52": {
            "x": 91.900002,
            "y": 33.900002,
            "demand": 20.0
        },
        "c53": {
            "x": 99.900002,
            "y": 34.0,
            "demand": 19.0
        },
        "c54": {
            "x": 95.099998,
            "y": 25.5,
            "demand": 10.0
        },
        "c55": {
            "x": 96.400002,
            "y": 29.1,
            "demand": 18.0
        },
        "c56": {
            "x": 91.599998,
            "y": 25.299999,
            "demand": 10.0
        },
        "c57": {
            "x": 99.900002,
            "y": 34.700001,
            "demand": 19.0
        },
        "c58": {
            "x": 99.900002,
            "y": 22.1,
            "demand": 19.0
        },
        "c59": {
            "x": 99.599998,
            "y": 24.6,
            "demand": 12.0
        },
        "c60": {
            "x": 94.599998,
            "y": 27.299999,
            "demand": 14.0
        },
        "c61": {
            "x": 8.5,
            "y": 67.199997,
            "demand": 20.0
        },
        "c62": {
            "x": 21.700001,
            "y": 69.099998,
            "demand": 10.0
        },
        "c63": {
            "x": 19.700001,
            "y": 68.5,
            "demand": 10.0
        },
        "c64": {
            "x": 11.4,
            "y": 69.0,
            "demand": 14.0
        },
        "c65": {
            "x": 16.299999,
            "y": 77.800003,
            "demand": 18.0
        },
        "c66": {
            "x": 21.1,
            "y": 67.300003,
            "demand": 16.0
        },
        "c67": {
            "x": 13.2,
            "y": 75.199997,
            "demand": 19.0
        },
        "c68": {
            "x": 9.2,
            "y": 70.0,
            "demand": 14.0
        },
        "c69": {
            "x": 11.5,
            "y": 77.900002,
            "demand": 10.0
        },
        "c70": {
            "x": 11.2,
            "y": 74.099998,
            "demand": 11.0
        },
        "c71": {
            "x": 20.4,
            "y": 71.199997,
            "demand": 12.0
        },
        "c72": {
            "x": 13.4,
            "y": 74.699997,
            "demand": 10.0
        },
        "c73": {
            "x": 12.3,
            "y": 69.900002,
            "demand": 11.0
        },
        "c74": {
            "x": 10.8,
            "y": 77.300003,
            "demand": 11.0
        },
        "c75": {
            "x": 15.3,
            "y": 73.5,
            "demand": 17.0
        },
        "c76": {
            "x": 19.4,
            "y": 70.800003,
            "demand": 10.0
        },
        "c77": {
            "x": 9.5,
            "y": 75.199997,
            "demand": 19.0
        },
        "c78": {
            "x": 16.5,
            "y": 69.5,
            "demand": 10.0
        },
        "c79": {
            "x": 19.299999,
            "y": 69.699997,
            "demand": 20.0
        },
        "c80": {
            "x": 37.799999,
            "y": 8.3,
            "demand": 15.0
        },
        "c81": {
            "x": 43.0,
            "y": 14.9,
            "demand": 15.0
        },
        "c82": {
            "x": 36.5,
            "y": 8.8,
            "demand": 16.0
        },
        "c83": {
            "x": 45.200001,
            "y": 12.4,
            "demand": 11.0
        },
        "c84": {
            "x": 33.099998,
            "y": 9.4,
            "demand": 13.0
        },
        "c85": {
            "x": 39.700001,
            "y": 13.8,
            "demand": 15.0
        },
        "c86": {
            "x": 38.400002,
            "y": 4.4,
            "demand": 10.0
        },
        "c87": {
            "x": 34.099998,
            "y": 9.1,
            "demand": 10.0
        },
        "c88": {
            "x": 40.099998,
            "y": 13.9,
            "demand": 13.0
        },
        "c89": {
            "x": 39.299999,
            "y": 16.1,
            "demand": 14.0
        },
        "c90": {
            "x": 36.599998,
            "y": 10.6,
            "demand": 17.0
        },
        "c91": {
            "x": 34.299999,
            "y": 14.2,
            "demand": 19.0
        },
        "c92": {
            "x": 38.299999,
            "y": 16.299999,
            "demand": 18.0
        },
        "c93": {
            "x": 39.599998,
            "y": 7.1,
            "demand": 16.0
        },
        "c94": {
            "x": 41.400002,
            "y": 9.5,
            "demand": 11.0
        },
        "c95": {
            "x": 41.900002,
            "y": 11.7,
            "demand": 20.0
        },
        "c96": {
            "x": 39.799999,
            "y": 11.5,
            "demand": 12.0
        },
        "c97": {
            "x": 40.599998,
            "y": 8.9,
            "demand": 19.0
        },
        "c98": {
            "x": 37.299999,
            "y": 4.8,
            "demand": 11.0
        },
        "c99": {
            "x": 45.5,
            "y": 16.1,
            "demand": 10.0
        }
    },
    "depots": {
        "d0": {
            "x": 45.5,
            "y": 89.5,
            "capacity": 2956.0,
            "opening_cost": 100.0
        },
        "d1": {
            "x": 46.400002,
            "y": 98.699997,
            "capacity": 2956.0,
            "opening_cost": 100.0
        },
        "d2": {
            "x": 2.0,
            "y": 38.5,
            "capacity": 2956.0,
            "opening_cost": 100.0
        },
        "d3": {
            "x": 28.200001,
            "y": 14.3,
            "capacity": 2956.0,
            "opening_cost": 100.0
        },
        "d4": {
            "x": 94.0,
            "y": 65.599998,
            "capacity": 2956.0,
            "opening_cost": 100.0
        },
        "d5": {
            "x": 4.6,
            "y": 21.6,
            "capacity": 2956.0,
            "opening_cost": 100.0
        },
        "d6": {
            "x": 41.799999,
            "y": 67.800003,
            "capacity": 2956.0,
            "opening_cost": 100.0
        },
        "d7": {
            "x": 93.0,
            "y": 27.799999,
            "capacity": 2956.0,
            "opening_cost": 100.0
        },
        "d8": {
            "x": 17.9,
            "y": 3.7,
            "capacity": 2956.0,
            "opening_cost": 100.0
        },
        "d9": {
            "x": 39.400002,
            "y": 34.599998,
            "capacity": 2956.0,
            "opening_cost": 100.0
        },
        "d10": {
            "x": 57.299999,
            "y": 36.0,
            "capacity": 2956.0,
            "opening_cost": 100.0
        },
        "d11": {
            "x": 60.799999,
            "y": 22.5,
            "capacity": 2956.0,
            "opening_cost": 100.0
        },
        "d12": {
            "x": 28.4,
            "y": 70.300003,
            "capacity": 2956.0,
            "opening_cost": 100.0
        },
        "d13": {
            "x": 50.099998,
            "y": 22.700001,
            "capacity": 2956.0,
            "opening_cost": 100.0
        },
        "d14": {
            "x": 91.300003,
            "y": 57.599998,
            "capacity": 2956.0,
            "opening_cost": 100.0
        },
        "d15": {
            "x": 2.0,
            "y": 37.200001,
            "capacity": 2956.0,
            "opening_cost": 100.0
        },
        "d16": {
            "x": 21.9,
            "y": 15.3,
            "capacity": 2956.0,
            "opening_cost": 100.0
        },
        "d17": {
            "x": 28.5,
            "y": 86.699997,
            "capacity": 2956.0,
            "opening_cost": 100.0
        },
        "d18": {
            "x": 25.0,
            "y": 10.2,
            "capacity": 2956.0,
            "opening_cost": 100.0
        },
        "d19": {
            "x": 77.699997,
            "y": 4.7,
            "capacity": 2956.0,
            "opening_cost": 100.0
        }
    },
    "meta_data": {
        "nb_customers": 100,
        "nb_depots": 20,
        "vehicle_cap": 150.0,
        "vehicle_cost": 10.0,
        "cost_type": 1.0
    }
}