{
    "customers": {
        "c0": {
            "x": 40.599998,
            "y": 84.800003,
            "demand": 20.0
        },
        "c1": {
            "x": 0.2,
            "y": 44.400002,
            "demand": 15.0
        },
        "c2": {
            "x": 53.0,
            "y": 66.0,
            "demand": 18.0
        },
        "c3": {
            "x": 79.800003,
            "y": 65.099998,
            "demand": 12.0
        },
        "c4": {
            "x": 84.300003,
            "y": 72.0,
            "demand": 12.0
        },
        "c5": {
            "x": 33.900002,
            "y": 1.1,
            "demand": 11.0
        },
        "c6": {
            "x": 47.5,
            "y": 30.4,
            "demand": 18.0
        },
        "c7": {
            "x": 10.5,
            "y": 61.099998,
            "demand": 18.0
        },
        "c8": {
            "x": 85.699997,
            "y": 92.300003,
            "demand": 20.0
        },
        "c9": {
            "x": 71.900002,
            "y": 5.9,
            "demand": 10.0
        },
        "c10": {
            "x": 23.1,
            "y": 68.900002,
            "demand": 11.0
        },
        "c11": {
            "x": 37.0,
            "y": 92.599998,
            "demand": 19.0
        },
        "c12": {
            "x": 31.0,
            "y": 51.0,
            "demand": 10.0
        },
        "c13": {
            "x": 27.799999,
            "y": 28.1,
            "demand": 13.0
        },
        "c14": {
            "x": 0.6,
            "y": 31.6,
            "demand": 10.0
        },
        "c15": {
            "x": 76.099998,
            "y": 49.299999,
            "demand": 17.0
        },
        "c16": {
            "x": 32.400002,
            "y": 46.700001,
            "demand": 13.0
        },
        "c17": {
            "x": 53.400002,
            "y": 51.799999,
            "demand": 20.0
        },
        "c18": {
            "x": 96.699997,
            "y": 49.400002,
            "demand": 11.0
        },
        "c19": {
            "x": 71.300003,
            "y": 74.699997,
            "demand": 13.0
        },
        "c20": {
            "x": 23.5,
            "y": 69.400002,
            "demand": 19.0
        },
        "c21": {
            "x": 46.099998,
            "y": 15.6,
            "demand": 17.0
        },
        "c22": {
            "x": 97.599998,
            "y": 52.099998,
            "demand": 19.0
        },
        "c23": {
            "x": 72.199997,
            "y": 69.5,
            "demand": 13.0
        },
        "c24": {
            "x": 63.5,
            "y": 20.200001,
            "demand": 15.0
        },
        "c25": {
            "x": 34.200001,
            "y": 62.599998,
            "demand": 19.0
        },
        "c26": {
            "x": 28.5,
            "y": 83.300003,
            "demand": 14.0
        },
        "c27": {
            "x": 59.400002,
            "y": 12.8,
            "demand": 10.0
        },
        "c28": {
            "x": 63.900002,
            "y": 7.4,
            "demand": 10.0
        },
        "c29": {
            "x": 57.400002,
            "y": 45.900002,
            "demand": 14.0
        },
        "c30": {
            "x": 81.099998,
            "y": 64.900002,
            "demand": 19.0
        },
        "c31": {
            "x": 28.5,
            "y": 92.5,
            "demand": 10.0
        },
        "c32": {
            "x": 26.6,
            "y": 55.700001,
            "demand": 16.0
        },
        "c33": {
            "x": 81.199997,
            "y": 90.199997,
            "demand": 17.0
        },
        "c34": {
            "x": 94.099998,
            "y": 73.199997,
            "demand": 11.0
        },
        "c35": {
            "x": 88.900002,
            "y": 15.9,
            "demand": 19.0
        },
        "c36": {
            "x": 52.200001,
            "y": 1.9,
            "demand": 19.0
        },
        "c37": {
            "x": 30.299999,
            "y": 90.699997,
            "demand": 12.0
        },
        "c38": {
            "x": 20.5,
            "y": 0.9,
            "demand": 20.0
        },
        "c39": {
            "x": 92.099998,
            "y": 27.5,
            "demand": 19.0
        },
        "c40": {
            "x": 52.900002,
            "y": 57.099998,
            "demand": 13.0
        },
        "c41": {
            "x": 89.199997,
            "y": 71.900002,
            "demand": 15.0
        },
        "c42": {
            "x": 8.3,
            "y": 59.0,
            "demand": 13.0
        },
        "c43": {
            "x": 17.1,
            "y": 26.700001,
            "demand": 12.0
        },
        "c44": {
            "x": 80.699997,
            "y": 70.199997,
            "demand": 11.0
        },
        "c45": {
            "x": 21.0,
            "y": 15.0,
            "demand": 11.0
        },
        "c46": {
            "x": 63.599998,
            "y": 40.099998,
            "demand": 17.0
        },
        "c47": {
            "x": 74.800003,
            "y": 47.5,
            "demand": 20.0
        },
        "c48": {
            "x": 28.700001,
            "y": 27.700001,
            "demand": 13.0
        },
        "c49": {
            "x": 12.4,
            "y": 78.800003,
            "demand": 15.0
        },
        "c50": {
            "x": 43.599998,
            "y": 72.5,
            "demand": 15.0
        },
        "c51": {
            "x": 41.599998,
            "y": 17.9,
            "demand": 13.0
        },
        "c52": {
            "x": 15.0,
            "y": 66.0,
            "demand": 12.0
        },
        "c53": {
            "x": 76.0,
            "y": 22.9,
            "demand": 20.0
        },
        "c54": {
            "x": 37.099998,
            "y": 16.799999,
            "demand": 10.0
        },
        "c55": {
            "x": 66.900002,
            "y": 82.400002,
            "demand": 15.0
        },
        "c56": {
            "x": 66.0,
            "y": 79.099998,
            "demand": 16.0
        },
        "c57": {
            "x": 12.0,
            "y": 84.800003,
            "demand": 17.0
        },
        "c58": {
            "x": 89.300003,
            "y": 94.5,
            "demand": 11.0
        },
        "c59": {
            "x": 61.299999,
            "y": 41.700001,
            "demand": 12.0
        },
        "c60": {
            "x": 48.299999,
            "y": 29.0,
            "demand": 10.0
        },
        "c61": {
            "x": 92.699997,
            "y": 59.099998,
            "demand": 19.0
        },
        "c62": {
            "x": 29.0,
            "y": 6.3,
            "demand": 12.0
        },
        "c63": {
            "x": 21.5,
            "y": 18.6,
            "demand": 13.0
        },
        "c64": {
            "x": 61.700001,
            "y": 10.8,
            "demand": 13.0
        },
        "c65": {
            "x": 13.7,
            "y": 76.099998,
            "demand": 20.0
        },
        "c66": {
            "x": 52.0,
            "y": 44.799999,
            "demand": 10.0
        },
        "c67": {
            "x": 44.599998,
            "y": 84.400002,
            "demand": 18.0
        },
        "c68": {
            "x": 9.6,
            "y": 55.700001,
            "demand": 12.0
        },
        "c69": {
            "x": 72.300003,
            "y": 99.599998,
            "demand": 17.0
        },
        "c70": {
            "x": 0.9,
            "y": 97.199997,
            "demand": 11.0
        },
        "c71": {
            "x": 75.900002,
            "y": 99.0,
            "demand": 16.0
        },
        "c72": {
            "x": 77.800003,
            "y": 35.099998,
            "demand": 12.0
        },
        "c73": {
            "x": 70.099998,
            "y": 1.2,
            "demand": 18.0
        },
        "c74": {
            "x": 74.5,
            "y": 78.800003,
            "demand": 19.0
        },
        "c75": {
            "x": 39.900002,
            "y": 30.299999,
            "demand": 10.0
        },
        "c76": {
            "x": 94.5,
            "y": 62.700001,
            "demand": 17.0
        },
        "c77": {
            "x": 48.0,
            "y": 47.299999,
            "demand": 19.0
        },
        "c78": {
            "x": 94.5,
            "y": 71.599998,
            "demand": 11.0
        },
        "c79": {
            "x": 38.599998,
            "y": 40.5,
            "demand": 20.0
        },
        "c80": {
            "x": 70.5,
            "y": 84.599998,
            "demand": 11.0
        },
        "c81": {
            "x": 55.400002,
            "y": 14.9,
            "demand": 17.0
        },
        "c82": {
            "x": 37.299999,
            "y": 44.799999,
            "demand": 19.0
        },
        "c83": {
            "x": 44.900002,
            "y": 61.0,
            "demand": 11.0
        },
        "c84": {
            "x": 59.400002,
            "y": 97.099998,
            "demand": 14.0
        },
        "c85": {
            "x": 42.099998,
            "y": 19.4,
            "demand": 15.0
        },
        "c86": {
            "x": 53.700001,
            "y": 38.200001,
            "demand": 18.0
        },
        "c87": {
            "x": 66.699997,
            "y": 33.200001,
            "demand": 15.0
        },
        "c88": {
            "x": 41.099998,
            "y": 16.799999,
            "demand": 20.0
        },
        "c89": {
            "x": 52.900002,
            "y": 43.400002,
            "demand": 18.0
        },
        "c90": {
            "x": 26.700001,
            "y": 82.400002,
            "demand": 13.0
        },
        "c91": {
            "x": 53.0,
            "y": 69.699997,
            "demand": 12.0
        },
        "c92": {
            "x": 21.9,
            "y": 12.2,
            "demand": 17.0
        },
        "c93": {
            "x": 39.5,
            "y": 39.099998,
            "demand": 16.0
        },
        "c94": {
            "x": 52.599998,
            "y": 82.599998,
            "demand": 15.0
        },
        "c95": {
            "x": 98.800003,
            "y": 29.0,
            "demand": 18.0
        },
        "c96": {
            "x": 86.900002,
            "y": 57.5,
            "demand": 20.0
        },
        "c97": {
            "x": 83.5,
            "y": 2.8,
            "demand": 12.0
        },
        "c98": {
            "x": 36.099998,
            "y": 80.599998,
            "demand": 13.0
        },
        "c99": {
            "x": 63.0,
            "y": 13.3,
            "demand": 16.0
        },
        "c100": {
            "x": 70.5,
            "y": 94.5,
            "demand": 13.0
        },
        "c101": {
            "x": 75.699997,
            "y": 57.299999,
            "demand": 14.0
        },
        "c102": {
            "x": 37.400002,
            "y": 67.099998,
            "demand": 10.0
        },
        "c103": {
            "x": 21.4,
            "y": 94.0,
            "demand": 12.0
        },
        "c104": {
            "x": 49.200001,
            "y": 29.6,
            "demand": 11.0
        },
        "c105": {
            "x": 34.200001,
            "y": 55.5,
            "demand": 18.0
        },
        "c106": {
            "x": 20.700001,
            "y": 38.799999,
            "demand": 12.0
        },
        "c107": {
            "x": 90.400002,
            "y": 48.400002,
            "demand": 16.0
        },
        "c108": {
            "x": 46.400002,
            "y": 97.300003,
            "demand": 14.0
        },
        "c109": {
            "x": 95.699997,
            "y": 39.599998,
            "demand": 17.0
        },
        "c110": {
            "x": 62.700001,
            "y": 35.299999,
            "demand": 14.0
        },
        "c111": {
            "x": 14.5,
            "y": 54.200001,
            "demand": 17.0
        },
        "c112": {
            "x": 40.400002,
            "y": 58.5,
            "demand": 14.0
        },
        "c113": {
            "x": 5.0,
            "y": 14.6,
            "demand": 10.0
        },
        "c114": {
            "x": 66.5,
            "y": 96.699997,
            "demand": 20.0
        },
        "c115": {
            "x": 49.099998,
            "y": 94.800003,
            "demand": 12.0
        },
        "c116": {
            "x": 24.9,
            "y": 82.099998,
            "demand": 11.0
        },
        "c117": {
            "x": 99.699997,
            "y": 26.200001,
            "demand": 11.0
        },
        "c118": {
            "x": 62.799999,
            "y": 56.5,
            "demand": 14.0
        },
        "c119": {
            "x": 61.299999,
            "y": 38.0,
            "demand": 20.0
        },
        "c120": {
            "x": 6.2,
            "y": 81.900002,
            "demand": 10.0
        },
        "c121": {
            "x": 37.5,
            "y": 92.0,
            "demand": 19.0
        },
        "c122": {
            "x": 10.4,
            "y": 24.9,
            "demand": 12.0
        },
        "c123": {
            "x": 70.199997,
            "y": 20.0,
            "demand": 13.0
        },
        "c124": {
            "x": 85.300003,
            "y": 14.4,
            "demand": 20.0
        },
        "c125": {
            "x": 15.9,
            "y": 65.599998,
            "demand": 18.0
        },
        "c126": {
            "x": 87.800003,
            "y": 70.099998,
            "demand": 15.0
        },
        "c127": {
            "x": 4.6,
            "y": 40.099998,
            "demand": 18.0
        },
        "c128": {
            "x": 76.099998,
            "y": 53.700001,
            "demand": 15.0
        },
        "c129": {
            "x": 27.700001,
            "y": 93.300003,
            "demand": 13.0
        },
        "c130": {
            "x": 91.300003,
            "y": 58.299999,
            "demand": 16.0
        },
        "c131": {
            "x": 55.099998,
            "y": 36.599998,
            "demand": 17.0
        },
        "c132": {
            "x": 4.7,
            "y": 54.799999,
            "demand": 20.0
        },
        "c133": {
            "x": 68.300003,
            "y": 92.400002,
            "demand": 16.0
        },
        "c134": {
            "x": 7.1,
            "y": 91.699997,
            "demand": 16.0
        },
        "c135": {
            "x": 46.099998,
            "y": 31.299999,
            "demand": 17.0
        },
        "c136": {
            "x": 19.4,
            "y": 40.099998,
            "demand": 20.0
        },
        "c137": {
            "x": 75.800003,
            "y": 77.099998,
            "demand": 19.0
        },
        "c138": {
            "x": 77.900002,
            "y": 51.900002,
            "demand": 16.0
        },
        "c139": {
            "x": 21.6,
            "y": 38.400002,
            "demand": 19.0
        },
        "c140": {
            "x": 2.2,
            "y": 95.599998,
            "demand": 17.0
        },
        "c141": {
            "x": 13.9,
            "y": 20.6,
            "demand": 11.0
        },
        "c142": {
            "x": 5.0,
            "y": 10.8,
            "demand": 16.0
        },
        "c143": {
            "x": 24.299999,
            "y": 49.5,
            "demand": 11.0
        },
        "c144": {
            "x": 93.900002,
            "y": 27.700001,
            "demand": 19.0
        },
        "c145": {
            "x": 6.3,
            "y": 0.7,
            "demand": 17.0
        },
        "c146": {
            "x": 48.299999,
            "y": 27.6,
            "demand": 13.0
        },
        "c147": {
            "x": 86.400002,
            "y": 60.099998,
            "demand": 12.0
        },
        "c148": {
            "x": 63.5,
            "y": 27.4,
            "demand": 12.0
        },
        "c149": {
            "x": 42.0,
            "y": 7.1,
            "demand": 12.0
        }
    },
    "depots": {
        "d0": {
            "x": 84.0,
            "y": 26.6,
            "capacity": 4480.0,
            "opening_cost": 100.0
        },
        "d1": {
            "x": 51.299999,
            "y": 85.900002,
            "capacity": 4480.0,
            "opening_cost": 100.0
        },
        "d2": {
            "x": 43.599998,
            "y": 56.099998,
            "capacity": 4480.0,
            "opening_cost": 100.0
        },
        "d3": {
            "x": 66.699997,
            "y": 30.5,
            "capacity": 4480.0,
            "opening_cost": 100.0
        },
        "d4": {
            "x": 28.700001,
            "y": 18.799999,
            "capacity": 4480.0,
            "opening_cost": 100.0
        },
        "d5": {
            "x": 21.799999,
            "y": 85.599998,
            "capacity": 4480.0,
            "opening_cost": 100.0
        },
        "d6": {
            "x": 67.699997,
            "y": 59.5,
            "capacity": 4480.0,
            "opening_cost": 100.0
        },
        "d7": {
            "x": 24.700001,
            "y": 43.5,
            "capacity": 4480.0,
            "opening_cost": 100.0
        },
        "d8": {
            "x": 48.200001,
            "y": 5.7,
            "capacity": 4480.0,
            "opening_cost": 100.0
        },
        "d9": {
            "x": 86.5,
            "y": 76.900002,
            "capacity": 4480.0,
            "opening_cost": 100.0
        },
        "d10": {
            "x": 15.0,
            "y": 64.599998,
            "capacity": 4480.0,
            "opening_cost": 100.0
        },
        "d11": {
            "x": 69.800003,
            "y": 24.0,
            "capacity": 4480.0,
            "opening_cost": 100.0
        },
        "d12": {
            "x": 71.599998,
            "y": 37.900002,
            "capacity": 4480.0,
            "opening_cost": 100.0
        },
        "d13": {
            "x": 87.400002,
            "y": 71.0,
            "capacity": 4480.0,
            "opening_cost": 100.0
        },
        "d14": {
            "x": 1.9,
            "y": 16.0,
            "capacity": 4480.0,
            "opening_cost": 100.0
        },
        "d15": {
            "x": 75.099998,
            "y": 31.5,
            "capacity": 4480.0,
            "opening_cost": 100.0
        },
        "d16": {
            "x": 62.799999,
            "y": 63.400002,
            "capacity": 4480.0,
            "opening_cost": 100.0
        },
        "d17": {
            "x": 92.599998,
            "y": 32.700001,
            "capacity": 4480.0,
            "opening_cost": 100.0
        },
        "d18": {
            "x": 33.799999,
            "y": 76.5,
            "capacity": 4480.0,
            "opening_cost": 100.0
        },
        "d19": {
            "x": 35.0,
            "y": 49.200001,
            "capacity": 4480.0,
            "opening_cost": 100.0
        }
    },
    "meta_data": {
        "nb_customers": 150,
        "nb_depots": 20,
        "vehicle_cap": 150.0,
        "vehicle_cost": 10.0,
        "cost_type": 1.0
    }
}