{
    "customers": {
        "c0": {
            "x": 80.5,
            "y": 21.0,
            "demand": 11.0
        },
        "c1": {
            "x": 96.199997,
            "y": 52.700001,
            "demand": 10.0
        },
        "c2": {
            "x": 0.0,
            "y": 96.800003,
            "demand": 15.0
        },
        "c3": {
            "x": 0.5,
            "y": 99.5,
            "demand": 19.0
        },
        "c4": {
            "x": 9.3,
            "y": 99.900002,
            "demand": 15.0
        },
        "c5": {
            "x": 9.9,
            "y": 99.099998,
            "demand": 20.0
        },
        "c6": {
            "x": 6.5,
            "y": 99.900002,
            "demand": 10.0
        },
        "c7": {
            "x": 10.1,
            "y": 99.900002,
            "demand": 14.0
        },
        "c8": {
            "x": 0.0,
            "y": 99.900002,
            "demand": 13.0
        },
        "c9": {
            "x": 0.0,
            "y": 97.800003,
            "demand": 11.0
        },
        "c10": {
            "x": 4.6,
            "y": 94.5,
            "demand": 20.0
        },
        "c11": {
            "x": 9.1,
            "y": 93.099998,
            "demand": 17.0
        },
        "c12": {
            "x": 7.5,
            "y": 95.199997,
            "demand": 10.0
        },
        "c13": {
            "x": 10.2,
            "y": 99.0,
            "demand": 12.0
        },
        "c14": {
            "x": 10.9,
            "y": 93.599998,
            "demand": 14.0
        },
        "c15": {
            "x": 10.3,
            "y": 95.199997,
            "demand": 17.0
        },
        "c16": {
            "x": 6.3,
            "y": 99.199997,
            "demand": 20.0
        },
        "c17": {
            "x": 10.2,
            "y": 99.900002,
            "demand": 13.0
        },
        "c18": {
            "x": 6.8,
            "y": 99.900002,
            "demand": 11.0
        },
        "c19": {
            "x": 0.0,
            "y": 95.900002,
            "demand": 10.0
        },
        "c20": {
            "x": 6.6,
            "y": 93.400002,
            "demand": 14.0
        },
        "c21": {
            "x": 11.1,
            "y": 97.0,
            "demand": 13.0
        },
        "c22": {
            "x": 0.0,
            "y": 98.5,
            "demand": 16.0
        },
        "c23": {
            "x": 9.2,
            "y": 99.900002,
            "demand": 13.0
        },
        "c24": {
            "x": 3.4,
            "y": 99.900002,
            "demand": 16.0
        },
        "c25": {
            "x": 4.5,
            "y": 99.900002,
            "demand": 12.0
        },
        "c26": {
            "x": 0.0,
            "y": 98.800003,
            "demand": 13.0
        },
        "c27": {
            "x": 80.099998,
            "y": 73.800003,
            "demand": 17.0
        },
        "c28": {
            "x": 79.599998,
            "y": 73.699997,
            "demand": 15.0
        },
        "c29": {
            "x": 81.900002,
            "y": 68.699997,
            "demand": 12.0
        },
        "c30": {
            "x": 87.300003,
            "y": 71.300003,
            "demand": 20.0
        },
        "c31": {
            "x": 77.0,
            "y": 63.900002,
            "demand": 16.0
        },
        "c32": {
            "x": 85.900002,
            "y": 64.900002,
            "demand": 10.0
        },
        "c33": {
            "x": 78.300003,
            "y": 73.300003,
            "demand": 14.0
        },
        "c34": {
            "x": 87.099998,
            "y": 66.900002,
            "demand": 12.0
        },
        "c35": {
            "x": 77.800003,
            "y": 64.5,
            "demand": 11.0
        },
        "c36": {
            "x": 77.099998,
            "y": 71.800003,
            "demand": 13.0
        },
        "c37": {
            "x": 86.0,
            "y": 68.699997,
            "demand": 19.0
        },
        "c38": {
            "x": 84.0,
            "y": 63.299999,
            "demand": 12.0
        },
        "c39": {
            "x": 79.5,
            "y": 64.300003,
            "demand": 11.0
        },
        "c40": {
            "x": 88.400002,
            "y": 66.0,
            "demand": 18.0
        },
        "c41": {
            "x": 78.199997,
            "y": 63.700001,
            "demand": 10.0
        },
        "c42": {
            "x": 79.800003,
            "y": 67.599998,
            "demand": 16.0
        },
        "c43": {
            "x": 87.0,
            "y": 62.700001,
            "demand": 18.0
        },
        "c44": {
            "x": 77.900002,
            "y": 64.599998,
            "demand": 20.0
        },
        "c45": {
            "x": 78.300003,
            "y": 74.900002,
            "demand": 17.0
        },
        "c46": {
            "x": 81.599998,
            "y": 68.900002,
            "demand": 17.0
        },
        "c47": {
            "x": 76.599998,
            "y": 68.800003,
            "demand": 12.0
        },
        "c48": {
            "x": 87.900002,
            "y": 62.799999,
            "demand": 14.0
        },
        "c49": {
            "x": 82.800003,
            "y": 67.800003,
            "demand": 19.0
        },
        "c50": {
            "x": 77.699997,
            "y": 68.599998,
            "demand": 10.0
        },
        "c51": {
            "x": 80.599998,
            "y": 62.400002,
            "demand": 11.0
        },
        "c52": {
            "x": 82.599998,
            "y": 70.5,
            "demand": 13.0
        },
        "c53": {
            "x": 76.0,
            "y": 74.099998,
            "demand": 10.0
        },
        "c54": {
            "x": 86.099998,
            "y": 74.300003,
            "demand": 19.0
        },
        "c55": {
            "x": 79.199997,
            "y": 65.800003,
            "demand": 19.0
        },
        "c56": {
            "x": 80.5,
            "y": 69.300003,
            "demand": 15.0
        },
        "c57": {
            "x": 75.699997,
            "y": 65.5,
            "demand": 11.0
        },
        "c58": {
            "x": 86.900002,
            "y": 74.900002,
            "demand": 15.0
        },
        "c59": {
            "x": 85.099998,
            "y": 62.299999,
            "demand": 17.0
        },
        "c60": {
            "x": 59.700001,
            "y": 18.4,
            "demand": 13.0
        },
        "c61": {
            "x": 64.599998,
            "y": 24.1,
            "demand": 10.0
        },
        "c62": {
            "x": 58.299999,
            "y": 22.6,
            "demand": 18.0
        },
        "c63": {
            "x": 56.5,
            "y": 15.6,
            "demand": 20.0
        },
        "c64": {
            "x": 69.599998,
            "y": 17.4,
            "demand": 19.0
        },
        "c65": {
            "x": 67.699997,
            "y": 16.799999,
            "demand": 14.0
        },
        "c66": {
            "x": 59.299999,
            "y": 17.299999,
            "demand": 17.0
        },
        "c67": {
            "x": 64.300003,
            "y": 26.200001,
            "demand": 16.0
        },
        "c68": {
            "x": 69.099998,
            "y": 15.6,
            "demand": 17.0
        },
        "c69": {
            "x": 61.200001,
            "y": 23.5,
            "demand": 14.0
        },
        "c70": {
            "x": 57.200001,
            "y": 18.299999,
            "demand": 14.0
        },
        "c71": {
            "x": 59.400002,
            "y": 26.200001,
            "demand": 14.0
        },
        "c72": {
            "x": 59.200001,
            "y": 22.4,
            "demand": 16.0
        },
        "c73": {
            "x": 68.400002,
            "y": 19.5,
            "demand": 10.0
        },
        "c74": {
            "x": 61.299999,
            "y": 23.0,
            "demand": 20.0
        },
        "c75": {
            "x": 60.200001,
            "y": 18.200001,
            "demand": 15.0
        },
        "c76": {
            "x": 58.799999,
            "y": 25.700001,
            "demand": 15.0
        },
        "c77": {
            "x": 63.299999,
            "y": 21.799999,
            "demand": 19.0
        },
        "c78": {
            "x": 67.400002,
            "y": 19.1,
            "demand": 19.0
        },
        "c79": {
            "x": 57.5,
            "y": 23.5,
            "demand": 13.0
        },
        "c80": {
            "x": 64.400002,
            "y": 17.799999,
            "demand": 16.0
        },
        "c81": {
            "x": 67.300003,
            "y": 18.0,
            "demand": 14.0
        },
        "c82": {
            "x": 61.5,
            "y": 14.5,
            "demand": 13.0
        },
        "c83": {
            "x": 62.0,
            "y": 17.200001,
            "demand": 12.0
        },
        "c84": {
            "x": 67.099998,
            "y": 23.700001,
            "demand": 10.0
        },
        "c85": {
            "x": 60.700001,
            "y": 17.700001,
            "demand": 15.0
        },
        "c86": {
            "x": 69.400002,
            "y": 21.299999,
            "demand": 13.0
        },
        "c87": {
            "x": 57.200001,
            "y": 18.299999,
            "demand": 16.0
        },
        "c88": {
            "x": 63.799999,
            "y": 22.700001,
            "demand": 17.0
        },
        "c89": {
            "x": 62.599998,
            "y": 13.2,
            "demand": 13.0
        },
        "c90": {
            "x": 58.299999,
            "y": 17.9,
            "demand": 18.0
        },
        "c91": {
            "x": 59.700001,
            "y": 77.300003,
            "demand": 12.0
        },
        "c92": {
            "x": 56.900002,
            "y": 71.800003,
            "demand": 17.0
        },
        "c93": {
            "x": 54.599998,
            "y": 75.400002,
            "demand": 18.0
        },
        "c94": {
            "x": 58.700001,
            "y": 77.5,
            "demand": 12.0
        },
        "c95": {
            "x": 60.0,
            "y": 68.300003,
            "demand": 12.0
        },
        "c96": {
            "x": 61.700001,
            "y": 70.699997,
            "demand": 18.0
        },
        "c97": {
            "x": 62.299999,
            "y": 72.900002,
            "demand": 20.0
        },
        "c98": {
            "x": 60.200001,
            "y": 72.699997,
            "demand": 13.0
        },
        "c99": {
            "x": 60.900002,
            "y": 70.099998,
            "demand": 19.0
        },
        "c100": {
            "x": 57.599998,
            "y": 66.0,
            "demand": 15.0
        },
        "c101": {
            "x": 65.800003,
            "y": 77.300003,
            "demand": 16.0
        },
        "c102": {
            "x": 64.0,
            "y": 73.699997,
            "demand": 18.0
        },
        "c103": {
            "x": 56.0,
            "y": 66.199997,
            "demand": 19.0
        },
        "c104": {
            "x": 54.5,
            "y": 69.599998,
            "demand": 12.0
        },
        "c105": {
            "x": 58.400002,
            "y": 78.699997,
            "demand": 17.0
        },
        "c106": {
            "x": 60.299999,
            "y": 75.300003,
            "demand": 18.0
        },
        "c107": {
            "x": 60.5,
            "y": 71.199997,
            "demand": 11.0
        },
        "c108": {
            "x": 55.5,
            "y": 66.800003,
            "demand": 12.0
        },
        "c109": {
            "x": 60.099998,
            "y": 77.5,
            "demand": 10.0
        },
        "c110": {
            "x": 58.700001,
            "y": 70.0,
            "demand": 16.0
        },
        "c111": {
            "x": 65.900002,
            "y": 74.099998,
            "demand": 19.0
        },
        "c112": {
            "x": 63.5,
            "y": 65.900002,
            "demand": 19.0
        },
        "c113": {
            "x": 54.200001,
            "y": 77.0,
            "demand": 14.0
        },
        "c114": {
            "x": 56.299999,
            "y": 74.400002,
            "demand": 18.0
        },
        "c115": {
            "x": 59.5,
            "y": 72.400002,
            "demand": 18.0
        },
        "c116": {
            "x": 59.599998,
            "y": 69.300003,
            "demand": 11.0
        },
        "c117": {
            "x": 63.099998,
            "y": 68.099998,
            "demand": 14.0
        },
        "c118": {
            "x": 64.599998,
            "y": 66.699997,
            "demand": 16.0
        },
        "c119": {
            "x": 60.900002,
            "y": 65.900002,
            "demand": 18.0
        },
        "c120": {
            "x": 99.900002,
            "y": 31.700001,
            "demand": 18.0
        },
        "c121": {
            "x": 95.199997,
            "y": 35.0,
            "demand": 16.0
        },
        "c122": {
            "x": 94.400002,
            "y": 29.1,
            "demand": 13.0
        },
        "c123": {
            "x": 96.699997,
            "y": 22.700001,
            "demand": 15.0
        },
        "c124": {
            "x": 92.199997,
            "y": 33.099998,
            "demand": 15.0
        },
        "c125": {
            "x": 97.699997,
            "y": 30.799999,
            "demand": 20.0
        },
        "c126": {
            "x": 91.0,
            "y": 26.700001,
            "demand": 13.0
        },
        "c127": {
            "x": 99.900002,
            "y": 33.200001,
            "demand": 16.0
        },
        "c128": {
            "x": 87.800003,
            "y": 31.799999,
            "demand": 13.0
        },
        "c129": {
            "x": 87.900002,
            "y": 33.900002,
            "demand": 16.0
        },
        "c130": {
            "x": 99.599998,
            "y": 25.1,
            "demand": 16.0
        },
        "c131": {
            "x": 93.400002,
            "y": 34.599998,
            "demand": 15.0
        },
        "c132": {
            "x": 88.5,
            "y": 22.299999,
            "demand": 19.0
        },
        "c133": {
            "x": 92.599998,
            "y": 31.9,
            "demand": 14.0
        },
        "c134": {
            "x": 95.5,
            "y": 33.599998,
            "demand": 16.0
        },
        "c135": {
            "x": 93.300003,
            "y": 22.299999,
            "demand": 13.0
        },
        "c136": {
            "x": 89.099998,
            "y": 25.1,
            "demand": 12.0
        },
        "c137": {
            "x": 88.300003,
            "y": 24.200001,
            "demand": 15.0
        },
        "c138": {
            "x": 89.199997,
            "y": 30.9,
            "demand": 11.0
        },
        "c139": {
            "x": 88.300003,
            "y": 33.099998,
            "demand": 19.0
        },
        "c140": {
            "x": 88.800003,
            "y": 34.400002,
            "demand": 15.0
        },
        "c141": {
            "x": 94.300003,
            "y": 28.6,
            "demand": 12.0
        },
        "c142": {
            "x": 95.699997,
            "y": 23.6,
            "demand": 17.0
        },
        "c143": {
            "x": 91.5,
            "y": 29.1,
            "demand": 17.0
        },
        "c144": {
            "x": 88.599998,
            "y": 23.0,
            "demand": 15.0
        },
        "c145": {
            "x": 91.699997,
            "y": 27.4,
            "demand": 17.0
        },
        "c146": {
            "x": 97.300003,
            "y": 33.700001,
            "demand": 10.0
        },
        "c147": {
            "x": 97.599998,
            "y": 29.299999,
            "demand": 19.0
        },
        "c148": {
            "x": 89.0,
            "y": 35.0,
            "demand": 10.0
        },
        "c149": {
            "x": 90.5,
            "y": 34.0,
            "demand": 16.0
        }
    },
    "depots": {
        "d0": {
            "x": 28.700001,
            "y": 29.799999,
            "capacity": 4474.0,
            "opening_cost": 100.0
        },
        "d1": {
            "x": 71.800003,
            "y": 77.199997,
            "capacity": 4474.0,
            "opening_cost": 100.0
        },
        "d2": {
            "x": 91.900002,
            "y": 90.900002,
            "capacity": 4474.0,
            "opening_cost": 100.0
        },
        "d3": {
            "x": 60.900002,
            "y": 35.099998,
            "capacity": 4474.0,
            "opening_cost": 100.0
        },
        "d4": {
            "x": 61.200001,
            "y": 10.6,
            "capacity": 4474.0,
            "opening_cost": 100.0
        },
        "d5": {
            "x": 81.300003,
            "y": 2.8,
            "capacity": 4474.0,
            "opening_cost": 100.0
        },
        "d6": {
            "x": 26.799999,
            "y": 13.5,
            "capacity": 4474.0,
            "opening_cost": 100.0
        },
        "d7": {
            "x": 20.1,
            "y": 95.900002,
            "capacity": 4474.0,
            "opening_cost": 100.0
        },
        "d8": {
            "x": 87.800003,
            "y": 57.799999,
            "capacity": 4474.0,
            "opening_cost": 100.0
        },
        "d9": {
            "x": 48.400002,
            "y": 49.5,
            "capacity": 4474.0,
            "opening_cost": 100.0
        },
        "d10": {
            "x": 86.400002,
            "y": 43.400002,
            "capacity": 4474.0,
            "opening_cost": 100.0
        },
        "d11": {
            "x": 12.0,
            "y": 90.199997,
            "capacity": 4474.0,
            "opening_cost": 100.0
        },
        "d12": {
            "x": 14.2,
            "y": 90.300003,
            "capacity": 4474.0,
            "opening_cost": 100.0
        },
        "d13": {
            "x": 23.5,
            "y": 57.400002,
            "capacity": 4474.0,
            "opening_cost": 100.0
        },
        "d14": {
            "x": 66.400002,
            "y": 74.800003,
            "capacity": 4474.0,
            "opening_cost": 100.0
        },
        "d15": {
            "x": 49.200001,
            "y": 11.5,
            "capacity": 4474.0,
            "opening_cost": 100.0
        },
        "d16": {
            "x": 76.400002,
            "y": 19.299999,
            "capacity": 4474.0,
            "opening_cost": 100.0
        },
        "d17": {
            "x": 27.4,
            "y": 43.0,
            "capacity": 4474.0,
            "opening_cost": 100.0
        },
        "d18": {
            "x": 36.799999,
            "y": 46.799999,
            "capacity": 4474.0,
            "opening_cost": 100.0
        },
        "d19": {
            "x": 71.800003,
            "y": 86.099998,
            "capacity": 4474.0,
            "opening_cost": 100.0
        }
    },
    "meta_data": {
        "nb_customers": 150,
        "nb_depots": 20,
        "vehicle_cap": 150.0,
        "vehicle_cost": 10.0,
        "cost_type": 1.0
    }
}