{
    "customers": {
        "c0": {
            "x": 15.3,
            "y": 32.599998,
            "demand": 15.0
        },
        "c1": {
            "x": 16.9,
            "y": 22.299999,
            "demand": 18.0
        },
        "c2": {
            "x": 25.200001,
            "y": 37.5,
            "demand": 19.0
        },
        "c3": {
            "x": 24.5,
            "y": 31.799999,
            "demand": 18.0
        },
        "c4": {
            "x": 23.9,
            "y": 38.299999,
            "demand": 19.0
        },
        "c5": {
            "x": 22.5,
            "y": 26.9,
            "demand": 18.0
        },
        "c6": {
            "x": 18.200001,
            "y": 31.799999,
            "demand": 16.0
        },
        "c7": {
            "x": 9.6,
            "y": 25.9,
            "demand": 11.0
        },
        "c8": {
            "x": 20.200001,
            "y": 21.5,
            "demand": 19.0
        },
        "c9": {
            "x": 15.9,
            "y": 30.799999,
            "demand": 14.0
        },
        "c10": {
            "x": 17.0,
            "y": 34.799999,
            "demand": 10.0
        },
        "c11": {
            "x": 9.6,
            "y": 23.299999,
            "demand": 17.0
        },
        "c12": {
            "x": 9.9,
            "y": 27.5,
            "demand": 10.0
        },
        "c13": {
            "x": 23.799999,
            "y": 36.5,
            "demand": 14.0
        },
        "c14": {
            "x": 11.8,
            "y": 37.5,
            "demand": 20.0
        },
        "c15": {
            "x": 19.6,
            "y": 22.4,
            "demand": 17.0
        },
        "c16": {
            "x": 19.0,
            "y": 32.299999,
            "demand": 17.0
        },
        "c17": {
            "x": 24.6,
            "y": 35.5,
            "demand": 16.0
        },
        "c18": {
            "x": 20.4,
            "y": 30.9,
            "demand": 10.0
        },
        "c19": {
            "x": 20.9,
            "y": 36.299999,
            "demand": 16.0
        },
        "c20": {
            "x": 10.7,
            "y": 25.9,
            "demand": 18.0
        },
        "c21": {
            "x": 21.0,
            "y": 30.4,
            "demand": 20.0
        },
        "c22": {
            "x": 10.7,
            "y": 34.599998,
            "demand": 20.0
        },
        "c23": {
            "x": 11.5,
            "y": 28.4,
            "demand": 20.0
        },
        "c24": {
            "x": 13.6,
            "y": 25.799999,
            "demand": 11.0
        },
        "c25": {
            "x": 25.0,
            "y": 33.5,
            "demand": 10.0
        },
        "c26": {
            "x": 25.5,
            "y": 35.5,
            "demand": 11.0
        },
        "c27": {
            "x": 20.0,
            "y": 32.299999,
            "demand": 13.0
        },
        "c28": {
            "x": 25.799999,
            "y": 23.6,
            "demand": 16.0
        },
        "c29": {
            "x": 19.4,
            "y": 35.700001,
            "demand": 14.0
        },
        "c30": {
            "x": 20.0,
            "y": 35.900002,
            "demand": 13.0
        },
        "c31": {
            "x": 20.700001,
            "y": 29.5,
            "demand": 12.0
        },
        "c32": {
            "x": 23.700001,
            "y": 27.700001,
            "demand": 13.0
        },
        "c33": {
            "x": 22.200001,
            "y": 22.9,
            "demand": 18.0
        },
        "c34": {
            "x": 21.200001,
            "y": 36.0,
            "demand": 18.0
        },
        "c35": {
            "x": 21.4,
            "y": 38.400002,
            "demand": 12.0
        },
        "c36": {
            "x": 18.5,
            "y": 31.4,
            "demand": 16.0
        },
        "c37": {
            "x": 16.700001,
            "y": 33.799999,
            "demand": 16.0
        },
        "c38": {
            "x": 25.1,
            "y": 38.5,
            "demand": 14.0
        },
        "c39": {
            "x": 19.200001,
            "y": 27.0,
            "demand": 20.0
        },
        "c40": {
            "x": 20.200001,
            "y": 30.4,
            "demand": 13.0
        },
        "c41": {
            "x": 24.799999,
            "y": 28.6,
            "demand": 17.0
        },
        "c42": {
            "x": 14.0,
            "y": 22.4,
            "demand": 17.0
        },
        "c43": {
            "x": 19.6,
            "y": 30.4,
            "demand": 10.0
        },
        "c44": {
            "x": 15.6,
            "y": 30.799999,
            "demand": 15.0
        },
        "c45": {
            "x": 25.1,
            "y": 27.200001,
            "demand": 10.0
        },
        "c46": {
            "x": 16.700001,
            "y": 31.0,
            "demand": 10.0
        },
        "c47": {
            "x": 13.7,
            "y": 27.299999,
            "demand": 10.0
        },
        "c48": {
            "x": 15.7,
            "y": 36.400002,
            "demand": 14.0
        },
        "c49": {
            "x": 58.599998,
            "y": 59.700001,
            "demand": 15.0
        },
        "c50": {
            "x": 51.700001,
            "y": 60.900002,
            "demand": 12.0
        },
        "c51": {
            "x": 50.799999,
            "y": 49.700001,
            "demand": 14.0
        },
        "c52": {
            "x": 47.099998,
            "y": 48.299999,
            "demand": 16.0
        },
        "c53": {
            "x": 58.900002,
            "y": 57.799999,
            "demand": 19.0
        },
        "c54": {
            "x": 50.700001,
            "y": 48.599998,
            "demand": 18.0
        },
        "c55": {
            "x": 45.299999,
            "y": 53.700001,
            "demand": 16.0
        },
        "c56": {
            "x": 46.700001,
            "y": 60.099998,
            "demand": 12.0
        },
        "c57": {
            "x": 53.799999,
            "y": 59.0,
            "demand": 11.0
        },
        "c58": {
            "x": 52.200001,
            "y": 48.200001,
            "demand": 17.0
        },
        "c59": {
            "x": 57.200001,
            "y": 61.900002,
            "demand": 20.0
        },
        "c60": {
            "x": 56.599998,
            "y": 51.400002,
            "demand": 14.0
        },
        "c61": {
            "x": 48.099998,
            "y": 57.0,
            "demand": 14.0
        },
        "c62": {
            "x": 52.200001,
            "y": 47.900002,
            "demand": 17.0
        },
        "c63": {
            "x": 46.900002,
            "y": 62.200001,
            "demand": 14.0
        },
        "c64": {
            "x": 48.200001,
            "y": 48.200001,
            "demand": 18.0
        },
        "c65": {
            "x": 44.799999,
            "y": 54.0,
            "demand": 20.0
        },
        "c66": {
            "x": 61.5,
            "y": 57.400002,
            "demand": 20.0
        },
        "c67": {
            "x": 46.0,
            "y": 48.299999,
            "demand": 15.0
        },
        "c68": {
            "x": 50.0,
            "y": 48.799999,
            "demand": 18.0
        },
        "c69": {
            "x": 52.900002,
            "y": 51.700001,
            "demand": 14.0
        },
        "c70": {
            "x": 57.700001,
            "y": 61.099998,
            "demand": 17.0
        },
        "c71": {
            "x": 57.0,
            "y": 54.400002,
            "demand": 19.0
        },
        "c72": {
            "x": 50.5,
            "y": 57.700001,
            "demand": 13.0
        },
        "c73": {
            "x": 61.400002,
            "y": 60.599998,
            "demand": 15.0
        },
        "c74": {
            "x": 46.299999,
            "y": 50.5,
            "demand": 12.0
        },
        "c75": {
            "x": 51.599998,
            "y": 54.700001,
            "demand": 16.0
        },
        "c76": {
            "x": 61.400002,
            "y": 63.099998,
            "demand": 12.0
        },
        "c77": {
            "x": 56.599998,
            "y": 61.799999,
            "demand": 20.0
        },
        "c78": {
            "x": 61.099998,
            "y": 49.0,
            "demand": 18.0
        },
        "c79": {
            "x": 49.299999,
            "y": 60.5,
            "demand": 12.0
        },
        "c80": {
            "x": 46.700001,
            "y": 62.799999,
            "demand": 17.0
        },
        "c81": {
            "x": 51.900002,
            "y": 61.5,
            "demand": 10.0
        },
        "c82": {
            "x": 48.400002,
            "y": 61.400002,
            "demand": 14.0
        },
        "c83": {
            "x": 55.400002,
            "y": 52.0,
            "demand": 18.0
        },
        "c84": {
            "x": 50.599998,
            "y": 47.599998,
            "demand": 11.0
        },
        "c85": {
            "x": 56.700001,
            "y": 50.5,
            "demand": 18.0
        },
        "c86": {
            "x": 59.099998,
            "y": 57.200001,
            "demand": 10.0
        },
        "c87": {
            "x": 60.299999,
            "y": 61.200001,
            "demand": 14.0
        },
        "c88": {
            "x": 48.799999,
            "y": 58.400002,
            "demand": 13.0
        },
        "c89": {
            "x": 56.200001,
            "y": 57.299999,
            "demand": 12.0
        },
        "c90": {
            "x": 56.200001,
            "y": 58.200001,
            "demand": 15.0
        },
        "c91": {
            "x": 51.400002,
            "y": 57.5,
            "demand": 16.0
        },
        "c92": {
            "x": 47.799999,
            "y": 53.400002,
            "demand": 15.0
        },
        "c93": {
            "x": 61.299999,
            "y": 60.299999,
            "demand": 18.0
        },
        "c94": {
            "x": 56.900002,
            "y": 55.299999,
            "demand": 17.0
        },
        "c95": {
            "x": 53.299999,
            "y": 52.900002,
            "demand": 12.0
        },
        "c96": {
            "x": 60.700001,
            "y": 63.099998,
            "demand": 14.0
        },
        "c97": {
            "x": 59.099998,
            "y": 51.299999,
            "demand": 17.0
        },
        "c98": {
            "x": 42.799999,
            "y": 15.3,
            "demand": 16.0
        },
        "c99": {
            "x": 41.599998,
            "y": 12.0,
            "demand": 14.0
        },
        "c100": {
            "x": 39.0,
            "y": 14.3,
            "demand": 18.0
        },
        "c101": {
            "x": 31.0,
            "y": 4.4,
            "demand": 13.0
        },
        "c102": {
            "x": 37.599998,
            "y": 9.5,
            "demand": 15.0
        },
        "c103": {
            "x": 41.200001,
            "y": 8.3,
            "demand": 13.0
        },
        "c104": {
            "x": 29.299999,
            "y": 5.4,
            "demand": 14.0
        },
        "c105": {
            "x": 29.5,
            "y": 14.7,
            "demand": 11.0
        },
        "c106": {
            "x": 35.0,
            "y": 7.1,
            "demand": 18.0
        },
        "c107": {
            "x": 28.9,
            "y": 2.1,
            "demand": 18.0
        },
        "c108": {
            "x": 34.099998,
            "y": 14.3,
            "demand": 17.0
        },
        "c109": {
            "x": 34.700001,
            "y": 8.4,
            "demand": 17.0
        },
        "c110": {
            "x": 43.400002,
            "y": 10.7,
            "demand": 17.0
        },
        "c111": {
            "x": 40.0,
            "y": 0.0,
            "demand": 10.0
        },
        "c112": {
            "x": 34.5,
            "y": 2.8,
            "demand": 19.0
        },
        "c113": {
            "x": 32.799999,
            "y": 6.9,
            "demand": 20.0
        },
        "c114": {
            "x": 33.0,
            "y": 14.3,
            "demand": 15.0
        },
        "c115": {
            "x": 31.5,
            "y": 12.2,
            "demand": 19.0
        },
        "c116": {
            "x": 32.700001,
            "y": 1.9,
            "demand": 12.0
        },
        "c117": {
            "x": 39.299999,
            "y": 5.4,
            "demand": 15.0
        },
        "c118": {
            "x": 31.200001,
            "y": 14.1,
            "demand": 14.0
        },
        "c119": {
            "x": 33.599998,
            "y": 14.2,
            "demand": 17.0
        },
        "c120": {
            "x": 44.799999,
            "y": 1.4,
            "demand": 14.0
        },
        "c121": {
            "x": 31.6,
            "y": 2.3,
            "demand": 13.0
        },
        "c122": {
            "x": 38.700001,
            "y": 13.0,
            "demand": 13.0
        },
        "c123": {
            "x": 43.299999,
            "y": 1.8,
            "demand": 17.0
        },
        "c124": {
            "x": 37.099998,
            "y": 11.5,
            "demand": 20.0
        },
        "c125": {
            "x": 28.9,
            "y": 4.4,
            "demand": 13.0
        },
        "c126": {
            "x": 31.700001,
            "y": 3.8,
            "demand": 18.0
        },
        "c127": {
            "x": 37.099998,
            "y": 11.8,
            "demand": 15.0
        },
        "c128": {
            "x": 39.200001,
            "y": 4.1,
            "demand": 20.0
        },
        "c129": {
            "x": 40.0,
            "y": 7.0,
            "demand": 20.0
        },
        "c130": {
            "x": 40.400002,
            "y": 14.8,
            "demand": 17.0
        },
        "c131": {
            "x": 29.799999,
            "y": 11.8,
            "demand": 10.0
        },
        "c132": {
            "x": 40.900002,
            "y": 3.5,
            "demand": 17.0
        },
        "c133": {
            "x": 38.700001,
            "y": 14.2,
            "demand": 12.0
        },
        "c134": {
            "x": 39.0,
            "y": 14.2,
            "demand": 19.0
        },
        "c135": {
            "x": 44.700001,
            "y": 0.0,
            "demand": 13.0
        },
        "c136": {
            "x": 27.700001,
            "y": 8.1,
            "demand": 12.0
        },
        "c137": {
            "x": 38.5,
            "y": 5.3,
            "demand": 19.0
        },
        "c138": {
            "x": 36.200001,
            "y": 8.3,
            "demand": 12.0
        },
        "c139": {
            "x": 39.099998,
            "y": 1.4,
            "demand": 13.0
        },
        "c140": {
            "x": 43.900002,
            "y": 5.0,
            "demand": 14.0
        },
        "c141": {
            "x": 42.599998,
            "y": 2.8,
            "demand": 17.0
        },
        "c142": {
            "x": 43.900002,
            "y": 0.2,
            "demand": 10.0
        },
        "c143": {
            "x": 29.1,
            "y": 6.5,
            "demand": 19.0
        },
        "c144": {
            "x": 27.700001,
            "y": 14.4,
            "demand": 10.0
        },
        "c145": {
            "x": 41.200001,
            "y": 0.5,
            "demand": 17.0
        },
        "c146": {
            "x": 33.799999,
            "y": 6.8,
            "demand": 11.0
        },
        "c147": {
            "x": 40.299999,
            "y": 2.0,
            "demand": 12.0
        },
        "c148": {
            "x": 35.099998,
            "y": 8.9,
            "demand": 11.0
        },
        "c149": {
            "x": 29.9,
            "y": 4.7,
            "demand": 18.0
        }
    },
    "depots": {
        "d0": {
            "x": 99.099998,
            "y": 89.5,
            "capacity": 4544.0,
            "opening_cost": 100.0
        },
        "d1": {
            "x": 38.200001,
            "y": 61.200001,
            "capacity": 4544.0,
            "opening_cost": 100.0
        },
        "d2": {
            "x": 8.2,
            "y": 45.299999,
            "capacity": 4544.0,
            "opening_cost": 100.0
        },
        "d3": {
            "x": 54.599998,
            "y": 37.200001,
            "capacity": 4544.0,
            "opening_cost": 100.0
        },
        "d4": {
            "x": 25.4,
            "y": 80.900002,
            "capacity": 4544.0,
            "opening_cost": 100.0
        },
        "d5": {
            "x": 25.9,
            "y": 0.5,
            "capacity": 4544.0,
            "opening_cost": 100.0
        },
        "d6": {
            "x": 22.4,
            "y": 9.0,
            "capacity": 4544.0,
            "opening_cost": 100.0
        },
        "d7": {
            "x": 6.3,
            "y": 15.0,
            "capacity": 4544.0,
            "opening_cost": 100.0
        },
        "d8": {
            "x": 63.900002,
            "y": 16.6,
            "capacity": 4544.0,
            "opening_cost": 100.0
        },
        "d9": {
            "x": 24.5,
            "y": 88.800003,
            "capacity": 4544.0,
            "opening_cost": 100.0
        },
        "d10": {
            "x": 98.400002,
            "y": 47.599998,
            "capacity": 4544.0,
            "opening_cost": 100.0
        },
        "d11": {
            "x": 65.300003,
            "y": 19.799999,
            "capacity": 4544.0,
            "opening_cost": 100.0
        },
        "d12": {
            "x": 34.400002,
            "y": 6.7,
            "capacity": 4544.0,
            "opening_cost": 100.0
        },
        "d13": {
            "x": 4.9,
            "y": 99.5,
            "capacity": 4544.0,
            "opening_cost": 100.0
        },
        "d14": {
            "x": 97.800003,
            "y": 8.2,
            "capacity": 4544.0,
            "opening_cost": 100.0
        },
        "d15": {
            "x": 28.200001,
            "y": 26.6,
            "capacity": 4544.0,
            "opening_cost": 100.0
        },
        "d16": {
            "x": 50.299999,
            "y": 56.200001,
            "capacity": 4544.0,
            "opening_cost": 100.0
        },
        "d17": {
            "x": 94.300003,
            "y": 32.0,
            "capacity": 4544.0,
            "opening_cost": 100.0
        },
        "d18": {
            "x": 57.5,
            "y": 70.900002,
            "capacity": 4544.0,
            "opening_cost": 100.0
        },
        "d19": {
            "x": 70.099998,
            "y": 95.800003,
            "capacity": 4544.0,
            "opening_cost": 100.0
        }
    },
    "meta_data": {
        "nb_customers": 150,
        "nb_depots": 20,
        "vehicle_cap": 150.0,
        "vehicle_cost": 10.0,
        "cost_type": 1.0
    }
}