{
    "customers": {
        "c0": {
            "x": 68.900002,
            "y": 81.5,
            "demand": 10.0
        },
        "c1": {
            "x": 56.599998,
            "y": 83.800003,
            "demand": 20.0
        },
        "c2": {
            "x": 61.700001,
            "y": 77.400002,
            "demand": 12.0
        },
        "c3": {
            "x": 67.0,
            "y": 90.400002,
            "demand": 11.0
        },
        "c4": {
            "x": 72.400002,
            "y": 88.0,
            "demand": 11.0
        },
        "c5": {
            "x": 57.5,
            "y": 79.599998,
            "demand": 14.0
        },
        "c6": {
            "x": 68.400002,
            "y": 82.0,
            "demand": 20.0
        },
        "c7": {
            "x": 72.5,
            "y": 81.0,
            "demand": 10.0
        },
        "c8": {
            "x": 65.300003,
            "y": 80.400002,
            "demand": 19.0
        },
        "c9": {
            "x": 61.299999,
            "y": 75.699997,
            "demand": 12.0
        },
        "c10": {
            "x": 61.900002,
            "y": 88.800003,
            "demand": 13.0
        },
        "c11": {
            "x": 65.0,
            "y": 81.199997,
            "demand": 20.0
        },
        "c12": {
            "x": 64.5,
            "y": 84.800003,
            "demand": 18.0
        },
        "c13": {
            "x": 65.400002,
            "y": 92.300003,
            "demand": 15.0
        },
        "c14": {
            "x": 65.0,
            "y": 87.900002,
            "demand": 18.0
        },
        "c15": {
            "x": 69.400002,
            "y": 79.699997,
            "demand": 15.0
        },
        "c16": {
            "x": 68.5,
            "y": 83.599998,
            "demand": 13.0
        },
        "c17": {
            "x": 59.200001,
            "y": 92.5,
            "demand": 16.0
        },
        "c18": {
            "x": 65.5,
            "y": 88.099998,
            "demand": 17.0
        },
        "c19": {
            "x": 68.5,
            "y": 86.599998,
            "demand": 20.0
        },
        "c20": {
            "x": 60.0,
            "y": 81.5,
            "demand": 16.0
        },
        "c21": {
            "x": 67.300003,
            "y": 80.5,
            "demand": 16.0
        },
        "c22": {
            "x": 70.900002,
            "y": 85.900002,
            "demand": 17.0
        },
        "c23": {
            "x": 58.700001,
            "y": 86.699997,
            "demand": 20.0
        },
        "c24": {
            "x": 57.700001,
            "y": 85.5,
            "demand": 19.0
        },
        "c25": {
            "x": 64.400002,
            "y": 89.599998,
            "demand": 16.0
        },
        "c26": {
            "x": 67.699997,
            "y": 80.5,
            "demand": 19.0
        },
        "c27": {
            "x": 72.5,
            "y": 80.199997,
            "demand": 17.0
        },
        "c28": {
            "x": 66.099998,
            "y": 89.699997,
            "demand": 11.0
        },
        "c29": {
            "x": 72.099998,
            "y": 91.900002,
            "demand": 16.0
        },
        "c30": {
            "x": 69.099998,
            "y": 91.0,
            "demand": 11.0
        },
        "c31": {
            "x": 59.200001,
            "y": 84.599998,
            "demand": 19.0
        },
        "c32": {
            "x": 56.799999,
            "y": 80.800003,
            "demand": 17.0
        },
        "c33": {
            "x": 72.199997,
            "y": 79.099998,
            "demand": 13.0
        },
        "c34": {
            "x": 56.599998,
            "y": 91.5,
            "demand": 12.0
        },
        "c35": {
            "x": 61.200001,
            "y": 84.800003,
            "demand": 12.0
        },
        "c36": {
            "x": 66.300003,
            "y": 91.0,
            "demand": 12.0
        },
        "c37": {
            "x": 68.900002,
            "y": 77.0,
            "demand": 19.0
        },
        "c38": {
            "x": 66.699997,
            "y": 78.599998,
            "demand": 12.0
        },
        "c39": {
            "x": 61.099998,
            "y": 89.599998,
            "demand": 15.0
        },
        "c40": {
            "x": 68.599998,
            "y": 79.199997,
            "demand": 19.0
        },
        "c41": {
            "x": 59.099998,
            "y": 86.599998,
            "demand": 14.0
        },
        "c42": {
            "x": 63.400002,
            "y": 88.5,
            "demand": 16.0
        },
        "c43": {
            "x": 64.699997,
            "y": 80.599998,
            "demand": 17.0
        },
        "c44": {
            "x": 61.299999,
            "y": 77.699997,
            "demand": 13.0
        },
        "c45": {
            "x": 70.099998,
            "y": 83.099998,
            "demand": 13.0
        },
        "c46": {
            "x": 69.0,
            "y": 82.800003,
            "demand": 12.0
        },
        "c47": {
            "x": 59.599998,
            "y": 78.199997,
            "demand": 12.0
        },
        "c48": {
            "x": 67.900002,
            "y": 88.800003,
            "demand": 19.0
        },
        "c49": {
            "x": 60.400002,
            "y": 82.0,
            "demand": 17.0
        },
        "c50": {
            "x": 59.400002,
            "y": 87.199997,
            "demand": 16.0
        },
        "c51": {
            "x": 70.699997,
            "y": 87.0,
            "demand": 12.0
        },
        "c52": {
            "x": 70.099998,
            "y": 77.699997,
            "demand": 14.0
        },
        "c53": {
            "x": 71.099998,
            "y": 91.099998,
            "demand": 15.0
        },
        "c54": {
            "x": 72.800003,
            "y": 86.199997,
            "demand": 10.0
        },
        "c55": {
            "x": 63.700001,
            "y": 84.0,
            "demand": 19.0
        },
        "c56": {
            "x": 61.5,
            "y": 91.599998,
            "demand": 18.0
        },
        "c57": {
            "x": 66.699997,
            "y": 80.599998,
            "demand": 11.0
        },
        "c58": {
            "x": 57.5,
            "y": 79.300003,
            "demand": 17.0
        },
        "c59": {
            "x": 59.700001,
            "y": 86.300003,
            "demand": 17.0
        },
        "c60": {
            "x": 58.299999,
            "y": 78.0,
            "demand": 12.0
        },
        "c61": {
            "x": 69.599998,
            "y": 84.599998,
            "demand": 17.0
        },
        "c62": {
            "x": 64.199997,
            "y": 83.300003,
            "demand": 14.0
        },
        "c63": {
            "x": 85.400002,
            "y": 13.5,
            "demand": 19.0
        },
        "c64": {
            "x": 93.0,
            "y": 1.1,
            "demand": 17.0
        },
        "c65": {
            "x": 92.599998,
            "y": 14.1,
            "demand": 10.0
        },
        "c66": {
            "x": 92.900002,
            "y": 14.4,
            "demand": 11.0
        },
        "c67": {
            "x": 81.800003,
            "y": 13.1,
            "demand": 18.0
        },
        "c68": {
            "x": 76.0,
            "y": 13.9,
            "demand": 13.0
        },
        "c69": {
            "x": 89.400002,
            "y": 7.9,
            "demand": 16.0
        },
        "c70": {
            "x": 81.0,
            "y": 17.299999,
            "demand": 16.0
        },
        "c71": {
            "x": 86.599998,
            "y": 9.3,
            "demand": 20.0
        },
        "c72": {
            "x": 84.0,
            "y": 17.299999,
            "demand": 13.0
        },
        "c73": {
            "x": 88.199997,
            "y": 7.6,
            "demand": 13.0
        },
        "c74": {
            "x": 82.800003,
            "y": 13.2,
            "demand": 18.0
        },
        "c75": {
            "x": 90.400002,
            "y": 10.6,
            "demand": 13.0
        },
        "c76": {
            "x": 78.300003,
            "y": 7.4,
            "demand": 15.0
        },
        "c77": {
            "x": 83.5,
            "y": 8.7,
            "demand": 13.0
        },
        "c78": {
            "x": 86.300003,
            "y": 11.2,
            "demand": 14.0
        },
        "c79": {
            "x": 92.599998,
            "y": 8.2,
            "demand": 15.0
        },
        "c80": {
            "x": 79.099998,
            "y": 10.3,
            "demand": 19.0
        },
        "c81": {
            "x": 82.400002,
            "y": 12.5,
            "demand": 11.0
        },
        "c82": {
            "x": 81.5,
            "y": 8.1,
            "demand": 17.0
        },
        "c83": {
            "x": 78.699997,
            "y": 10.1,
            "demand": 16.0
        },
        "c84": {
            "x": 83.300003,
            "y": 5.6,
            "demand": 11.0
        },
        "c85": {
            "x": 90.0,
            "y": 10.1,
            "demand": 16.0
        },
        "c86": {
            "x": 87.800003,
            "y": 4.8,
            "demand": 13.0
        },
        "c87": {
            "x": 77.900002,
            "y": 7.8,
            "demand": 20.0
        },
        "c88": {
            "x": 82.5,
            "y": 10.1,
            "demand": 19.0
        },
        "c89": {
            "x": 90.099998,
            "y": 18.1,
            "demand": 17.0
        },
        "c90": {
            "x": 80.800003,
            "y": 16.0,
            "demand": 19.0
        },
        "c91": {
            "x": 85.699997,
            "y": 15.4,
            "demand": 16.0
        },
        "c92": {
            "x": 76.300003,
            "y": 7.2,
            "demand": 16.0
        },
        "c93": {
            "x": 89.699997,
            "y": 11.9,
            "demand": 11.0
        },
        "c94": {
            "x": 78.099998,
            "y": 13.2,
            "demand": 16.0
        },
        "c95": {
            "x": 92.099998,
            "y": 14.1,
            "demand": 12.0
        },
        "c96": {
            "x": 85.699997,
            "y": 7.4,
            "demand": 17.0
        },
        "c97": {
            "x": 87.400002,
            "y": 4.7,
            "demand": 16.0
        },
        "c98": {
            "x": 92.0,
            "y": 9.5,
            "demand": 11.0
        },
        "c99": {
            "x": 80.900002,
            "y": 6.9,
            "demand": 12.0
        },
        "c100": {
            "x": 85.400002,
            "y": 4.6,
            "demand": 17.0
        },
        "c101": {
            "x": 82.5,
            "y": 16.6,
            "demand": 12.0
        },
        "c102": {
            "x": 84.099998,
            "y": 9.0,
            "demand": 15.0
        },
        "c103": {
            "x": 92.599998,
            "y": 17.5,
            "demand": 20.0
        },
        "c104": {
            "x": 82.599998,
            "y": 11.8,
            "demand": 15.0
        },
        "c105": {
            "x": 81.900002,
            "y": 3.5,
            "demand": 17.0
        },
        "c106": {
            "x": 85.099998,
            "y": 8.0,
            "demand": 11.0
        },
        "c107": {
            "x": 85.900002,
            "y": 1.8,
            "demand": 13.0
        },
        "c108": {
            "x": 78.300003,
            "y": 12.5,
            "demand": 15.0
        },
        "c109": {
            "x": 92.5,
            "y": 9.5,
            "demand": 15.0
        },
        "c110": {
            "x": 92.199997,
            "y": 5.3,
            "demand": 15.0
        },
        "c111": {
            "x": 90.0,
            "y": 18.200001,
            "demand": 14.0
        },
        "c112": {
            "x": 80.300003,
            "y": 11.8,
            "demand": 10.0
        },
        "c113": {
            "x": 85.5,
            "y": 11.6,
            "demand": 16.0
        },
        "c114": {
            "x": 82.300003,
            "y": 2.0,
            "demand": 12.0
        },
        "c115": {
            "x": 89.900002,
            "y": 7.5,
            "demand": 15.0
        },
        "c116": {
            "x": 91.699997,
            "y": 2.8,
            "demand": 10.0
        },
        "c117": {
            "x": 80.099998,
            "y": 13.1,
            "demand": 13.0
        },
        "c118": {
            "x": 79.199997,
            "y": 15.7,
            "demand": 16.0
        },
        "c119": {
            "x": 78.199997,
            "y": 3.7,
            "demand": 20.0
        },
        "c120": {
            "x": 87.099998,
            "y": 16.200001,
            "demand": 14.0
        },
        "c121": {
            "x": 87.900002,
            "y": 1.8,
            "demand": 20.0
        },
        "c122": {
            "x": 82.699997,
            "y": 14.2,
            "demand": 15.0
        },
        "c123": {
            "x": 85.099998,
            "y": 5.8,
            "demand": 11.0
        },
        "c124": {
            "x": 91.900002,
            "y": 16.799999,
            "demand": 10.0
        },
        "c125": {
            "x": 85.900002,
            "y": 10.5,
            "demand": 10.0
        },
        "c126": {
            "x": 82.099998,
            "y": 1.8,
            "demand": 14.0
        },
        "c127": {
            "x": 85.199997,
            "y": 12.8,
            "demand": 20.0
        },
        "c128": {
            "x": 91.800003,
            "y": 2.2,
            "demand": 13.0
        },
        "c129": {
            "x": 91.599998,
            "y": 9.0,
            "demand": 19.0
        },
        "c130": {
            "x": 29.6,
            "y": 23.799999,
            "demand": 16.0
        },
        "c131": {
            "x": 36.0,
            "y": 24.200001,
            "demand": 18.0
        },
        "c132": {
            "x": 31.700001,
            "y": 14.5,
            "demand": 11.0
        },
        "c133": {
            "x": 29.299999,
            "y": 11.1,
            "demand": 11.0
        },
        "c134": {
            "x": 39.200001,
            "y": 13.1,
            "demand": 17.0
        },
        "c135": {
            "x": 26.200001,
            "y": 11.6,
            "demand": 10.0
        },
        "c136": {
            "x": 24.6,
            "y": 14.9,
            "demand": 11.0
        },
        "c137": {
            "x": 31.299999,
            "y": 27.0,
            "demand": 18.0
        },
        "c138": {
            "x": 27.5,
            "y": 11.8,
            "demand": 20.0
        },
        "c139": {
            "x": 22.799999,
            "y": 19.1,
            "demand": 15.0
        },
        "c140": {
            "x": 27.5,
            "y": 25.700001,
            "demand": 19.0
        },
        "c141": {
            "x": 33.099998,
            "y": 21.700001,
            "demand": 19.0
        },
        "c142": {
            "x": 27.4,
            "y": 18.0,
            "demand": 10.0
        },
        "c143": {
            "x": 23.9,
            "y": 27.6,
            "demand": 20.0
        },
        "c144": {
            "x": 30.9,
            "y": 24.0,
            "demand": 13.0
        },
        "c145": {
            "x": 26.6,
            "y": 15.1,
            "demand": 15.0
        },
        "c146": {
            "x": 25.1,
            "y": 23.799999,
            "demand": 20.0
        },
        "c147": {
            "x": 35.700001,
            "y": 27.200001,
            "demand": 14.0
        },
        "c148": {
            "x": 23.200001,
            "y": 13.3,
            "demand": 16.0
        },
        "c149": {
            "x": 38.200001,
            "y": 11.2,
            "demand": 16.0
        },
        "c150": {
            "x": 28.1,
            "y": 12.2,
            "demand": 19.0
        },
        "c151": {
            "x": 34.200001,
            "y": 16.6,
            "demand": 15.0
        },
        "c152": {
            "x": 39.0,
            "y": 13.5,
            "demand": 11.0
        },
        "c153": {
            "x": 28.799999,
            "y": 25.1,
            "demand": 12.0
        },
        "c154": {
            "x": 34.200001,
            "y": 26.0,
            "demand": 17.0
        },
        "c155": {
            "x": 28.700001,
            "y": 19.6,
            "demand": 10.0
        },
        "c156": {
            "x": 38.299999,
            "y": 17.4,
            "demand": 14.0
        },
        "c157": {
            "x": 23.1,
            "y": 11.5,
            "demand": 15.0
        },
        "c158": {
            "x": 29.1,
            "y": 25.799999,
            "demand": 20.0
        },
        "c159": {
            "x": 23.700001,
            "y": 20.299999,
            "demand": 16.0
        },
        "c160": {
            "x": 34.099998,
            "y": 12.9,
            "demand": 11.0
        },
        "c161": {
            "x": 37.0,
            "y": 25.6,
            "demand": 10.0
        },
        "c162": {
            "x": 26.1,
            "y": 27.5,
            "demand": 19.0
        },
        "c163": {
            "x": 37.400002,
            "y": 16.6,
            "demand": 16.0
        },
        "c164": {
            "x": 30.9,
            "y": 15.5,
            "demand": 10.0
        },
        "c165": {
            "x": 26.4,
            "y": 13.0,
            "demand": 19.0
        },
        "c166": {
            "x": 25.0,
            "y": 21.9,
            "demand": 19.0
        },
        "c167": {
            "x": 38.799999,
            "y": 15.9,
            "demand": 15.0
        },
        "c168": {
            "x": 32.0,
            "y": 19.700001,
            "demand": 18.0
        },
        "c169": {
            "x": 27.700001,
            "y": 14.7,
            "demand": 14.0
        },
        "c170": {
            "x": 39.400002,
            "y": 11.8,
            "demand": 20.0
        },
        "c171": {
            "x": 31.0,
            "y": 20.700001,
            "demand": 12.0
        },
        "c172": {
            "x": 34.400002,
            "y": 13.1,
            "demand": 17.0
        },
        "c173": {
            "x": 26.4,
            "y": 11.1,
            "demand": 14.0
        },
        "c174": {
            "x": 37.700001,
            "y": 14.8,
            "demand": 14.0
        },
        "c175": {
            "x": 27.4,
            "y": 15.7,
            "demand": 20.0
        },
        "c176": {
            "x": 39.599998,
            "y": 12.0,
            "demand": 19.0
        },
        "c177": {
            "x": 35.700001,
            "y": 15.4,
            "demand": 18.0
        },
        "c178": {
            "x": 34.400002,
            "y": 13.6,
            "demand": 18.0
        },
        "c179": {
            "x": 32.099998,
            "y": 15.3,
            "demand": 17.0
        },
        "c180": {
            "x": 35.700001,
            "y": 26.200001,
            "demand": 14.0
        },
        "c181": {
            "x": 23.0,
            "y": 22.700001,
            "demand": 17.0
        },
        "c182": {
            "x": 37.599998,
            "y": 13.7,
            "demand": 19.0
        },
        "c183": {
            "x": 38.799999,
            "y": 12.5,
            "demand": 12.0
        },
        "c184": {
            "x": 34.700001,
            "y": 26.4,
            "demand": 17.0
        },
        "c185": {
            "x": 24.9,
            "y": 17.6,
            "demand": 15.0
        },
        "c186": {
            "x": 31.0,
            "y": 23.799999,
            "demand": 16.0
        },
        "c187": {
            "x": 31.200001,
            "y": 28.0,
            "demand": 10.0
        },
        "c188": {
            "x": 35.400002,
            "y": 15.6,
            "demand": 20.0
        },
        "c189": {
            "x": 26.200001,
            "y": 23.200001,
            "demand": 17.0
        },
        "c190": {
            "x": 33.200001,
            "y": 19.299999,
            "demand": 16.0
        },
        "c191": {
            "x": 36.0,
            "y": 28.0,
            "demand": 10.0
        },
        "c192": {
            "x": 26.0,
            "y": 16.200001,
            "demand": 18.0
        },
        "c193": {
            "x": 33.400002,
            "y": 16.6,
            "demand": 19.0
        },
        "c194": {
            "x": 30.200001,
            "y": 12.2,
            "demand": 16.0
        },
        "c195": {
            "x": 26.9,
            "y": 13.6,
            "demand": 17.0
        },
        "c196": {
            "x": 35.900002,
            "y": 15.2,
            "demand": 17.0
        },
        "c197": {
            "x": 32.799999,
            "y": 17.299999,
            "demand": 11.0
        },
        "c198": {
            "x": 33.799999,
            "y": 17.9,
            "demand": 12.0
        },
        "c199": {
            "x": 34.700001,
            "y": 18.200001,
            "demand": 18.0
        }
    },
    "depots": {
        "d0": {
            "x": 51.299999,
            "y": 80.099998,
            "capacity": 6084.0,
            "opening_cost": 100.0
        },
        "d1": {
            "x": 42.0,
            "y": 10.6,
            "capacity": 6084.0,
            "opening_cost": 100.0
        },
        "d2": {
            "x": 63.099998,
            "y": 45.0,
            "capacity": 6084.0,
            "opening_cost": 100.0
        },
        "d3": {
            "x": 90.699997,
            "y": 20.200001,
            "capacity": 6084.0,
            "opening_cost": 100.0
        },
        "d4": {
            "x": 24.299999,
            "y": 42.400002,
            "capacity": 6084.0,
            "opening_cost": 100.0
        },
        "d5": {
            "x": 86.099998,
            "y": 83.199997,
            "capacity": 6084.0,
            "opening_cost": 100.0
        },
        "d6": {
            "x": 37.200001,
            "y": 36.299999,
            "capacity": 6084.0,
            "opening_cost": 100.0
        },
        "d7": {
            "x": 30.9,
            "y": 17.5,
            "capacity": 6084.0,
            "opening_cost": 100.0
        },
        "d8": {
            "x": 24.799999,
            "y": 53.799999,
            "capacity": 6084.0,
            "opening_cost": 100.0
        },
        "d9": {
            "x": 45.099998,
            "y": 97.900002,
            "capacity": 6084.0,
            "opening_cost": 100.0
        },
        "d10": {
            "x": 28.0,
            "y": 68.800003,
            "capacity": 6084.0,
            "opening_cost": 100.0
        },
        "d11": {
            "x": 11.4,
            "y": 50.5,
            "capacity": 6084.0,
            "opening_cost": 100.0
        },
        "d12": {
            "x": 0.7,
            "y": 47.299999,
            "capacity": 6084.0,
            "opening_cost": 100.0
        },
        "d13": {
            "x": 97.900002,
            "y": 37.200001,
            "capacity": 6084.0,
            "opening_cost": 100.0
        },
        "d14": {
            "x": 36.0,
            "y": 54.299999,
            "capacity": 6084.0,
            "opening_cost": 100.0
        },
        "d15": {
            "x": 67.800003,
            "y": 83.400002,
            "capacity": 6084.0,
            "opening_cost": 100.0
        },
        "d16": {
            "x": 84.0,
            "y": 25.200001,
            "capacity": 6084.0,
            "opening_cost": 100.0
        },
        "d17": {
            "x": 45.0,
            "y": 87.0,
            "capacity": 6084.0,
            "opening_cost": 100.0
        },
        "d18": {
            "x": 78.0,
            "y": 77.199997,
            "capacity": 6084.0,
            "opening_cost": 100.0
        },
        "d19": {
            "x": 87.099998,
            "y": 19.0,
            "capacity": 6084.0,
            "opening_cost": 100.0
        }
    },
    "meta_data": {
        "nb_customers": 200,
        "nb_depots": 20,
        "vehicle_cap": 150.0,
        "vehicle_cost": 10.0,
        "cost_type": 1.0
    }
}