{
    "customers": {
        "c0": {
            "x": 60.099998,
            "y": 71.0,
            "demand": 13.0
        },
        "c1": {
            "x": 11.8,
            "y": 36.200001,
            "demand": 20.0
        },
        "c2": {
            "x": 17.6,
            "y": 31.6,
            "demand": 11.0
        },
        "c3": {
            "x": 85.0,
            "y": 39.799999,
            "demand": 12.0
        },
        "c4": {
            "x": 25.5,
            "y": 22.6,
            "demand": 17.0
        },
        "c5": {
            "x": 66.400002,
            "y": 68.599998,
            "demand": 12.0
        },
        "c6": {
            "x": 71.099998,
            "y": 16.200001,
            "demand": 12.0
        },
        "c7": {
            "x": 31.5,
            "y": 64.199997,
            "demand": 12.0
        },
        "c8": {
            "x": 69.599998,
            "y": 91.5,
            "demand": 16.0
        },
        "c9": {
            "x": 98.300003,
            "y": 12.8,
            "demand": 17.0
        },
        "c10": {
            "x": 56.0,
            "y": 46.5,
            "demand": 18.0
        },
        "c11": {
            "x": 13.4,
            "y": 94.099998,
            "demand": 11.0
        },
        "c12": {
            "x": 77.300003,
            "y": 7.6,
            "demand": 16.0
        },
        "c13": {
            "x": 12.7,
            "y": 48.799999,
            "demand": 19.0
        },
        "c14": {
            "x": 38.700001,
            "y": 68.900002,
            "demand": 17.0
        },
        "c15": {
            "x": 25.1,
            "y": 12.9,
            "demand": 20.0
        },
        "c16": {
            "x": 90.199997,
            "y": 2.6,
            "demand": 11.0
        },
        "c17": {
            "x": 87.199997,
            "y": 32.400002,
            "demand": 15.0
        },
        "c18": {
            "x": 50.400002,
            "y": 95.5,
            "demand": 10.0
        },
        "c19": {
            "x": 98.900002,
            "y": 51.900002,
            "demand": 17.0
        },
        "c20": {
            "x": 16.5,
            "y": 90.0,
            "demand": 20.0
        },
        "c21": {
            "x": 56.099998,
            "y": 74.900002,
            "demand": 16.0
        },
        "c22": {
            "x": 68.0,
            "y": 22.4,
            "demand": 10.0
        },
        "c23": {
            "x": 12.0,
            "y": 95.400002,
            "demand": 19.0
        },
        "c24": {
            "x": 62.700001,
            "y": 36.400002,
            "demand": 17.0
        },
        "c25": {
            "x": 44.200001,
            "y": 3.4,
            "demand": 10.0
        },
        "c26": {
            "x": 64.599998,
            "y": 67.699997,
            "demand": 10.0
        },
        "c27": {
            "x": 71.5,
            "y": 76.5,
            "demand": 19.0
        },
        "c28": {
            "x": 64.900002,
            "y": 79.199997,
            "demand": 11.0
        },
        "c29": {
            "x": 68.0,
            "y": 69.800003,
            "demand": 20.0
        },
        "c30": {
            "x": 60.5,
            "y": 78.900002,
            "demand": 11.0
        },
        "c31": {
            "x": 68.699997,
            "y": 81.099998,
            "demand": 13.0
        },
        "c32": {
            "x": 69.699997,
            "y": 68.0,
            "demand": 14.0
        },
        "c33": {
            "x": 65.400002,
            "y": 74.300003,
            "demand": 12.0
        },
        "c34": {
            "x": 58.200001,
            "y": 76.0,
            "demand": 20.0
        },
        "c35": {
            "x": 63.5,
            "y": 65.5,
            "demand": 11.0
        },
        "c36": {
            "x": 62.099998,
            "y": 76.5,
            "demand": 14.0
        },
        "c37": {
            "x": 56.599998,
            "y": 81.599998,
            "demand": 16.0
        },
        "c38": {
            "x": 69.800003,
            "y": 75.300003,
            "demand": 16.0
        },
        "c39": {
            "x": 72.400002,
            "y": 68.699997,
            "demand": 18.0
        },
        "c40": {
            "x": 66.599998,
            "y": 77.199997,
            "demand": 14.0
        },
        "c41": {
            "x": 67.800003,
            "y": 74.0,
            "demand": 20.0
        },
        "c42": {
            "x": 63.099998,
            "y": 72.099998,
            "demand": 19.0
        },
        "c43": {
            "x": 69.400002,
            "y": 68.400002,
            "demand": 10.0
        },
        "c44": {
            "x": 62.400002,
            "y": 75.099998,
            "demand": 17.0
        },
        "c45": {
            "x": 63.5,
            "y": 81.599998,
            "demand": 10.0
        },
        "c46": {
            "x": 56.700001,
            "y": 77.400002,
            "demand": 12.0
        },
        "c47": {
            "x": 69.199997,
            "y": 65.199997,
            "demand": 16.0
        },
        "c48": {
            "x": 70.199997,
            "y": 65.300003,
            "demand": 19.0
        },
        "c49": {
            "x": 68.900002,
            "y": 66.0,
            "demand": 14.0
        },
        "c50": {
            "x": 69.300003,
            "y": 65.800003,
            "demand": 19.0
        },
        "c51": {
            "x": 62.200001,
            "y": 81.699997,
            "demand": 13.0
        },
        "c52": {
            "x": 72.800003,
            "y": 81.699997,
            "demand": 10.0
        },
        "c53": {
            "x": 56.900002,
            "y": 74.900002,
            "demand": 17.0
        },
        "c54": {
            "x": 64.5,
            "y": 66.599998,
            "demand": 20.0
        },
        "c55": {
            "x": 65.099998,
            "y": 76.5,
            "demand": 15.0
        },
        "c56": {
            "x": 67.900002,
            "y": 66.699997,
            "demand": 18.0
        },
        "c57": {
            "x": 65.800003,
            "y": 81.800003,
            "demand": 11.0
        },
        "c58": {
            "x": 58.200001,
            "y": 77.800003,
            "demand": 14.0
        },
        "c59": {
            "x": 58.900002,
            "y": 72.699997,
            "demand": 14.0
        },
        "c60": {
            "x": 59.099998,
            "y": 69.900002,
            "demand": 11.0
        },
        "c61": {
            "x": 59.5,
            "y": 71.0,
            "demand": 17.0
        },
        "c62": {
            "x": 64.900002,
            "y": 77.699997,
            "demand": 13.0
        },
        "c63": {
            "x": 65.599998,
            "y": 79.599998,
            "demand": 10.0
        },
        "c64": {
            "x": 71.800003,
            "y": 71.400002,
            "demand": 14.0
        },
        "c65": {
            "x": 69.199997,
            "y": 77.400002,
            "demand": 16.0
        },
        "c66": {
            "x": 65.300003,
            "y": 73.300003,
            "demand": 13.0
        },
        "c67": {
            "x": 99.900002,
            "y": 81.699997,
            "demand": 12.0
        },
        "c68": {
            "x": 99.900002,
            "y": 82.099998,
            "demand": 19.0
        },
        "c69": {
            "x": 98.5,
            "y": 72.0,
            "demand": 17.0
        },
        "c70": {
            "x": 94.0,
            "y": 67.0,
            "demand": 10.0
        },
        "c71": {
            "x": 98.0,
            "y": 77.900002,
            "demand": 16.0
        },
        "c72": {
            "x": 90.900002,
            "y": 77.400002,
            "demand": 10.0
        },
        "c73": {
            "x": 99.900002,
            "y": 76.699997,
            "demand": 20.0
        },
        "c74": {
            "x": 99.900002,
            "y": 72.599998,
            "demand": 15.0
        },
        "c75": {
            "x": 94.099998,
            "y": 72.199997,
            "demand": 12.0
        },
        "c76": {
            "x": 99.900002,
            "y": 73.900002,
            "demand": 17.0
        },
        "c77": {
            "x": 98.099998,
            "y": 66.400002,
            "demand": 12.0
        },
        "c78": {
            "x": 97.099998,
            "y": 68.300003,
            "demand": 13.0
        },
        "c79": {
            "x": 99.900002,
            "y": 70.599998,
            "demand": 19.0
        },
        "c80": {
            "x": 95.900002,
            "y": 67.199997,
            "demand": 10.0
        },
        "c81": {
            "x": 99.900002,
            "y": 71.199997,
            "demand": 18.0
        },
        "c82": {
            "x": 99.900002,
            "y": 66.0,
            "demand": 13.0
        },
        "c83": {
            "x": 99.900002,
            "y": 77.800003,
            "demand": 18.0
        },
        "c84": {
            "x": 96.900002,
            "y": 73.400002,
            "demand": 13.0
        },
        "c85": {
            "x": 99.900002,
            "y": 76.0,
            "demand": 10.0
        },
        "c86": {
            "x": 97.400002,
            "y": 73.199997,
            "demand": 13.0
        },
        "c87": {
            "x": 94.599998,
            "y": 65.800003,
            "demand": 20.0
        },
        "c88": {
            "x": 97.800003,
            "y": 67.900002,
            "demand": 12.0
        },
        "c89": {
            "x": 99.5,
            "y": 68.199997,
            "demand": 12.0
        },
        "c90": {
            "x": 95.199997,
            "y": 75.300003,
            "demand": 12.0
        },
        "c91": {
            "x": 99.900002,
            "y": 71.800003,
            "demand": 12.0
        },
        "c92": {
            "x": 94.800003,
            "y": 79.900002,
            "demand": 11.0
        },
        "c93": {
            "x": 93.900002,
            "y": 78.599998,
            "demand": 19.0
        },
        "c94": {
            "x": 99.900002,
            "y": 78.199997,
            "demand": 12.0
        },
        "c95": {
            "x": 99.900002,
            "y": 78.199997,
            "demand": 12.0
        },
        "c96": {
            "x": 96.699997,
            "y": 73.900002,
            "demand": 12.0
        },
        "c97": {
            "x": 99.900002,
            "y": 72.099998,
            "demand": 19.0
        },
        "c98": {
            "x": 99.900002,
            "y": 73.699997,
            "demand": 16.0
        },
        "c99": {
            "x": 99.0,
            "y": 76.800003,
            "demand": 17.0
        },
        "c100": {
            "x": 99.900002,
            "y": 70.400002,
            "demand": 10.0
        },
        "c101": {
            "x": 94.300003,
            "y": 65.300003,
            "demand": 13.0
        },
        "c102": {
            "x": 99.900002,
            "y": 69.5,
            "demand": 20.0
        },
        "c103": {
            "x": 94.0,
            "y": 71.099998,
            "demand": 10.0
        },
        "c104": {
            "x": 99.900002,
            "y": 79.300003,
            "demand": 20.0
        },
        "c105": {
            "x": 99.900002,
            "y": 68.699997,
            "demand": 18.0
        },
        "c106": {
            "x": 99.900002,
            "y": 78.699997,
            "demand": 20.0
        },
        "c107": {
            "x": 92.0,
            "y": 65.099998,
            "demand": 19.0
        },
        "c108": {
            "x": 99.900002,
            "y": 69.0,
            "demand": 11.0
        },
        "c109": {
            "x": 99.900002,
            "y": 80.900002,
            "demand": 16.0
        },
        "c110": {
            "x": 28.4,
            "y": 64.800003,
            "demand": 14.0
        },
        "c111": {
            "x": 37.5,
            "y": 50.5,
            "demand": 17.0
        },
        "c112": {
            "x": 38.900002,
            "y": 50.900002,
            "demand": 19.0
        },
        "c113": {
            "x": 40.299999,
            "y": 63.099998,
            "demand": 14.0
        },
        "c114": {
            "x": 24.9,
            "y": 62.200001,
            "demand": 10.0
        },
        "c115": {
            "x": 28.5,
            "y": 51.799999,
            "demand": 12.0
        },
        "c116": {
            "x": 37.599998,
            "y": 64.099998,
            "demand": 11.0
        },
        "c117": {
            "x": 36.900002,
            "y": 53.299999,
            "demand": 19.0
        },
        "c118": {
            "x": 33.400002,
            "y": 51.0,
            "demand": 12.0
        },
        "c119": {
            "x": 34.700001,
            "y": 51.900002,
            "demand": 13.0
        },
        "c120": {
            "x": 24.5,
            "y": 50.900002,
            "demand": 17.0
        },
        "c121": {
            "x": 24.5,
            "y": 61.400002,
            "demand": 10.0
        },
        "c122": {
            "x": 41.0,
            "y": 58.0,
            "demand": 15.0
        },
        "c123": {
            "x": 30.799999,
            "y": 54.700001,
            "demand": 18.0
        },
        "c124": {
            "x": 33.200001,
            "y": 58.299999,
            "demand": 12.0
        },
        "c125": {
            "x": 30.0,
            "y": 51.5,
            "demand": 10.0
        },
        "c126": {
            "x": 24.1,
            "y": 54.799999,
            "demand": 18.0
        },
        "c127": {
            "x": 26.5,
            "y": 51.400002,
            "demand": 10.0
        },
        "c128": {
            "x": 34.599998,
            "y": 50.0,
            "demand": 12.0
        },
        "c129": {
            "x": 31.6,
            "y": 65.699997,
            "demand": 12.0
        },
        "c130": {
            "x": 26.1,
            "y": 55.799999,
            "demand": 18.0
        },
        "c131": {
            "x": 27.1,
            "y": 52.299999,
            "demand": 16.0
        },
        "c132": {
            "x": 35.0,
            "y": 55.799999,
            "demand": 18.0
        },
        "c133": {
            "x": 24.1,
            "y": 51.5,
            "demand": 20.0
        },
        "c134": {
            "x": 28.6,
            "y": 54.0,
            "demand": 16.0
        },
        "c135": {
            "x": 31.6,
            "y": 49.099998,
            "demand": 11.0
        },
        "c136": {
            "x": 29.299999,
            "y": 55.299999,
            "demand": 10.0
        },
        "c137": {
            "x": 26.5,
            "y": 58.700001,
            "demand": 20.0
        },
        "c138": {
            "x": 24.299999,
            "y": 61.700001,
            "demand": 19.0
        },
        "c139": {
            "x": 40.099998,
            "y": 49.599998,
            "demand": 13.0
        },
        "c140": {
            "x": 30.5,
            "y": 64.300003,
            "demand": 14.0
        },
        "c141": {
            "x": 28.1,
            "y": 65.300003,
            "demand": 14.0
        },
        "c142": {
            "x": 30.4,
            "y": 59.900002,
            "demand": 14.0
        },
        "c143": {
            "x": 34.0,
            "y": 51.299999,
            "demand": 11.0
        },
        "c144": {
            "x": 37.0,
            "y": 49.5,
            "demand": 20.0
        },
        "c145": {
            "x": 39.099998,
            "y": 49.299999,
            "demand": 16.0
        },
        "c146": {
            "x": 30.700001,
            "y": 63.799999,
            "demand": 20.0
        },
        "c147": {
            "x": 33.599998,
            "y": 51.900002,
            "demand": 17.0
        },
        "c148": {
            "x": 23.799999,
            "y": 59.400002,
            "demand": 19.0
        },
        "c149": {
            "x": 29.700001,
            "y": 57.700001,
            "demand": 12.0
        }
    },
    "depots": {
        "d0": {
            "x": 72.300003,
            "y": 0.2,
            "capacity": 4424.0,
            "opening_cost": 100.0
        },
        "d1": {
            "x": 54.0,
            "y": 96.699997,
            "capacity": 4424.0,
            "opening_cost": 100.0
        },
        "d2": {
            "x": 58.700001,
            "y": 38.5,
            "capacity": 4424.0,
            "opening_cost": 100.0
        },
        "d3": {
            "x": 17.6,
            "y": 40.900002,
            "capacity": 4424.0,
            "opening_cost": 100.0
        },
        "d4": {
            "x": 52.200001,
            "y": 82.800003,
            "capacity": 4424.0,
            "opening_cost": 100.0
        },
        "d5": {
            "x": 42.900002,
            "y": 5.4,
            "capacity": 4424.0,
            "opening_cost": 100.0
        },
        "d6": {
            "x": 3.1,
            "y": 95.900002,
            "capacity": 4424.0,
            "opening_cost": 100.0
        },
        "d7": {
            "x": 78.900002,
            "y": 67.199997,
            "capacity": 4424.0,
            "opening_cost": 100.0
        },
        "d8": {
            "x": 55.200001,
            "y": 73.5,
            "capacity": 4424.0,
            "opening_cost": 100.0
        },
        "d9": {
            "x": 73.300003,
            "y": 26.5,
            "capacity": 4424.0,
            "opening_cost": 100.0
        },
        "d10": {
            "x": 37.599998,
            "y": 23.5,
            "capacity": 4424.0,
            "opening_cost": 100.0
        },
        "d11": {
            "x": 54.0,
            "y": 0.8,
            "capacity": 4424.0,
            "opening_cost": 100.0
        },
        "d12": {
            "x": 77.400002,
            "y": 35.299999,
            "capacity": 4424.0,
            "opening_cost": 100.0
        },
        "d13": {
            "x": 14.2,
            "y": 77.599998,
            "capacity": 4424.0,
            "opening_cost": 100.0
        },
        "d14": {
            "x": 90.699997,
            "y": 17.1,
            "capacity": 4424.0,
            "opening_cost": 100.0
        },
        "d15": {
            "x": 35.200001,
            "y": 94.699997,
            "capacity": 4424.0,
            "opening_cost": 100.0
        },
        "d16": {
            "x": 13.6,
            "y": 55.599998,
            "capacity": 4424.0,
            "opening_cost": 100.0
        },
        "d17": {
            "x": 58.299999,
            "y": 60.5,
            "capacity": 4424.0,
            "opening_cost": 100.0
        },
        "d18": {
            "x": 61.599998,
            "y": 0.5,
            "capacity": 4424.0,
            "opening_cost": 100.0
        },
        "d19": {
            "x": 16.9,
            "y": 84.0,
            "capacity": 4424.0,
            "opening_cost": 100.0
        }
    },
    "meta_data": {
        "nb_customers": 150,
        "nb_depots": 20,
        "vehicle_cap": 150.0,
        "vehicle_cost": 10.0,
        "cost_type": 1.0
    }
}