﻿<?xml version="1.0" encoding="UTF-8"?>
<scene>
	<diretoria dir="C:\Users\migue\OneDrive\Trabalho CG\Fase III\sistemaSolar\Ficheiros\" />
	<group>
			<!-- SOL -->
			<cor R=1.0 G=0.647 B=0 />
			<scale X=23 Y=23 Z=23 />
			<models>
				<model file="esfera.3d" />
			</models>
			<!-- Cometa teapot -->
			<group>
				<translate time=17 >
					<point X=1 Y=0 Z=0 />
					<point X=0 Y=0 Z=-5 />
					<point X=-10 Y=0 Z=0 />
					<point X=0 Y=0 Z=6 />
				</translate>
				<rotate time=90 axisX=1 axisY=0 axisZ=0 />
				<scale X=0.05 Y=0.05 Z=0.05 />
				<models>
					<model file="bezier.3d" />
				</models>
			</group>
			<!-- Mercurio -->
			<group>
				<translate time=4 >
					<point X=1.3 Y=0 Z=0 />
					<point X=0 Y=0 Z=-1.3 />
					<point X=-1.3 Y=0 Z=0 />
					<point X=0 Y=0 Z=1.3 />
				</translate>
				<cor R=0.933 G=0.910 B=0.667 />
				<scale X=0.02 Y=0.02 Z=0.02 />
				<models>
					<model file="esfera.3d" />
				</models>
			</group>
			<!-- Venus -->
			<group>
				<translate time=6 >
					<point X=1.4 Y=0 Z=0 />
					<point X=0 Y=0 Z=-1.4 />
					<point X=-1.4 Y=0 Z=0 />
					<point X=0 Y=0 Z=1.4 />
				</translate>
				<cor R=0.941 G=0.973 B=1 />
				<scale X=0.04 Y=0.04 Z=0.04 />
				<models>
					<model file="esfera.3d" />
				</models>
			</group>
			<!-- Terra -->
			<group>
				<translate time=9 >
					<point X=1.6 Y=0 Z=0 />
					<point X=0 Y=0 Z=-1.6 />
					<point X=-1.6 Y=0 Z=0 />
					<point X=0 Y=0 Z=1.6 />
				</translate>
				<cor R=0.0 G=0.0 B=1 />
				<scale X=0.055 Y=0.055 Z=0.055 />
				<models>
					<model file="esfera.3d" />
				</models>
				<!-- Lua -->
				<group>
					<translate time=30 >
						<point X=1 Y=0.25 Z=0 />
						<point X=0 Y=0.25 Z=-1 />
						<point X=-1 Y=0.25 Z=0 />
						<point X=0 Y=0.25 Z=1 />
					</translate>
					<cor R=0.412 G=0.412 B=0.412 />
					<scale X=0.35 Y=0.35 Z=0.35 />
					<models>
						<model file="esfera.3d" />
					</models>
				</group>
			</group>
			<!-- OVNI -->
			<group>
				<translate time=20 >
					<point X=2.6 Y=1.2 Z=0 />
					<point X=0 Y=1.4 Z=-2.6 />
					<point X=-1 Y=1 Z=0 />
					<point X=-2.6 Y=1.7 Z=0 />
					<point X=0 Y=1.7 Z=2.6 />
					<point X=1 Y=1 Z=0 />
				</translate>
				<cor R=0.902 G=0.902 B=0.980 />
				<scale X=0.2 Y=0.06 Z=0.2 />
				<models>
					<model file="esfera.3d" />
				</models>
				<group>
					<translate time=10 >
						<point X=0 Y=0.3 Z=0 />
						<point X=0 Y=0.3 Z=0 />
						<point X=0 Y=0.3 Z=0 />
						<point X=0 Y=0.3 Z=0 />
					</translate>
					<cor R=0.686 G=0.933 B=0.933 />
					<scale X=0.4 Y=1.5 Z=0.4 />
					<models>
						<model file="esfera.3d" />
					</models>
					<group>
						<translate time=10 >
						<point X=0 Y=-0.7 Z=0 />
						<point X=0 Y=-0.7 Z=0 />
						<point X=0 Y=-0.7 Z=0 />
						<point X=0 Y=-0.7 Z=0 />
					</translate>
						<cor R=1.0 G=1 B=0 />
						<scale X=0.4 Y=0.3 Z=0.4 />
						<models>
							<model file="cone.3d" />
						</models>
					</group>
				</group>
			</group>
			<!-- Marte -->
			<group>
					<translate time=13 >
						<point X=2 Y=0 Z=0 />
						<point X=0 Y=0 Z=-2 />
						<point X=-2 Y=0 Z=0 />
						<point X=0 Y=0 Z=2 />
					</translate>
					<cor R=0.698 G=0.133 B=0.133 />
					<scale X=0.08 Y=0.08 Z=0.08 />
					<models>
						<model file="esfera.3d" />
					</models>
			</group>
			<!-- Jupiter -->
			<group>
				<translate time=40 >
						<point X=3 Y=0 Z=0 />
						<point X=0 Y=0 Z=-3 />
						<point X=-3 Y=0 Z=0 />
						<point X=0 Y=0 Z=3 />
				</translate>
				<cor R=0.545 G=0.271 B=0.075 />
				<scale X=0.3 Y=0.3 Z=0.3 />
				<models>
					<model file="esfera.3d" />
				</models>
				<!-- Lua Júpiter -->
				<group>
					<translate time=15 >
						<point X=3 Y=0 Z=0 />
						<point X=2.5 Y=0 Z=-1.5 />
						<point X=2 Y=0 Z=-2 />
						<point X=0 Y=0 Z=-3 />
						<point X=-1.5 Y=0 Z=-2.5 />
						<point X=-2 Y=0 Z=-2 />
						<point X=-3 Y=0 Z=0 />
						<point X=-2.5 Y=0 Z=1.5 />
						<point X=-2 Y=0 Z=2 />
						<point X=0 Y=0 Z=3 />
						<point X=1.5 Y=0 Z=2.5 />
						<point X=2 Y=0 Z=2 />
					</translate>
					<cor R=0.859 G=0.439 B=0.576 />
					<scale X=0.3 Y=0.3 Z=0.3 />
					<models>
						<model file="esfera.3d" />
					</models>
				</group>
			</group>
			<!-- Saturno -->
			<group>
					<translate time=65 >
						<point X=4.5 Y=0 Z=0 />
						<point X=0 Y=0 Z=-4.5 />
						<point X=-4.5 Y=0 Z=0 />
						<point X=0 Y=0 Z=4.5 />
					</translate>
					<cor R=0.855 G=0.647 B=0.125 />
					<scale X=0.2 Y=0.2 Z=0.2 />
					<models>
						<model file="esfera.3d" />
					</models>
			</group>
			<!-- Urano -->
			<group>
					<translate time=90 >
						<point X=6 Y=0 Z=0 />
						<point X=0 Y=0 Z=-6 />
						<point X=-6 Y=0 Z=0 />
						<point X=0 Y=0 Z=6 />
					</translate>
					<cor R=0.502 G=0.502 B=0 />
					<scale X=0.16 Y=0.16 Z=0.16 />
					<models>
						<model file="esfera.3d" />
					</models>
			</group>
			<!-- Neptuno -->
			<group>
					<translate time=120 >
						<point X=7 Y=0 Z=0 />
						<point X=0 Y=0 Z=-7 />
						<point X=-7 Y=0 Z=0 />
						<point X=0 Y=0 Z=7 />
					</translate>
					<cor R=0 G=1 B=1 />
					<scale X=0.1 Y=0.1 Z=0.1 />
					<models>
						<model file="esfera.3d" />
					</models>
			</group>
		</group>
</scene>