{
    "customers": {
        "c0": {
            "x": 218,
            "y": 382,
            "demand": 300.0
        },
        "c1": {
            "x": 218,
            "y": 358,
            "demand": 3100.0
        },
        "c2": {
            "x": 201,
            "y": 370,
            "demand": 125.0
        },
        "c3": {
            "x": 214,
            "y": 371,
            "demand": 100.0
        },
        "c4": {
            "x": 224,
            "y": 370,
            "demand": 200.0
        },
        "c5": {
            "x": 210,
            "y": 382,
            "demand": 150.0
        },
        "c6": {
            "x": 104,
            "y": 354,
            "demand": 150.0
        },
        "c7": {
            "x": 126,
            "y": 338,
            "demand": 450.0
        },
        "c8": {
            "x": 119,
            "y": 340,
            "demand": 300.0
        },
        "c9": {
            "x": 129,
            "y": 349,
            "demand": 100.0
        },
        "c10": {
            "x": 126,
            "y": 347,
            "demand": 950.0
        },
        "c11": {
            "x": 125,
            "y": 346,
            "demand": 125.0
        },
        "c12": {
            "x": 116,
            "y": 355,
            "demand": 150.0
        },
        "c13": {
            "x": 126,
            "y": 335,
            "demand": 150.0
        },
        "c14": {
            "x": 125,
            "y": 355,
            "demand": 550.0
        },
        "c15": {
            "x": 119,
            "y": 357,
            "demand": 150.0
        },
        "c16": {
            "x": 115,
            "y": 341,
            "demand": 100.0
        },
        "c17": {
            "x": 153,
            "y": 351,
            "demand": 150.0
        },
        "c18": {
            "x": 175,
            "y": 363,
            "demand": 400.0
        },
        "c19": {
            "x": 180,
            "y": 360,
            "demand": 300.0
        },
        "c20": {
            "x": 159,
            "y": 331,
            "demand": 1500.0
        },
        "c21": {
            "x": 188,
            "y": 357,
            "demand": 100.0
        },
        "c22": {
            "x": 152,
            "y": 349,
            "demand": 300.0
        },
        "c23": {
            "x": 215,
            "y": 389,
            "demand": 500.0
        },
        "c24": {
            "x": 212,
            "y": 394,
            "demand": 800.0
        },
        "c25": {
            "x": 188,
            "y": 393,
            "demand": 300.0
        },
        "c26": {
            "x": 207,
            "y": 406,
            "demand": 100.0
        },
        "c27": {
            "x": 184,
            "y": 410,
            "demand": 150.0
        },
        "c28": {
            "x": 207,
            "y": 392,
            "demand": 1000.0
        }
    },
    "depots": {
        "d0": {
            "x": 203,
            "y": 398,
            "capacity": 15000.0,
            "opening_cost": 50.0
        },
        "d1": {
            "x": 107,
            "y": 361,
            "capacity": 15000.0,
            "opening_cost": 50.0
        },
        "d2": {
            "x": 197,
            "y": 354,
            "capacity": 15000.0,
            "opening_cost": 50.0
        },
        "d3": {
            "x": 189,
            "y": 383,
            "capacity": 15000.0,
            "opening_cost": 50.0
        },
        "d4": {
            "x": 159,
            "y": 377,
            "capacity": 15000.0,
            "opening_cost": 50.0
        }
    },
    "meta_data": {
        "nb_customers": 29,
        "nb_depots": 5,
        "vehicle_cap": 4500.0,
        "vehicle_cost": 0,
        "cost_type": 1.0
    }
}