{
    "customers": {
        "c0": {
            "x": 151,
            "y": 264,
            "demand": 1100.0
        },
        "c1": {
            "x": 159,
            "y": 261,
            "demand": 700.0
        },
        "c2": {
            "x": 130,
            "y": 254,
            "demand": 800.0
        },
        "c3": {
            "x": 128,
            "y": 252,
            "demand": 1400.0
        },
        "c4": {
            "x": 163,
            "y": 247,
            "demand": 2100.0
        },
        "c5": {
            "x": 146,
            "y": 246,
            "demand": 400.0
        },
        "c6": {
            "x": 161,
            "y": 242,
            "demand": 800.0
        },
        "c7": {
            "x": 142,
            "y": 239,
            "demand": 100.0
        },
        "c8": {
            "x": 163,
            "y": 236,
            "demand": 500.0
        },
        "c9": {
            "x": 148,
            "y": 232,
            "demand": 600.0
        },
        "c10": {
            "x": 128,
            "y": 231,
            "demand": 1200.0
        },
        "c11": {
            "x": 156,
            "y": 217,
            "demand": 1300.0
        },
        "c12": {
            "x": 129,
            "y": 214,
            "demand": 1300.0
        },
        "c13": {
            "x": 146,
            "y": 208,
            "demand": 300.0
        },
        "c14": {
            "x": 164,
            "y": 208,
            "demand": 900.0
        },
        "c15": {
            "x": 141,
            "y": 206,
            "demand": 2100.0
        },
        "c16": {
            "x": 147,
            "y": 193,
            "demand": 1000.0
        },
        "c17": {
            "x": 164,
            "y": 193,
            "demand": 900.0
        },
        "c18": {
            "x": 129,
            "y": 189,
            "demand": 2500.0
        },
        "c19": {
            "x": 155,
            "y": 185,
            "demand": 1800.0
        },
        "c20": {
            "x": 139,
            "y": 182,
            "demand": 700.0
        }
    },
    "depots": {
        "d0": {
            "x": 136,
            "y": 194,
            "capacity": 15000.0,
            "opening_cost": 50.0
        },
        "d1": {
            "x": 143,
            "y": 237,
            "capacity": 15000.0,
            "opening_cost": 50.0
        },
        "d2": {
            "x": 136,
            "y": 216,
            "capacity": 15000.0,
            "opening_cost": 50.0
        },
        "d3": {
            "x": 137,
            "y": 204,
            "capacity": 15000.0,
            "opening_cost": 50.0
        },
        "d4": {
            "x": 128,
            "y": 197,
            "capacity": 15000.0,
            "opening_cost": 50.0
        }
    },
    "meta_data": {
        "nb_customers": 21,
        "nb_depots": 5,
        "vehicle_cap": 6000.0,
        "vehicle_cost": 0,
        "cost_type": 1.0
    }
}