{
    "customers": {
        "c0": {
            "x": 74,
            "y": 41,
            "demand": 7322564.0
        },
        "c1": {
            "x": 118,
            "y": 34,
            "demand": 3485398.0
        },
        "c2": {
            "x": 88,
            "y": 42,
            "demand": 2783726.0
        },
        "c3": {
            "x": 95,
            "y": 30,
            "demand": 1630553.0
        },
        "c4": {
            "x": 75,
            "y": 40,
            "demand": 1585577.0
        },
        "c5": {
            "x": 117,
            "y": 33,
            "demand": 1110549.0
        },
        "c6": {
            "x": 83,
            "y": 42,
            "demand": 1027974.0
        },
        "c7": {
            "x": 97,
            "y": 33,
            "demand": 1006877.0
        },
        "c8": {
            "x": 112,
            "y": 34,
            "demand": 983403.0
        },
        "c9": {
            "x": 99,
            "y": 29,
            "demand": 935933.0
        },
        "c10": {
            "x": 122,
            "y": 37,
            "demand": 782248.0
        },
        "c11": {
            "x": 77,
            "y": 39,
            "demand": 736014.0
        },
        "c12": {
            "x": 86,
            "y": 40,
            "demand": 731327.0
        },
        "c13": {
            "x": 123,
            "y": 38,
            "demand": 723959.0
        },
        "c14": {
            "x": 82,
            "y": 30,
            "demand": 635230.0
        },
        "c15": {
            "x": 83,
            "y": 40,
            "demand": 632910.0
        },
        "c16": {
            "x": 88,
            "y": 43,
            "demand": 628088.0
        },
        "c17": {
            "x": 90,
            "y": 35,
            "demand": 610337.0
        },
        "c18": {
            "x": 77,
            "y": 39,
            "demand": 606900.0
        },
        "c19": {
            "x": 71,
            "y": 42,
            "demand": 574283.0
        },
        "c20": {
            "x": 122,
            "y": 48,
            "demand": 516259.0
        },
        "c21": {
            "x": 106,
            "y": 32,
            "demand": 515342.0
        },
        "c22": {
            "x": 82,
            "y": 41,
            "demand": 505616.0
        },
        "c23": {
            "x": 90,
            "y": 30,
            "demand": 496938.0
        },
        "c24": {
            "x": 87,
            "y": 36,
            "demand": 488374.0
        },
        "c25": {
            "x": 105,
            "y": 40,
            "demand": 467610.0
        },
        "c26": {
            "x": 98,
            "y": 30,
            "demand": 465622.0
        },
        "c27": {
            "x": 97,
            "y": 33,
            "demand": 447619.0
        },
        "c28": {
            "x": 98,
            "y": 35,
            "demand": 444719.0
        },
        "c29": {
            "x": 123,
            "y": 46,
            "demand": 437319.0
        },
        "c30": {
            "x": 95,
            "y": 39,
            "demand": 435146.0
        },
        "c31": {
            "x": 118,
            "y": 34,
            "demand": 429433.0
        },
        "c32": {
            "x": 111,
            "y": 32,
            "demand": 405390.0
        },
        "c33": {
            "x": 90,
            "y": 39,
            "demand": 396685.0
        },
        "c34": {
            "x": 81,
            "y": 35,
            "demand": 395934.0
        },
        "c35": {
            "x": 84,
            "y": 34,
            "demand": 394017.0
        },
        "c36": {
            "x": 76,
            "y": 37,
            "demand": 393069.0
        },
        "c37": {
            "x": 107,
            "y": 35,
            "demand": 384736.0
        },
        "c38": {
            "x": 122,
            "y": 38,
            "demand": 372242.0
        },
        "c39": {
            "x": 80,
            "y": 40,
            "demand": 369879.0
        },
        "c40": {
            "x": 121,
            "y": 39,
            "demand": 369365.0
        },
        "c41": {
            "x": 93,
            "y": 45,
            "demand": 368383.0
        },
        "c42": {
            "x": 96,
            "y": 36,
            "demand": 367302.0
        },
        "c43": {
            "x": 85,
            "y": 39,
            "demand": 364040.0
        },
        "c44": {
            "x": 80,
            "y": 26,
            "demand": 358548.0
        },
        "c45": {
            "x": 120,
            "y": 37,
            "demand": 354202.0
        },
        "c46": {
            "x": 96,
            "y": 41,
            "demand": 335795.0
        },
        "c47": {
            "x": 84,
            "y": 42,
            "demand": 332943.0
        },
        "c48": {
            "x": 79,
            "y": 43,
            "demand": 328123.0
        },
        "c49": {
            "x": 97,
            "y": 38,
            "demand": 304011.0
        },
        "c50": {
            "x": 93,
            "y": 45,
            "demand": 272235.0
        },
        "c51": {
            "x": 91,
            "y": 30,
            "demand": 219531.0
        },
        "c52": {
            "x": 79,
            "y": 36,
            "demand": 207951.0
        },
        "c53": {
            "x": 77,
            "y": 38,
            "demand": 203056.0
        },
        "c54": {
            "x": 90,
            "y": 32,
            "demand": 196637.0
        },
        "c55": {
            "x": 94,
            "y": 42,
            "demand": 193187.0
        },
        "c56": {
            "x": 97,
            "y": 41,
            "demand": 191972.0
        },
        "c57": {
            "x": 89,
            "y": 43,
            "demand": 191262.0
        },
        "c58": {
            "x": 86,
            "y": 32,
            "demand": 187106.0
        },
        "c59": {
            "x": 92,
            "y": 35,
            "demand": 175795.0
        },
        "c60": {
            "x": 71,
            "y": 42,
            "demand": 160728.0
        },
        "c61": {
            "x": 112,
            "y": 41,
            "demand": 159936.0
        },
        "c62": {
            "x": 73,
            "y": 42,
            "demand": 139739.0
        },
        "c63": {
            "x": 85,
            "y": 43,
            "demand": 127321.0
        },
        "c64": {
            "x": 116,
            "y": 44,
            "demand": 125738.0
        },
        "c65": {
            "x": 84,
            "y": 30,
            "demand": 124773.0
        },
        "c66": {
            "x": 96,
            "y": 39,
            "demand": 119883.0
        },
        "c67": {
            "x": 123,
            "y": 45,
            "demand": 107786.0
        },
        "c68": {
            "x": 90,
            "y": 40,
            "demand": 105227.0
        },
        "c69": {
            "x": 74,
            "y": 43,
            "demand": 101082.0
        },
        "c70": {
            "x": 81,
            "y": 34,
            "demand": 98052.0
        },
        "c71": {
            "x": 75,
            "y": 40,
            "demand": 88675.0
        },
        "c72": {
            "x": 82,
            "y": 38,
            "demand": 57287.0
        },
        "c73": {
            "x": 106,
            "y": 36,
            "demand": 55859.0
        },
        "c74": {
            "x": 77,
            "y": 40,
            "demand": 52376.0
        },
        "c75": {
            "x": 105,
            "y": 41,
            "demand": 50008.0
        },
        "c76": {
            "x": 101,
            "y": 47,
            "demand": 49256.0
        },
        "c77": {
            "x": 120,
            "y": 39,
            "demand": 40443.0
        },
        "c78": {
            "x": 72,
            "y": 43,
            "demand": 36006.0
        },
        "c79": {
            "x": 92,
            "y": 39,
            "demand": 35481.0
        },
        "c80": {
            "x": 123,
            "y": 47,
            "demand": 33840.0
        },
        "c81": {
            "x": 77,
            "y": 39,
            "demand": 33187.0
        },
        "c82": {
            "x": 76,
            "y": 39,
            "demand": 27630.0
        },
        "c83": {
            "x": 85,
            "y": 38,
            "demand": 25968.0
        },
        "c84": {
            "x": 112,
            "y": 47,
            "demand": 24569.0
        },
        "c85": {
            "x": 70,
            "y": 44,
            "demand": 21325.0
        },
        "c86": {
            "x": 100,
            "y": 44,
            "demand": 12906.0
        },
        "c87": {
            "x": 73,
            "y": 44,
            "demand": 8247.0
        }
    },
    "depots": {
        "d0": {
            "x": 74,
            "y": 41,
            "capacity": 25000000.0,
            "opening_cost": 189.6
        },
        "d1": {
            "x": 118,
            "y": 34,
            "capacity": 25000000.0,
            "opening_cost": 244.5
        },
        "d2": {
            "x": 88,
            "y": 42,
            "capacity": 25000000.0,
            "opening_cost": 78.7
        },
        "d3": {
            "x": 95,
            "y": 30,
            "capacity": 25000000.0,
            "opening_cost": 58.0
        },
        "d4": {
            "x": 75,
            "y": 40,
            "capacity": 25000000.0,
            "opening_cost": 49.4
        },
        "d5": {
            "x": 117,
            "y": 33,
            "capacity": 25000000.0,
            "opening_cost": 189.4
        },
        "d6": {
            "x": 83,
            "y": 42,
            "capacity": 25000000.0,
            "opening_cost": 25.6
        },
        "d7": {
            "x": 97,
            "y": 33,
            "capacity": 25000000.0,
            "opening_cost": 78.8
        }
    },
    "meta_data": {
        "nb_customers": 88,
        "nb_depots": 8,
        "vehicle_cap": 9000000.0,
        "vehicle_cost": 0,
        "cost_type": 1.0
    }
}