{
    "customers": {
        "c0": {
            "x": 3921,
            "y": 1238,
            "demand": 84.0
        },
        "c1": {
            "x": 3904,
            "y": 1240,
            "demand": 71.0
        },
        "c2": {
            "x": 3913,
            "y": 1250,
            "demand": 109.0
        },
        "c3": {
            "x": 4153,
            "y": 1214,
            "demand": 123.0
        },
        "c4": {
            "x": 4182,
            "y": 1225,
            "demand": 62.0
        },
        "c5": {
            "x": 4150,
            "y": 1206,
            "demand": 63.0
        },
        "c6": {
            "x": 4187,
            "y": 1322,
            "demand": 2.0
        },
        "c7": {
            "x": 4138,
            "y": 1196,
            "demand": 70.0
        },
        "c8": {
            "x": 4152,
            "y": 1218,
            "demand": 13.0
        },
        "c9": {
            "x": 4167,
            "y": 1218,
            "demand": 65.0
        },
        "c10": {
            "x": 4160,
            "y": 1219,
            "demand": 12.0
        },
        "c11": {
            "x": 4166,
            "y": 1212,
            "demand": 79.0
        },
        "c12": {
            "x": 4187,
            "y": 1327,
            "demand": 54.0
        },
        "c13": {
            "x": 3928,
            "y": 1276,
            "demand": 51.0
        },
        "c14": {
            "x": 4150,
            "y": 1195,
            "demand": 75.0
        },
        "c15": {
            "x": 4188,
            "y": 1324,
            "demand": 18.0
        },
        "c16": {
            "x": 4169,
            "y": 1193,
            "demand": 43.0
        },
        "c17": {
            "x": 4184,
            "y": 1227,
            "demand": 40.0
        },
        "c18": {
            "x": 4093,
            "y": 1227,
            "demand": 43.0
        },
        "c19": {
            "x": 4170,
            "y": 1205,
            "demand": 40.0
        },
        "c20": {
            "x": 4140,
            "y": 1207,
            "demand": 36.0
        },
        "c21": {
            "x": 4112,
            "y": 1191,
            "demand": 30.0
        },
        "c22": {
            "x": 4150,
            "y": 1196,
            "demand": 1.0
        },
        "c23": {
            "x": 4113,
            "y": 1271,
            "demand": 34.0
        },
        "c24": {
            "x": 4171,
            "y": 1224,
            "demand": 31.0
        },
        "c25": {
            "x": 4145,
            "y": 1178,
            "demand": 50.0
        },
        "c26": {
            "x": 4166,
            "y": 1213,
            "demand": 57.0
        },
        "c27": {
            "x": 3910,
            "y": 1248,
            "demand": 26.0
        },
        "c28": {
            "x": 4195,
            "y": 1205,
            "demand": 115.0
        },
        "c29": {
            "x": 4267,
            "y": 1054,
            "demand": 2.0
        },
        "c30": {
            "x": 4272,
            "y": 1053,
            "demand": 67.0
        },
        "c31": {
            "x": 4154,
            "y": 1156,
            "demand": 36.0
        },
        "c32": {
            "x": 4165,
            "y": 1144,
            "demand": 36.0
        },
        "c33": {
            "x": 4249,
            "y": 1058,
            "demand": 32.0
        },
        "c34": {
            "x": 4229,
            "y": 1129,
            "demand": 61.0
        },
        "c35": {
            "x": 4221,
            "y": 1049,
            "demand": 64.0
        },
        "c36": {
            "x": 4154,
            "y": 1157,
            "demand": 55.0
        },
        "c37": {
            "x": 4254,
            "y": 1057,
            "demand": 17.0
        },
        "c38": {
            "x": 4231,
            "y": 1114,
            "demand": 86.0
        },
        "c39": {
            "x": 4262,
            "y": 1080,
            "demand": 35.0
        },
        "c40": {
            "x": 4225,
            "y": 1004,
            "demand": 44.0
        },
        "c41": {
            "x": 4189,
            "y": 990,
            "demand": 63.0
        },
        "c42": {
            "x": 4185,
            "y": 1086,
            "demand": 33.0
        },
        "c43": {
            "x": 4184,
            "y": 1058,
            "demand": 18.0
        },
        "c44": {
            "x": 4272,
            "y": 1054,
            "demand": 1.0
        },
        "c45": {
            "x": 4195,
            "y": 1206,
            "demand": 6.0
        },
        "c46": {
            "x": 4305,
            "y": 1156,
            "demand": 36.0
        },
        "c47": {
            "x": 4203,
            "y": 1246,
            "demand": 69.0
        },
        "c48": {
            "x": 4313,
            "y": 1159,
            "demand": 247.0
        },
        "c49": {
            "x": 4386,
            "y": 1092,
            "demand": 1.0
        },
        "c50": {
            "x": 4213,
            "y": 1256,
            "demand": 94.0
        },
        "c51": {
            "x": 4217,
            "y": 1304,
            "demand": 87.0
        },
        "c52": {
            "x": 4242,
            "y": 1223,
            "demand": 64.0
        },
        "c53": {
            "x": 4229,
            "y": 1218,
            "demand": 2.0
        },
        "c54": {
            "x": 4374,
            "y": 1123,
            "demand": 18.0
        },
        "c55": {
            "x": 4248,
            "y": 1223,
            "demand": 41.0
        },
        "c56": {
            "x": 4234,
            "y": 1119,
            "demand": 56.0
        },
        "c57": {
            "x": 4379,
            "y": 1125,
            "demand": 33.0
        },
        "c58": {
            "x": 4376,
            "y": 1098,
            "demand": 64.0
        },
        "c59": {
            "x": 4391,
            "y": 1107,
            "demand": 35.0
        },
        "c60": {
            "x": 4386,
            "y": 1093,
            "demand": 72.0
        },
        "c61": {
            "x": 4209,
            "y": 1250,
            "demand": 56.0
        },
        "c62": {
            "x": 4201,
            "y": 1201,
            "demand": 131.0
        },
        "c63": {
            "x": 4201,
            "y": 1180,
            "demand": 66.0
        },
        "c64": {
            "x": 4212,
            "y": 1250,
            "demand": 2.0
        },
        "c65": {
            "x": 4382,
            "y": 1109,
            "demand": 32.0
        },
        "c66": {
            "x": 4368,
            "y": 1261,
            "demand": 4.0
        },
        "c67": {
            "x": 4368,
            "y": 1262,
            "demand": 273.0
        },
        "c68": {
            "x": 4541,
            "y": 992,
            "demand": 5.0
        },
        "c69": {
            "x": 4495,
            "y": 1077,
            "demand": 86.0
        },
        "c70": {
            "x": 4543,
            "y": 994,
            "demand": 6.0
        },
        "c71": {
            "x": 4478,
            "y": 1113,
            "demand": 137.0
        },
        "c72": {
            "x": 4470,
            "y": 1193,
            "demand": 57.0
        },
        "c73": {
            "x": 4450,
            "y": 1021,
            "demand": 25.0
        },
        "c74": {
            "x": 4550,
            "y": 1240,
            "demand": 45.0
        },
        "c75": {
            "x": 4474,
            "y": 1126,
            "demand": 47.0
        },
        "c76": {
            "x": 4478,
            "y": 1114,
            "demand": 4.0
        },
        "c77": {
            "x": 4476,
            "y": 1110,
            "demand": 34.0
        },
        "c78": {
            "x": 4541,
            "y": 991,
            "demand": 35.0
        },
        "c79": {
            "x": 4499,
            "y": 1250,
            "demand": 42.0
        },
        "c80": {
            "x": 4454,
            "y": 990,
            "demand": 111.0
        },
        "c81": {
            "x": 4303,
            "y": 941,
            "demand": 63.0
        },
        "c82": {
            "x": 4475,
            "y": 929,
            "demand": 8.0
        },
        "c83": {
            "x": 4380,
            "y": 1011,
            "demand": 3.0
        },
        "c84": {
            "x": 4266,
            "y": 990,
            "demand": 31.0
        },
        "c85": {
            "x": 4448,
            "y": 980,
            "demand": 28.0
        },
        "c86": {
            "x": 4279,
            "y": 1053,
            "demand": 73.0
        },
        "c87": {
            "x": 4393,
            "y": 1077,
            "demand": 64.0
        },
        "c88": {
            "x": 4347,
            "y": 954,
            "demand": 50.0
        },
        "c89": {
            "x": 4454,
            "y": 991,
            "demand": 1.0
        },
        "c90": {
            "x": 4410,
            "y": 963,
            "demand": 15.0
        },
        "c91": {
            "x": 4576,
            "y": 1015,
            "demand": 86.0
        },
        "c92": {
            "x": 4475,
            "y": 930,
            "demand": 29.0
        },
        "c93": {
            "x": 4360,
            "y": 835,
            "demand": 57.0
        },
        "c94": {
            "x": 4330,
            "y": 875,
            "demand": 124.0
        },
        "c95": {
            "x": 4469,
            "y": 803,
            "demand": 16.0
        },
        "c96": {
            "x": 4598,
            "y": 823,
            "demand": 100.0
        },
        "c97": {
            "x": 4391,
            "y": 803,
            "demand": 16.0
        },
        "c98": {
            "x": 4295,
            "y": 897,
            "demand": 45.0
        },
        "c99": {
            "x": 4270,
            "y": 895,
            "demand": 35.0
        },
        "c100": {
            "x": 4244,
            "y": 912,
            "demand": 106.0
        },
        "c101": {
            "x": 4255,
            "y": 929,
            "demand": 30.0
        },
        "c102": {
            "x": 4414,
            "y": 881,
            "demand": 11.0
        },
        "c103": {
            "x": 4390,
            "y": 804,
            "demand": 38.0
        },
        "c104": {
            "x": 4598,
            "y": 822,
            "demand": 5.0
        },
        "c105": {
            "x": 4329,
            "y": 861,
            "demand": 155.0
        },
        "c106": {
            "x": 4414,
            "y": 882,
            "demand": 27.0
        },
        "c107": {
            "x": 3921,
            "y": 1008,
            "demand": 33.0
        },
        "c108": {
            "x": 3935,
            "y": 1025,
            "demand": 142.0
        },
        "c109": {
            "x": 4011,
            "y": 1122,
            "demand": 55.0
        },
        "c110": {
            "x": 4001,
            "y": 1120,
            "demand": 273.0
        },
        "c111": {
            "x": 4011,
            "y": 1130,
            "demand": 176.0
        },
        "c112": {
            "x": 4010,
            "y": 1139,
            "demand": 158.0
        },
        "c113": {
            "x": 4127,
            "y": 1000,
            "demand": 70.0
        },
        "c114": {
            "x": 4083,
            "y": 1014,
            "demand": 15.0
        },
        "c115": {
            "x": 4048,
            "y": 1090,
            "demand": 220.0
        },
        "c116": {
            "x": 4126,
            "y": 1001,
            "demand": 106.0
        },
        "c117": {
            "x": 3999,
            "y": 1120,
            "demand": 114.0
        },
        "c118": {
            "x": 3931,
            "y": 1018,
            "demand": 166.0
        },
        "c119": {
            "x": 4001,
            "y": 1117,
            "demand": 18.0
        },
        "c120": {
            "x": 4020,
            "y": 1176,
            "demand": 45.0
        },
        "c121": {
            "x": 4022,
            "y": 1147,
            "demand": 47.0
        },
        "c122": {
            "x": 4021,
            "y": 1126,
            "demand": 8.0
        },
        "c123": {
            "x": 4005,
            "y": 1093,
            "demand": 2.0
        },
        "c124": {
            "x": 4005,
            "y": 1094,
            "demand": 21.0
        },
        "c125": {
            "x": 4239,
            "y": 934,
            "demand": 87.0
        },
        "c126": {
            "x": 3917,
            "y": 1010,
            "demand": 64.0
        },
        "c127": {
            "x": 3987,
            "y": 1021,
            "demand": 26.0
        },
        "c128": {
            "x": 3996,
            "y": 1047,
            "demand": 148.0
        },
        "c129": {
            "x": 4012,
            "y": 1137,
            "demand": 212.0
        },
        "c130": {
            "x": 4005,
            "y": 1026,
            "demand": 176.0
        },
        "c131": {
            "x": 3935,
            "y": 1026,
            "demand": 32.0
        },
        "c132": {
            "x": 4083,
            "y": 1015,
            "demand": 10.0
        },
        "c133": {
            "x": 3987,
            "y": 1022,
            "demand": 1.0
        }
    },
    "depots": {
        "d0": {
            "x": 4038,
            "y": 1323,
            "capacity": 3000.0,
            "opening_cost": 268.0
        },
        "d1": {
            "x": 4150,
            "y": 1164,
            "capacity": 3000.0,
            "opening_cost": 268.0
        },
        "d2": {
            "x": 3979,
            "y": 1118,
            "capacity": 3000.0,
            "opening_cost": 268.0
        },
        "d3": {
            "x": 4452,
            "y": 980,
            "capacity": 3000.0,
            "opening_cost": 268.0
        },
        "d4": {
            "x": 4280,
            "y": 934,
            "capacity": 3000.0,
            "opening_cost": 268.0
        },
        "d5": {
            "x": 4025,
            "y": 1009,
            "capacity": 3000.0,
            "opening_cost": 268.0
        },
        "d6": {
            "x": 4548,
            "y": 962,
            "capacity": 3000.0,
            "opening_cost": 268.0
        },
        "d7": {
            "x": 4594,
            "y": 1072,
            "capacity": 3000.0,
            "opening_cost": 268.0
        }
    },
    "meta_data": {
        "nb_customers": 134,
        "nb_depots": 8,
        "vehicle_cap": 850.0,
        "vehicle_cost": 0,
        "cost_type": 1.0
    }
}