{
    "customers": {
        "c0": {
            "x": 1272,
            "y": 1020,
            "demand": 17663.0
        },
        "c1": {
            "x": 1280,
            "y": 900,
            "demand": 21453.0
        },
        "c2": {
            "x": 1182,
            "y": 970,
            "demand": 35993.0
        },
        "c3": {
            "x": 590,
            "y": 1280,
            "demand": 4310.0
        },
        "c4": {
            "x": 1217,
            "y": 1165,
            "demand": 0.0
        },
        "c5": {
            "x": 1235,
            "y": 1080,
            "demand": 5053.0
        },
        "c6": {
            "x": 1080,
            "y": 1126,
            "demand": 2283.0
        },
        "c7": {
            "x": 1182,
            "y": 1200,
            "demand": 2497.0
        },
        "c8": {
            "x": 1110,
            "y": 960,
            "demand": 373.0
        },
        "c9": {
            "x": 1145,
            "y": 1313,
            "demand": 2920.0
        },
        "c10": {
            "x": 1187,
            "y": 768,
            "demand": 8467.0
        },
        "c11": {
            "x": 359,
            "y": 967,
            "demand": 3980.0
        },
        "c12": {
            "x": 1140,
            "y": 895,
            "demand": 420.0
        },
        "c13": {
            "x": 1300,
            "y": 792,
            "demand": 6110.0
        },
        "c14": {
            "x": 980,
            "y": 1160,
            "demand": 950.0
        },
        "c15": {
            "x": 1225,
            "y": 1090,
            "demand": 5847.0
        },
        "c16": {
            "x": 1075,
            "y": 595,
            "demand": 8543.0
        },
        "c17": {
            "x": 1180,
            "y": 962,
            "demand": 52567.0
        },
        "c18": {
            "x": 1230,
            "y": 1104,
            "demand": 8000.0
        },
        "c19": {
            "x": 1129,
            "y": 1400,
            "demand": 310.0
        },
        "c20": {
            "x": 814,
            "y": 782,
            "demand": 3437.0
        },
        "c21": {
            "x": 1176,
            "y": 955,
            "demand": 7.0
        },
        "c22": {
            "x": 363,
            "y": 700,
            "demand": 2497.0
        },
        "c23": {
            "x": 1182,
            "y": 1235,
            "demand": 8133.0
        },
        "c24": {
            "x": 1205,
            "y": 337,
            "demand": 5730.0
        },
        "c25": {
            "x": 1220,
            "y": 755,
            "demand": 2993.0
        },
        "c26": {
            "x": 1159,
            "y": 1432,
            "demand": 8247.0
        },
        "c27": {
            "x": 1220,
            "y": 1175,
            "demand": 2257.0
        },
        "c28": {
            "x": 1118,
            "y": 1010,
            "demand": 1143.0
        },
        "c29": {
            "x": 1092,
            "y": 983,
            "demand": 2510.0
        },
        "c30": {
            "x": 880,
            "y": 1012,
            "demand": 1920.0
        },
        "c31": {
            "x": 1231,
            "y": 1085,
            "demand": 3193.0
        },
        "c32": {
            "x": 1248,
            "y": 1027,
            "demand": 1477.0
        },
        "c33": {
            "x": 755,
            "y": 802,
            "demand": 0.0
        },
        "c34": {
            "x": 808,
            "y": 1402,
            "demand": 2840.0
        },
        "c35": {
            "x": 1145,
            "y": 715,
            "demand": 9333.0
        },
        "c36": {
            "x": 1325,
            "y": 770,
            "demand": 3330.0
        },
        "c37": {
            "x": 1217,
            "y": 1118,
            "demand": 8677.0
        },
        "c38": {
            "x": 1186,
            "y": 957,
            "demand": 10.0
        },
        "c39": {
            "x": 1329,
            "y": 696,
            "demand": 3570.0
        },
        "c40": {
            "x": 1336,
            "y": 743,
            "demand": 57.0
        },
        "c41": {
            "x": 1140,
            "y": 610,
            "demand": 10823.0
        },
        "c42": {
            "x": 1024,
            "y": 965,
            "demand": 2040.0
        },
        "c43": {
            "x": 1243,
            "y": 915,
            "demand": 1703.0
        },
        "c44": {
            "x": 1217,
            "y": 1190,
            "demand": 6417.0
        },
        "c45": {
            "x": 900,
            "y": 942,
            "demand": 14437.0
        },
        "c46": {
            "x": 880,
            "y": 1358,
            "demand": 14277.0
        },
        "c47": {
            "x": 978,
            "y": 872,
            "demand": 8467.0
        },
        "c48": {
            "x": 1156,
            "y": 1164,
            "demand": 1173.0
        },
        "c49": {
            "x": 1187,
            "y": 986,
            "demand": 570.0
        },
        "c50": {
            "x": 732,
            "y": 1038,
            "demand": 7623.0
        },
        "c51": {
            "x": 1269,
            "y": 901,
            "demand": 12440.0
        },
        "c52": {
            "x": 1146,
            "y": 937,
            "demand": 16667.0
        },
        "c53": {
            "x": 1140,
            "y": 885,
            "demand": 17.0
        },
        "c54": {
            "x": 1085,
            "y": 1230,
            "demand": 767.0
        },
        "c55": {
            "x": 1176,
            "y": 1288,
            "demand": 2897.0
        },
        "c56": {
            "x": 795,
            "y": 1044,
            "demand": 643.0
        },
        "c57": {
            "x": 1015,
            "y": 1137,
            "demand": 7083.0
        },
        "c58": {
            "x": 630,
            "y": 1432,
            "demand": 6200.0
        },
        "c59": {
            "x": 1130,
            "y": 1032,
            "demand": 3023.0
        },
        "c60": {
            "x": 1070,
            "y": 325,
            "demand": 3500.0
        },
        "c61": {
            "x": 960,
            "y": 978,
            "demand": 5330.0
        },
        "c62": {
            "x": 935,
            "y": 458,
            "demand": 2320.0
        },
        "c63": {
            "x": 1280,
            "y": 800,
            "demand": 3147.0
        },
        "c64": {
            "x": 1173,
            "y": 1181,
            "demand": 4980.0
        },
        "c65": {
            "x": 936,
            "y": 1238,
            "demand": 5867.0
        },
        "c66": {
            "x": 1231,
            "y": 1076,
            "demand": 1897.0
        },
        "c67": {
            "x": 1260,
            "y": 538,
            "demand": 4427.0
        },
        "c68": {
            "x": 1086,
            "y": 1200,
            "demand": 3.0
        },
        "c69": {
            "x": 976,
            "y": 1080,
            "demand": 300.0
        },
        "c70": {
            "x": 1062,
            "y": 1405,
            "demand": 3347.0
        },
        "c71": {
            "x": 1361,
            "y": 620,
            "demand": 4660.0
        },
        "c72": {
            "x": 1359,
            "y": 673,
            "demand": 1957.0
        },
        "c73": {
            "x": 1187,
            "y": 275,
            "demand": 1440.0
        },
        "c74": {
            "x": 1045,
            "y": 1035,
            "demand": 7140.0
        },
        "c75": {
            "x": 1137,
            "y": 919,
            "demand": 2793.0
        },
        "c76": {
            "x": 1245,
            "y": 740,
            "demand": 3300.0
        },
        "c77": {
            "x": 1156,
            "y": 1050,
            "demand": 4977.0
        },
        "c78": {
            "x": 1160,
            "y": 1326,
            "demand": 11897.0
        },
        "c79": {
            "x": 1170,
            "y": 466,
            "demand": 9893.0
        },
        "c80": {
            "x": 1205,
            "y": 959,
            "demand": 2413.0
        },
        "c81": {
            "x": 1235,
            "y": 93,
            "demand": 7433.0
        },
        "c82": {
            "x": 1236,
            "y": 1112,
            "demand": 3947.0
        },
        "c83": {
            "x": 1160,
            "y": 1035,
            "demand": 5723.0
        },
        "c84": {
            "x": 761,
            "y": 766,
            "demand": 147.0
        },
        "c85": {
            "x": 1130,
            "y": 1205,
            "demand": 3333.0
        },
        "c86": {
            "x": 1148,
            "y": 1178,
            "demand": 1000.0
        },
        "c87": {
            "x": 1217,
            "y": 784,
            "demand": 2147.0
        },
        "c88": {
            "x": 969,
            "y": 228,
            "demand": 633.0
        },
        "c89": {
            "x": 1300,
            "y": 770,
            "demand": 23163.0
        },
        "c90": {
            "x": 1182,
            "y": 956,
            "demand": 21830.0
        },
        "c91": {
            "x": 895,
            "y": 920,
            "demand": 26493.0
        },
        "c92": {
            "x": 1265,
            "y": 1020,
            "demand": 10000.0
        },
        "c93": {
            "x": 1171,
            "y": 960,
            "demand": 7843.0
        },
        "c94": {
            "x": 1087,
            "y": 735,
            "demand": 603.0
        },
        "c95": {
            "x": 1118,
            "y": 1036,
            "demand": 2270.0
        },
        "c96": {
            "x": 883,
            "y": 1058,
            "demand": 3293.0
        },
        "c97": {
            "x": 1003,
            "y": 1004,
            "demand": 5237.0
        },
        "c98": {
            "x": 1296,
            "y": 758,
            "demand": 2000.0
        },
        "c99": {
            "x": 90,
            "y": 993,
            "demand": 1660.0
        },
        "c100": {
            "x": 692,
            "y": 1930,
            "demand": 3143.0
        },
        "c101": {
            "x": 67,
            "y": 661,
            "demand": 5877.0
        },
        "c102": {
            "x": 82,
            "y": 1073,
            "demand": 1793.0
        },
        "c103": {
            "x": 125,
            "y": 1369,
            "demand": 190.0
        },
        "c104": {
            "x": 955,
            "y": 1718,
            "demand": 3150.0
        },
        "c105": {
            "x": 853,
            "y": 2110,
            "demand": 0.0
        },
        "c106": {
            "x": 844,
            "y": 1870,
            "demand": 1283.0
        },
        "c107": {
            "x": 888,
            "y": 2015,
            "demand": 3410.0
        },
        "c108": {
            "x": 136,
            "y": 1448,
            "demand": 8230.0
        },
        "c109": {
            "x": 81,
            "y": 1361,
            "demand": 1760.0
        },
        "c110": {
            "x": 72,
            "y": 699,
            "demand": 2370.0
        },
        "c111": {
            "x": 853,
            "y": 2128,
            "demand": 3880.0
        },
        "c112": {
            "x": 870,
            "y": 1998,
            "demand": 710.0
        },
        "c113": {
            "x": 907,
            "y": 2170,
            "demand": 5213.0
        },
        "c114": {
            "x": 887,
            "y": 2330,
            "demand": 573.0
        },
        "c115": {
            "x": 537,
            "y": 165,
            "demand": 5700.0
        },
        "c116": {
            "x": 400,
            "y": 136,
            "demand": 7537.0
        }
    },
    "depots": {
        "d0": {
            "x": 1180,
            "y": 962,
            "capacity": 300000.0,
            "opening_cost": 274.3
        },
        "d1": {
            "x": 1182,
            "y": 970,
            "capacity": 300000.0,
            "opening_cost": 440.1
        },
        "d2": {
            "x": 895,
            "y": 920,
            "capacity": 300000.0,
            "opening_cost": 535.1
        },
        "d3": {
            "x": 1300,
            "y": 770,
            "capacity": 300000.0,
            "opening_cost": 568.4
        },
        "d4": {
            "x": 1182,
            "y": 956,
            "capacity": 300000.0,
            "opening_cost": 581.7
        },
        "d5": {
            "x": 1280,
            "y": 900,
            "capacity": 300000.0,
            "opening_cost": 585.5
        },
        "d6": {
            "x": 1272,
            "y": 1020,
            "capacity": 300000.0,
            "opening_cost": 623.4
        },
        "d7": {
            "x": 1146,
            "y": 937,
            "capacity": 300000.0,
            "opening_cost": 633.4
        },
        "d8": {
            "x": 900,
            "y": 942,
            "capacity": 300000.0,
            "opening_cost": 655.6
        },
        "d9": {
            "x": 880,
            "y": 1358,
            "capacity": 300000.0,
            "opening_cost": 657.7
        },
        "d10": {
            "x": 1269,
            "y": 901,
            "capacity": 300000.0,
            "opening_cost": 675.6
        },
        "d11": {
            "x": 1160,
            "y": 1326,
            "capacity": 300000.0,
            "opening_cost": 681.0
        },
        "d12": {
            "x": 1140,
            "y": 610,
            "capacity": 300000.0,
            "opening_cost": 691.8
        },
        "d13": {
            "x": 1265,
            "y": 1020,
            "capacity": 300000.0,
            "opening_cost": 700.0
        }
    },
    "meta_data": {
        "nb_customers": 117,
        "nb_depots": 14,
        "vehicle_cap": 150000.0,
        "vehicle_cost": 0,
        "cost_type": 1.0
    }
}