{
    "customers": {
        "c0": {
            "x": 1990.0,
            "y": 5152.0,
            "demand": 7393809.0
        },
        "c1": {
            "x": 3338.0,
            "y": 5252.0,
            "demand": 3289537.0
        },
        "c2": {
            "x": 1629.0,
            "y": 4042.0,
            "demand": 2905108.0
        },
        "c3": {
            "x": 3250.0,
            "y": 4189.0,
            "demand": 2649459.0
        },
        "c4": {
            "x": 2234.0,
            "y": 4886.0,
            "demand": 2113003.0
        },
        "c5": {
            "x": 3000.0,
            "y": 5355.0,
            "demand": 1688267.0
        },
        "c6": {
            "x": 3637.0,
            "y": 4822.0,
            "demand": 1543498.0
        },
        "c7": {
            "x": 2217.0,
            "y": 4140.0,
            "demand": 1497666.0
        },
        "c8": {
            "x": 2919.0,
            "y": 4548.0,
            "demand": 1302045.0
        },
        "c9": {
            "x": 3807.0,
            "y": 5933.0,
            "demand": 1239057.0
        },
        "c10": {
            "x": 3158.0,
            "y": 4814.0,
            "demand": 1161053.0
        },
        "c11": {
            "x": 3257.0,
            "y": 5568.0,
            "demand": 1096056.0
        },
        "c12": {
            "x": 1375.0,
            "y": 5333.0,
            "demand": 993279.0
        },
        "c13": {
            "x": 3427.0,
            "y": 4085.0,
            "demand": 992711.0
        },
        "c14": {
            "x": 1809.0,
            "y": 5248.0,
            "demand": 985858.0
        },
        "c15": {
            "x": 2697.0,
            "y": 5095.0,
            "demand": 966829.0
        },
        "c16": {
            "x": 2435.0,
            "y": 5084.0,
            "demand": 958816.0
        },
        "c17": {
            "x": 2768.0,
            "y": 4508.0,
            "demand": 898434.0
        },
        "c18": {
            "x": 2537.0,
            "y": 4331.0,
            "demand": 815086.0
        },
        "c19": {
            "x": 3075.0,
            "y": 5991.0,
            "demand": 787447.0
        },
        "c20": {
            "x": 4372.0,
            "y": 3798.0,
            "demand": 757441.0
        },
        "c21": {
            "x": 1961.0,
            "y": 3948.0,
            "demand": 741945.0
        },
        "c22": {
            "x": 2489.0,
            "y": 5237.0,
            "demand": 719518.0
        },
        "c23": {
            "x": 1402.0,
            "y": 3740.0,
            "demand": 704488.0
        },
        "c24": {
            "x": 3336.0,
            "y": 3812.0,
            "demand": 684792.0
        },
        "c25": {
            "x": 2868.0,
            "y": 5012.0,
            "demand": 645529.0
        },
        "c26": {
            "x": 2893.0,
            "y": 4442.0,
            "demand": 628840.0
        },
        "c27": {
            "x": 1573.0,
            "y": 5587.0,
            "demand": 609383.0
        },
        "c28": {
            "x": 1911.0,
            "y": 4165.0,
            "demand": 607018.0
        },
        "c29": {
            "x": 2700.0,
            "y": 5147.0,
            "demand": 589863.0
        },
        "c30": {
            "x": 2448.0,
            "y": 5193.0,
            "demand": 589077.0
        },
        "c31": {
            "x": 2748.0,
            "y": 5151.0,
            "demand": 588292.0
        },
        "c32": {
            "x": 2919.0,
            "y": 4879.0,
            "demand": 575426.0
        },
        "c33": {
            "x": 4494.0,
            "y": 6017.0,
            "demand": 574662.0
        },
        "c34": {
            "x": 2679.0,
            "y": 5124.0,
            "demand": 568314.0
        },
        "c35": {
            "x": 1086.0,
            "y": 3872.0,
            "demand": 558139.0
        },
        "c36": {
            "x": 1558.0,
            "y": 3672.0,
            "demand": 539294.0
        },
        "c37": {
            "x": 2881.0,
            "y": 5308.0,
            "demand": 528153.0
        },
        "c38": {
            "x": 2675.0,
            "y": 5143.0,
            "demand": 517661.0
        },
        "c39": {
            "x": 2973.0,
            "y": 5240.0,
            "demand": 516780.0
        },
        "c40": {
            "x": 3201.0,
            "y": 5772.0,
            "demand": 503710.0
        },
        "c41": {
            "x": 3105.0,
            "y": 4945.0,
            "demand": 486771.0
        },
        "c42": {
            "x": 1701.0,
            "y": 5342.0,
            "demand": 466629.0
        },
        "c43": {
            "x": 2428.0,
            "y": 5208.0,
            "demand": 444358.0
        },
        "c44": {
            "x": 2483.0,
            "y": 4576.0,
            "demand": 444085.0
        },
        "c45": {
            "x": 2442.0,
            "y": 5122.0,
            "demand": 444068.0
        },
        "c46": {
            "x": 1852.0,
            "y": 5339.0,
            "demand": 421807.0
        },
        "c47": {
            "x": 1845.0,
            "y": 5381.0,
            "demand": 420316.0
        },
        "c48": {
            "x": 3374.0,
            "y": 5105.0,
            "demand": 413617.0
        },
        "c49": {
            "x": 3240.0,
            "y": 5135.0,
            "demand": 409807.0
        },
        "c50": {
            "x": 1740.0,
            "y": 5146.0,
            "demand": 409310.0
        },
        "c51": {
            "x": 4295.0,
            "y": 4064.0,
            "demand": 407815.0
        },
        "c52": {
            "x": 2145.0,
            "y": 4362.0,
            "demand": 406192.0
        },
        "c53": {
            "x": 1775.0,
            "y": 5348.0,
            "demand": 394307.0
        },
        "c54": {
            "x": 2720.0,
            "y": 5148.0,
            "demand": 387603.0
        },
        "c55": {
            "x": 1678.0,
            "y": 5595.0,
            "demand": 380505.0
        },
        "c56": {
            "x": 3134.0,
            "y": 4450.0,
            "demand": 380250.0
        },
        "c57": {
            "x": 3124.0,
            "y": 4378.0,
            "demand": 375480.0
        },
        "c58": {
            "x": 2718.0,
            "y": 5126.0,
            "demand": 368589.0
        },
        "c59": {
            "x": 1887.0,
            "y": 3798.0,
            "demand": 366319.0
        },
        "c60": {
            "x": 457.0,
            "y": 2810.0,
            "demand": 365968.0
        },
        "c61": {
            "x": 1707.0,
            "y": 4325.0,
            "demand": 351115.0
        },
        "c62": {
            "x": 2265.0,
            "y": 3957.0,
            "demand": 350654.0
        },
        "c63": {
            "x": 3508.0,
            "y": 3750.0,
            "demand": 337834.0
        },
        "c64": {
            "x": 2727.0,
            "y": 4370.0,
            "demand": 334120.0
        },
        "c65": {
            "x": 2854.0,
            "y": 4738.0,
            "demand": 333447.0
        },
        "c66": {
            "x": 3687.0,
            "y": 4112.0,
            "demand": 331739.0
        },
        "c67": {
            "x": 2853.0,
            "y": 5203.0,
            "demand": 322016.0
        },
        "c68": {
            "x": 1526.0,
            "y": 4165.0,
            "demand": 319380.0
        },
        "c69": {
            "x": 1887.0,
            "y": 5264.0,
            "demand": 319081.0
        },
        "c70": {
            "x": 1523.0,
            "y": 3788.0,
            "demand": 316079.0
        },
        "c71": {
            "x": 2710.0,
            "y": 5073.0,
            "demand": 311761.0
        },
        "c72": {
            "x": 1964.0,
            "y": 5375.0,
            "demand": 309144.0
        },
        "c73": {
            "x": 2847.0,
            "y": 4950.0,
            "demand": 305918.0
        },
        "c74": {
            "x": 1850.0,
            "y": 5242.0,
            "demand": 295042.0
        },
        "c75": {
            "x": 1825.0,
            "y": 5380.0,
            "demand": 290384.0
        },
        "c76": {
            "x": 1129.0,
            "y": 4222.0,
            "demand": 287790.0
        },
        "c77": {
            "x": 1952.0,
            "y": 3835.0,
            "demand": 283571.0
        },
        "c78": {
            "x": 1682.0,
            "y": 5148.0,
            "demand": 279538.0
        },
        "c79": {
            "x": 1843.0,
            "y": 4723.0,
            "demand": 278840.0
        },
        "c80": {
            "x": 2711.0,
            "y": 5151.0,
            "demand": 278059.0
        },
        "c81": {
            "x": 2840.0,
            "y": 4900.0,
            "demand": 277487.0
        },
        "c82": {
            "x": 3233.0,
            "y": 4543.0,
            "demand": 272086.0
        },
        "c83": {
            "x": 1882.0,
            "y": 5297.0,
            "demand": 271387.0
        },
        "c84": {
            "x": 2776.0,
            "y": 4858.0,
            "demand": 270455.0
        },
        "c85": {
            "x": 1433.0,
            "y": 4353.0,
            "demand": 268286.0
        },
        "c86": {
            "x": 1781.0,
            "y": 5301.0,
            "demand": 266662.0
        },
        "c87": {
            "x": 2642.0,
            "y": 5120.0,
            "demand": 266426.0
        },
        "c88": {
            "x": 2823.0,
            "y": 5008.0,
            "demand": 266019.0
        },
        "c89": {
            "x": 2762.0,
            "y": 5196.0,
            "demand": 265514.0
        },
        "c90": {
            "x": 1138.0,
            "y": 4115.0,
            "demand": 263562.0
        },
        "c91": {
            "x": 3555.0,
            "y": 3819.0,
            "demand": 259033.0
        },
        "c92": {
            "x": 1785.0,
            "y": 5259.0,
            "demand": 258113.0
        },
        "c93": {
            "x": 3099.0,
            "y": 4544.0,
            "demand": 256108.0
        },
        "c94": {
            "x": 3292.0,
            "y": 5083.0,
            "demand": 256064.0
        },
        "c95": {
            "x": 1407.0,
            "y": 5460.0,
            "demand": 255118.0
        },
        "c96": {
            "x": 3089.0,
            "y": 4836.0,
            "demand": 252342.0
        },
        "c97": {
            "x": 1584.0,
            "y": 5038.0,
            "demand": 249899.0
        },
        "c98": {
            "x": 3196.0,
            "y": 5148.0,
            "demand": 245267.0
        },
        "c99": {
            "x": 1641.0,
            "y": 3717.0,
            "demand": 244899.0
        },
        "c100": {
            "x": 3302.0,
            "y": 5561.0,
            "demand": 243991.0
        },
        "c101": {
            "x": 3051.0,
            "y": 5227.0,
            "demand": 242390.0
        },
        "c102": {
            "x": 1158.0,
            "y": 4333.0,
            "demand": 241039.0
        },
        "c103": {
            "x": 2609.0,
            "y": 5077.0,
            "demand": 240251.0
        },
        "c104": {
            "x": 2210.0,
            "y": 4135.0,
            "demand": 238886.0
        },
        "c105": {
            "x": 2655.0,
            "y": 5133.0,
            "demand": 238207.0
        },
        "c106": {
            "x": 2511.0,
            "y": 5210.0,
            "demand": 232814.0
        },
        "c107": {
            "x": 3012.0,
            "y": 5432.0,
            "demand": 231702.0
        },
        "c108": {
            "x": 3162.0,
            "y": 5213.0,
            "demand": 229952.0
        },
        "c109": {
            "x": 2387.0,
            "y": 4361.0,
            "demand": 229368.0
        },
        "c110": {
            "x": 1850.0,
            "y": 5292.0,
            "demand": 227917.0
        },
        "c111": {
            "x": 4466.0,
            "y": 6021.0,
            "demand": 224423.0
        },
        "c112": {
            "x": 3542.0,
            "y": 4708.0,
            "demand": 223028.0
        },
        "c113": {
            "x": 1902.0,
            "y": 5145.0,
            "demand": 222675.0
        },
        "c114": {
            "x": 2372.0,
            "y": 5104.0,
            "demand": 222442.0
        },
        "c115": {
            "x": 2686.0,
            "y": 5147.0,
            "demand": 221902.0
        },
        "c116": {
            "x": 375.0,
            "y": 2847.0,
            "demand": 220744.0
        },
        "c117": {
            "x": 3021.0,
            "y": 5616.0,
            "demand": 219012.0
        },
        "c118": {
            "x": 1733.0,
            "y": 4285.0,
            "demand": 218385.0
        },
        "c119": {
            "x": 1942.0,
            "y": 4484.0,
            "demand": 216552.0
        },
        "c120": {
            "x": 3377.0,
            "y": 4565.0,
            "demand": 214511.0
        },
        "c121": {
            "x": 3066.0,
            "y": 5387.0,
            "demand": 213209.0
        },
        "c122": {
            "x": 3187.0,
            "y": 4541.0,
            "demand": 211498.0
        },
        "c123": {
            "x": 1859.0,
            "y": 5091.0,
            "demand": 211484.0
        },
        "c124": {
            "x": 1832.0,
            "y": 4811.0,
            "demand": 211033.0
        },
        "c125": {
            "x": 2224.0,
            "y": 4145.0,
            "demand": 209549.0
        },
        "c126": {
            "x": 3724.0,
            "y": 4048.0,
            "demand": 207753.0
        },
        "c127": {
            "x": 2746.0,
            "y": 5137.0,
            "demand": 205494.0
        },
        "c128": {
            "x": 2785.0,
            "y": 4799.0,
            "demand": 202977.0
        },
        "c129": {
            "x": 2547.0,
            "y": 5144.0,
            "demand": 201287.0
        },
        "c130": {
            "x": 2445.0,
            "y": 5042.0,
            "demand": 200997.0
        },
        "c131": {
            "x": 1417.0,
            "y": 4335.0,
            "demand": 200663.0
        },
        "c132": {
            "x": 2534.0,
            "y": 6038.0,
            "demand": 200550.0
        },
        "c133": {
            "x": 1932.0,
            "y": 3827.0,
            "demand": 199781.0
        },
        "c134": {
            "x": 4376.0,
            "y": 6152.0,
            "demand": 199196.0
        },
        "c135": {
            "x": 1612.0,
            "y": 4032.0,
            "demand": 198391.0
        },
        "c136": {
            "x": 1792.0,
            "y": 5250.0,
            "demand": 195932.0
        },
        "c137": {
            "x": 3103.0,
            "y": 5099.0,
            "demand": 195073.0
        },
        "c138": {
            "x": 2948.0,
            "y": 5132.0,
            "demand": 194646.0
        },
        "c139": {
            "x": 2507.0,
            "y": 5157.0,
            "demand": 193428.0
        },
        "c140": {
            "x": 3210.0,
            "y": 5409.0,
            "demand": 193319.0
        },
        "c141": {
            "x": 3022.0,
            "y": 4555.0,
            "demand": 192138.0
        },
        "c142": {
            "x": 1835.0,
            "y": 4282.0,
            "demand": 191939.0
        },
        "c143": {
            "x": 2826.0,
            "y": 5000.0,
            "demand": 190591.0
        },
        "c144": {
            "x": 2012.0,
            "y": 4950.0,
            "demand": 189687.0
        },
        "c145": {
            "x": 4364.0,
            "y": 3794.0,
            "demand": 189005.0
        },
        "c146": {
            "x": 1790.0,
            "y": 5715.0,
            "demand": 188302.0
        },
        "c147": {
            "x": 1153.0,
            "y": 5190.0,
            "demand": 187621.0
        },
        "c148": {
            "x": 1840.0,
            "y": 5500.0,
            "demand": 187241.0
        },
        "c149": {
            "x": 1387.0,
            "y": 3668.0,
            "demand": 186032.0
        }
    },
    "depots": {
        "d0": {
            "x": 1990.0,
            "y": 5152.0,
            "capacity": 30000000.0,
            "opening_cost": 5000.0
        },
        "d1": {
            "x": 3338.0,
            "y": 5252.0,
            "capacity": 30000000.0,
            "opening_cost": 5000.0
        },
        "d2": {
            "x": 1629.0,
            "y": 4042.0,
            "capacity": 30000000.0,
            "opening_cost": 5000.0
        },
        "d3": {
            "x": 3250.0,
            "y": 4189.0,
            "capacity": 30000000.0,
            "opening_cost": 5000.0
        },
        "d4": {
            "x": 2234.0,
            "y": 4886.0,
            "capacity": 30000000.0,
            "opening_cost": 5000.0
        },
        "d5": {
            "x": 3000.0,
            "y": 5355.0,
            "capacity": 30000000.0,
            "opening_cost": 5000.0
        },
        "d6": {
            "x": 3637.0,
            "y": 4822.0,
            "capacity": 30000000.0,
            "opening_cost": 5000.0
        },
        "d7": {
            "x": 2217.0,
            "y": 4140.0,
            "capacity": 30000000.0,
            "opening_cost": 5000.0
        },
        "d8": {
            "x": 2919.0,
            "y": 4548.0,
            "capacity": 30000000.0,
            "opening_cost": 5000.0
        },
        "d9": {
            "x": 3807.0,
            "y": 5933.0,
            "capacity": 30000000.0,
            "opening_cost": 5000.0
        }
    },
    "meta_data": {
        "nb_customers": 150,
        "nb_depots": 10,
        "vehicle_cap": 8000000.0,
        "vehicle_cost": 0.0,
        "cost_type": 1.0
    }
}