{
    "customers": {
        "c0": {
            "x": 295,
            "y": 272,
            "demand": 125.0
        },
        "c1": {
            "x": 301,
            "y": 258,
            "demand": 84.0
        },
        "c2": {
            "x": 309,
            "y": 260,
            "demand": 60.0
        },
        "c3": {
            "x": 217,
            "y": 274,
            "demand": 500.0
        },
        "c4": {
            "x": 218,
            "y": 278,
            "demand": 300.0
        },
        "c5": {
            "x": 282,
            "y": 267,
            "demand": 175.0
        },
        "c6": {
            "x": 242,
            "y": 249,
            "demand": 350.0
        },
        "c7": {
            "x": 230,
            "y": 262,
            "demand": 150.0
        },
        "c8": {
            "x": 249,
            "y": 268,
            "demand": 1100.0
        },
        "c9": {
            "x": 256,
            "y": 267,
            "demand": 4100.0
        },
        "c10": {
            "x": 265,
            "y": 257,
            "demand": 225.0
        },
        "c11": {
            "x": 267,
            "y": 242,
            "demand": 300.0
        },
        "c12": {
            "x": 259,
            "y": 265,
            "demand": 250.0
        },
        "c13": {
            "x": 315,
            "y": 233,
            "demand": 500.0
        },
        "c14": {
            "x": 329,
            "y": 252,
            "demand": 150.0
        },
        "c15": {
            "x": 318,
            "y": 252,
            "demand": 100.0
        },
        "c16": {
            "x": 329,
            "y": 224,
            "demand": 250.0
        },
        "c17": {
            "x": 267,
            "y": 213,
            "demand": 120.0
        },
        "c18": {
            "x": 275,
            "y": 192,
            "demand": 600.0
        },
        "c19": {
            "x": 303,
            "y": 201,
            "demand": 500.0
        },
        "c20": {
            "x": 208,
            "y": 217,
            "demand": 175.0
        },
        "c21": {
            "x": 326,
            "y": 181,
            "demand": 75.0
        }
    },
    "depots": {
        "d0": {
            "x": 244,
            "y": 248,
            "capacity": 15000.0,
            "opening_cost": 50.0
        },
        "d1": {
            "x": 263,
            "y": 218,
            "capacity": 15000.0,
            "opening_cost": 50.0
        },
        "d2": {
            "x": 234,
            "y": 210,
            "capacity": 15000.0,
            "opening_cost": 50.0
        },
        "d3": {
            "x": 225,
            "y": 246,
            "capacity": 15000.0,
            "opening_cost": 50.0
        },
        "d4": {
            "x": 320,
            "y": 221,
            "capacity": 15000.0,
            "opening_cost": 50.0
        }
    },
    "meta_data": {
        "nb_customers": 22,
        "nb_depots": 5,
        "vehicle_cap": 4500.0,
        "vehicle_cost": 0,
        "cost_type": 1.0
    }
}