{
    "customers": {
        "c0": {
            "x": 3873,
            "y": 1165,
            "demand": 550.0
        },
        "c1": {
            "x": 3915,
            "y": 1225,
            "demand": 810.0
        },
        "c2": {
            "x": 3928,
            "y": 1274,
            "demand": 210.0
        },
        "c3": {
            "x": 4145,
            "y": 1176,
            "demand": 210.0
        },
        "c4": {
            "x": 4163,
            "y": 1214,
            "demand": 350.0
        },
        "c5": {
            "x": 4170,
            "y": 1206,
            "demand": 200.0
        },
        "c6": {
            "x": 3926,
            "y": 1274,
            "demand": 350.0
        },
        "c7": {
            "x": 3926,
            "y": 1275,
            "demand": 200.0
        },
        "c8": {
            "x": 3983,
            "y": 1167,
            "demand": 310.0
        },
        "c9": {
            "x": 3965,
            "y": 1169,
            "demand": 500.0
        },
        "c10": {
            "x": 3966,
            "y": 1150,
            "demand": 430.0
        },
        "c11": {
            "x": 4266,
            "y": 1261,
            "demand": 300.0
        },
        "c12": {
            "x": 4263,
            "y": 1259,
            "demand": 250.0
        },
        "c13": {
            "x": 4242,
            "y": 1226,
            "demand": 250.0
        },
        "c14": {
            "x": 4211,
            "y": 1249,
            "demand": 300.0
        },
        "c15": {
            "x": 4234,
            "y": 1120,
            "demand": 290.0
        },
        "c16": {
            "x": 4233,
            "y": 1121,
            "demand": 350.0
        },
        "c17": {
            "x": 4376,
            "y": 1358,
            "demand": 500.0
        },
        "c18": {
            "x": 4348,
            "y": 1327,
            "demand": 120.0
        },
        "c19": {
            "x": 4364,
            "y": 1276,
            "demand": 150.0
        },
        "c20": {
            "x": 4551,
            "y": 1240,
            "demand": 410.0
        },
        "c21": {
            "x": 4329,
            "y": 876,
            "demand": 250.0
        },
        "c22": {
            "x": 4329,
            "y": 863,
            "demand": 380.0
        },
        "c23": {
            "x": 4268,
            "y": 1053,
            "demand": 100.0
        },
        "c24": {
            "x": 4129,
            "y": 1002,
            "demand": 130.0
        },
        "c25": {
            "x": 4004,
            "y": 1095,
            "demand": 200.0
        },
        "c26": {
            "x": 3995,
            "y": 1048,
            "demand": 310.0
        }
    },
    "depots": {
        "d0": {
            "x": 4033,
            "y": 1316,
            "capacity": 9000.0,
            "opening_cost": 272.0
        },
        "d1": {
            "x": 4121,
            "y": 1250,
            "capacity": 9000.0,
            "opening_cost": 272.0
        },
        "d2": {
            "x": 3953,
            "y": 1207,
            "capacity": 9000.0,
            "opening_cost": 272.0
        },
        "d3": {
            "x": 3993,
            "y": 1054,
            "capacity": 9000.0,
            "opening_cost": 272.0
        },
        "d4": {
            "x": 4525,
            "y": 926,
            "capacity": 9000.0,
            "opening_cost": 272.0
        }
    },
    "meta_data": {
        "nb_customers": 27,
        "nb_depots": 5,
        "vehicle_cap": 2500.0,
        "vehicle_cost": 0,
        "cost_type": 1.0
    }
}