{
    "customers": {
        "c0": {
            "x": 20,
            "y": 20,
            "demand": 25.0
        },
        "c1": {
            "x": 20,
            "y": 30,
            "demand": 25.0
        },
        "c2": {
            "x": 20,
            "y": 40,
            "demand": 25.0
        },
        "c3": {
            "x": 20,
            "y": 50,
            "demand": 25.0
        },
        "c4": {
            "x": 20,
            "y": 60,
            "demand": 25.0
        },
        "c5": {
            "x": 20,
            "y": 70,
            "demand": 25.0
        },
        "c6": {
            "x": 30,
            "y": 20,
            "demand": 25.0
        },
        "c7": {
            "x": 30,
            "y": 30,
            "demand": 25.0
        },
        "c8": {
            "x": 30,
            "y": 40,
            "demand": 25.0
        },
        "c9": {
            "x": 30,
            "y": 50,
            "demand": 25.0
        },
        "c10": {
            "x": 30,
            "y": 60,
            "demand": 25.0
        },
        "c11": {
            "x": 30,
            "y": 70,
            "demand": 25.0
        },
        "c12": {
            "x": 40,
            "y": 20,
            "demand": 25.0
        },
        "c13": {
            "x": 40,
            "y": 30,
            "demand": 25.0
        },
        "c14": {
            "x": 40,
            "y": 40,
            "demand": 25.0
        },
        "c15": {
            "x": 40,
            "y": 50,
            "demand": 25.0
        },
        "c16": {
            "x": 40,
            "y": 60,
            "demand": 25.0
        },
        "c17": {
            "x": 40,
            "y": 70,
            "demand": 25.0
        },
        "c18": {
            "x": 50,
            "y": 20,
            "demand": 25.0
        },
        "c19": {
            "x": 50,
            "y": 30,
            "demand": 25.0
        },
        "c20": {
            "x": 50,
            "y": 40,
            "demand": 25.0
        },
        "c21": {
            "x": 50,
            "y": 50,
            "demand": 25.0
        },
        "c22": {
            "x": 50,
            "y": 60,
            "demand": 25.0
        },
        "c23": {
            "x": 50,
            "y": 70,
            "demand": 25.0
        },
        "c24": {
            "x": 60,
            "y": 20,
            "demand": 25.0
        },
        "c25": {
            "x": 60,
            "y": 30,
            "demand": 25.0
        },
        "c26": {
            "x": 60,
            "y": 40,
            "demand": 25.0
        },
        "c27": {
            "x": 60,
            "y": 50,
            "demand": 25.0
        },
        "c28": {
            "x": 60,
            "y": 60,
            "demand": 25.0
        },
        "c29": {
            "x": 60,
            "y": 70,
            "demand": 25.0
        },
        "c30": {
            "x": 70,
            "y": 20,
            "demand": 25.0
        },
        "c31": {
            "x": 70,
            "y": 30,
            "demand": 25.0
        },
        "c32": {
            "x": 70,
            "y": 40,
            "demand": 25.0
        },
        "c33": {
            "x": 70,
            "y": 50,
            "demand": 25.0
        },
        "c34": {
            "x": 70,
            "y": 60,
            "demand": 25.0
        },
        "c35": {
            "x": 70,
            "y": 70,
            "demand": 25.0
        }
    },
    "depots": {
        "d0": {
            "x": 30,
            "y": 46,
            "capacity": 15000.0,
            "opening_cost": 50.0
        },
        "d1": {
            "x": 37,
            "y": 39,
            "capacity": 15000.0,
            "opening_cost": 50.0
        },
        "d2": {
            "x": 23,
            "y": 43,
            "capacity": 15000.0,
            "opening_cost": 50.0
        },
        "d3": {
            "x": 56,
            "y": 38,
            "capacity": 15000.0,
            "opening_cost": 50.0
        },
        "d4": {
            "x": 42,
            "y": 43,
            "capacity": 15000.0,
            "opening_cost": 50.0
        }
    },
    "meta_data": {
        "nb_customers": 36,
        "nb_depots": 5,
        "vehicle_cap": 250.0,
        "vehicle_cost": 0,
        "cost_type": 1.0
    }
}