{
    "customers": {
        "c0": {
            "x": 298,
            "y": 427,
            "demand": 700.0
        },
        "c1": {
            "x": 309,
            "y": 445,
            "demand": 400.0
        },
        "c2": {
            "x": 307,
            "y": 464,
            "demand": 400.0
        },
        "c3": {
            "x": 336,
            "y": 475,
            "demand": 1200.0
        },
        "c4": {
            "x": 320,
            "y": 439,
            "demand": 40.0
        },
        "c5": {
            "x": 321,
            "y": 437,
            "demand": 80.0
        },
        "c6": {
            "x": 322,
            "y": 437,
            "demand": 2000.0
        },
        "c7": {
            "x": 323,
            "y": 433,
            "demand": 900.0
        },
        "c8": {
            "x": 324,
            "y": 433,
            "demand": 600.0
        },
        "c9": {
            "x": 323,
            "y": 429,
            "demand": 750.0
        },
        "c10": {
            "x": 314,
            "y": 435,
            "demand": 1500.0
        },
        "c11": {
            "x": 311,
            "y": 442,
            "demand": 150.0
        },
        "c12": {
            "x": 304,
            "y": 427,
            "demand": 250.0
        },
        "c13": {
            "x": 293,
            "y": 421,
            "demand": 1600.0
        },
        "c14": {
            "x": 296,
            "y": 418,
            "demand": 450.0
        },
        "c15": {
            "x": 261,
            "y": 384,
            "demand": 700.0
        },
        "c16": {
            "x": 297,
            "y": 410,
            "demand": 550.0
        },
        "c17": {
            "x": 315,
            "y": 407,
            "demand": 650.0
        },
        "c18": {
            "x": 314,
            "y": 406,
            "demand": 200.0
        },
        "c19": {
            "x": 321,
            "y": 391,
            "demand": 400.0
        },
        "c20": {
            "x": 321,
            "y": 398,
            "demand": 300.0
        },
        "c21": {
            "x": 314,
            "y": 394,
            "demand": 1300.0
        },
        "c22": {
            "x": 313,
            "y": 378,
            "demand": 700.0
        },
        "c23": {
            "x": 304,
            "y": 382,
            "demand": 750.0
        },
        "c24": {
            "x": 295,
            "y": 402,
            "demand": 1400.0
        },
        "c25": {
            "x": 283,
            "y": 406,
            "demand": 4000.0
        },
        "c26": {
            "x": 279,
            "y": 399,
            "demand": 600.0
        },
        "c27": {
            "x": 271,
            "y": 401,
            "demand": 1000.0
        },
        "c28": {
            "x": 264,
            "y": 414,
            "demand": 500.0
        },
        "c29": {
            "x": 277,
            "y": 439,
            "demand": 2500.0
        },
        "c30": {
            "x": 290,
            "y": 434,
            "demand": 1700.0
        },
        "c31": {
            "x": 319,
            "y": 433,
            "demand": 1100.0
        }
    },
    "depots": {
        "d0": {
            "x": 264,
            "y": 435,
            "capacity": 35000.0,
            "opening_cost": 50.0
        },
        "d1": {
            "x": 323,
            "y": 413,
            "capacity": 35000.0,
            "opening_cost": 50.0
        },
        "d2": {
            "x": 285,
            "y": 427,
            "capacity": 35000.0,
            "opening_cost": 50.0
        },
        "d3": {
            "x": 278,
            "y": 424,
            "capacity": 35000.0,
            "opening_cost": 50.0
        },
        "d4": {
            "x": 266,
            "y": 422,
            "capacity": 35000.0,
            "opening_cost": 50.0
        }
    },
    "meta_data": {
        "nb_customers": 32,
        "nb_depots": 5,
        "vehicle_cap": 11000.0,
        "vehicle_cost": 0,
        "cost_type": 1.0
    }
}