USE InterTrain;

INSERT INTO Cliente
(NrCliente, Nome, Sexo, DN, CC, NIF, Telefone, Email, Password) VALUES
(1,'Lígia Napoleão Barrocas','F',DATE('1979-09-03'),'84540663','902426160','904400412','isabellehc_spears@outlook.com','uATuu56gsStrN44'),
(2,'Eliseu Celeste Castelo Branco','M',DATE('1975-08-05'),'32431999','926913817','996924604','lsah_57@hotmail.com','3db3Wlysm0vY3Zx'),
(3,'Morgana Cássia Figueira','F',DATE('1994-05-14'),'40399458','799959330','928886272','concepcion.skt@aol.com','Cjvy27dAudBpvfC'),
(4,'Margarida Neuza Marins','F',DATE('1976-02-18'),'64774557','786597535','904170913','justine_mb_webb.8@outlook.com','vsvzciESEMvLINb'),
(5,'Laurinda Hermígio Ramos','F',DATE('1983-10-10'),'11149975','912696983','994444394','alice.kc_oneill@yahoo.com','ncPBFzbbo14K5rK'),
(6,'Bráulio Almerinda Toscano','M',DATE('1991-07-27'),'98601893','270240829','951866420','myrnabm.bryan_82@gmx.com','QvYRSO86RrJEk8z'),
(7,'Norberto Gláuber Graça','M',DATE('1982-04-27'),'81717392','257338047','958345592','lora_54@gmail.com','XOIZcH6job6hFU4'),
(8,'Evandro Bartolomeu Freiria','M',DATE('1971-04-08'),'42374448','218438287','979537118','lessie_bhp95@gmx.com','ZCwP7m5btGTIJSs'),
(9,'Alzira Priscila Bulhões','F',DATE('2004-08-20'),'48458901','105771613','971320505','sybilwar.42@gmx.com','Ns2F2WYH2joiehz'),
(10,'Nádia Carlota Vilarinho','F',DATE('1973-09-14'),'15247220','360560802','973864829','ilavmg_60@gmx.com','5XKCVSu037lCwRf');


INSERT INTO Comboio
(idComboio, Tipo, Carruagens) VALUES
(1,'Alfa Pendular',3),
(2,'Intercidades',3),
(3,'Alfa Pendular',2);

INSERT INTO Lugar
(Nr, Carruagem, Classe, Mesa, Janela, Tomada, Comboio) VALUES
(1,1,1,FALSE,TRUE,FALSE,1),
(2,1,2,TRUE,FALSE,FALSE,1),
(3,1,2,FALSE,FALSE,TRUE,1),
(4,1,2,FALSE,TRUE,TRUE,1),
(5,1,2,TRUE,FALSE,FALSE,1),
(1,2,2,TRUE,TRUE,TRUE,1),
(2,2,1,TRUE,TRUE,FALSE,1),
(3,2,2,TRUE,FALSE,TRUE,1),
(4,2,2,FALSE,TRUE,FALSE,1),
(5,2,2,FALSE,FALSE,TRUE,1),
(1,3,2,TRUE,TRUE,TRUE,1),
(2,3,1,FALSE,TRUE,TRUE,1),
(3,3,2,FALSE,TRUE,TRUE,1),
(4,3,1,TRUE,FALSE,FALSE,1),
(5,3,2,FALSE,TRUE,FALSE,1),
(1,1,2,TRUE,TRUE,TRUE,2),
(2,1,2,FALSE,FALSE,TRUE,2),
(3,1,2,TRUE,TRUE,TRUE,2),
(4,1,1,FALSE,TRUE,FALSE,2),
(5,1,2,FALSE,TRUE,TRUE,2),
(1,2,2,FALSE,TRUE,FALSE,2),
(2,2,2,FALSE,TRUE,FALSE,2),
(3,2,2,FALSE,TRUE,FALSE,2),
(4,2,2,TRUE,TRUE,FALSE,2),
(5,2,2,TRUE,FALSE,TRUE,2),
(1,3,2,FALSE,TRUE,TRUE,2),
(2,3,1,TRUE,FALSE,FALSE,2),
(3,3,2,FALSE,TRUE,TRUE,2),
(4,3,2,FALSE,TRUE,FALSE,2),
(5,3,1,TRUE,TRUE,TRUE,2),
(1,1,2,TRUE,TRUE,FALSE,3),
(2,1,1,FALSE,FALSE,TRUE,3),
(3,1,2,FALSE,TRUE,TRUE,3),
(4,1,2,TRUE,TRUE,FALSE,3),
(5,1,1,TRUE,TRUE,TRUE,3),
(1,2,1,TRUE,TRUE,TRUE,3),
(2,2,2,TRUE,FALSE,FALSE,3),
(3,2,2,FALSE,TRUE,FALSE,3),
(4,2,2,TRUE,TRUE,FALSE,3),
(5,2,2,TRUE,FALSE,FALSE,3);


INSERT INTO Viagem
(idViagem, Data, Preco, HoraOrigem, LocalidadeOrigem, HoraDestino, LocalidadeDestino, Comboio) VALUES
(1,DATE('2016-11-27'),36.40,'02:40:00','Braga','07:00:00','Binefar',2),
(2,DATE('2017-08-08'),79.48,'17:10:00','Elda','00:00:00','Meze',3),
(3,DATE('2017-12-15'),165.37,'15:30:00','Viana do Castelo','06:00:00','Estepa',1),
(4,DATE('2017-05-15'),126.30,'11:00:00','Braga','16:00:00','Madrid',3),
(5,DATE('2017-10-03'),58.42,'18:40:00','Hendaye','00:11:27.103248','Albacete',2),
(6,DATE('2016-08-03'),58.42,'03:00:00','Hendaye','06:30:00','Albacete',3),
(7,DATE('2016-02-25'),131.89,'00:28:00','Tudela de Duero','01:28:00','Madrid',2),
(8,DATE('2017-05-18'),20.00,'18:45:00','Porto','20:05:00','Lisboa',1);

INSERT INTO Reserva
(idReserva, DataEmissao, Desconto, NrLugar, Carruagem, Viagem, Cliente) VALUES
(1,DATE('2016-11-15'),50,2,2,1,7),
(2,DATE('2016-11-26'),0,5,2,1,4),
(3,DATE('2016-11-22'),50,3,1,1,1),
(4,DATE('2016-11-21'),0,4,3,1,10),
(5,DATE('2016-11-16'),0,3,2,1,6),
(6,DATE('2016-11-22'),25,1,3,1,8),
(7,DATE('2016-11-20'),0,2,3,1,5),
(8,DATE('2016-11-25'),25,3,3,1,9),
(9,DATE('2016-11-19'),0,5,3,1,2),
(10,DATE('2017-08-07'),0,2,2,2,9),
(11,DATE('2017-08-07'),0,3,2,2,6),
(12,DATE('2017-08-08'),25,2,1,2,8),
(13,DATE('2017-07-25'),0,1,2,2,5),
(14,DATE('2017-07-26'),50,3,1,2,7),
(15,DATE('2017-07-30'),0,4,1,2,10),
(16,DATE('2017-07-27'),0,5,2,2,2),
(17,DATE('2017-08-06'),0,5,1,2,3),
(18,DATE('2017-08-03'),50,4,2,2,4),
(19,DATE('2017-08-01'),25,1,1,2,1),
(20,DATE('2017-12-02'),25,3,3,3,3),
(21,DATE('2017-12-10'),25,4,3,3,1),
(22,DATE('2017-12-13'),25,1,1,3,4),
(23,DATE('2017-12-08'),25,2,2,3,8),
(24,DATE('2017-12-01'),25,4,1,3,9),
(25,DATE('2017-12-10'),25,2,3,3,10),
(26,DATE('2017-12-03'),0,2,1,3,2),
(27,DATE('2017-12-12'),25,1,2,3,7),
(28,DATE('2017-12-10'),0,1,3,3,6),
(29,DATE('2017-12-15'),25,5,3,3,5),
(30,DATE('2017-05-13'),0,4,2,4,10),
(31,DATE('2017-05-10'),0,5,2,4,8),
(32,DATE('2017-05-12'),0,1,2,4,2),
(33,DATE('2017-05-08'),0,2,1,4,5),
(34,DATE('2017-05-12'),25,4,1,4,6),
(35,DATE('2017-05-11'),0,3,1,4,3),
(36,DATE('2017-05-04'),50,3,2,4,1),
(37,DATE('2017-05-14'),25,5,1,4,7),
(38,DATE('2017-05-07'),25,2,2,4,9),
(39,DATE('2017-09-29'),25,5,3,5,5),
(40,DATE('2017-09-28'),25,1,1,5,1),
(41,DATE('2017-09-29'),25,5,2,5,7),
(42,DATE('2017-09-24'),25,5,1,5,6),
(43,DATE('2016-07-29'),0,2,2,6,9),
(44,DATE('2016-02-22'),0,5,2,7,8),
(45,DATE('2016-02-23'),0,4,3,7,9),
(46,DATE('2016-02-25'),0,5,3,7,1),
(47,DATE('2016-02-23'),25,4,1,7,7),
(48,DATE('2016-02-16'),0,2,3,7,2),
(49,DATE('2016-02-15'),0,1,1,7,6),
(50,DATE('2016-02-16'),0,3,3,7,4),
(51,DATE('2017-05-04'),0,4,2,8,10),
(52,DATE('2017-05-16'),0,4,3,8,6),
(53,DATE('2017-05-12'),25,5,2,8,5),
(54,DATE('2017-05-09'),0,3,2,8,8),
(55,DATE('2017-05-04'),0,5,3,8,1);
